image_path,source,merchant,address,date,total,items_text,text,category,category_3class
dataset/temp_cord/image/receipt_00000.png,CORD,,,,1591600.00,"Nasi Campur Bali (x 1), Bbk Bengil Nasi (x 1), MilkShake Starwb (x 1), Ice Lemon Tea (x 1), Nasi Ayam Dewata (x 1), Free Ice Tea (x 3), Organic Green Sa (x 1), Ice Tea (x 1), Ice Orange (x 1), Ayam Suir Bali (x 1), Tahu Goreng (x 2), Tempe Goreng (x 2), Tahu Telor Asin (x 1), Nasi Goreng Samb (x 1), Bbk Panggang Sam (x 3), Ayam Sambal Hija (x 1), Hot Tea (x 2), Ice Kopi (x 1), Tahu Telor Asin (x 1), Free Ice Tea (x 1), Bebek Street (x 1), Ice Tea Tawar (x 1)","Nasi Campur Bali (x 1), Bbk Bengil Nasi (x 1), MilkShake Starwb (x 1), Ice Lemon Tea (x 1), Nasi Ayam Dewata (x 1), Free Ice Tea (x 3), Organic Green Sa (x 1), Ice Tea (x 1), Ice Orange (x 1), Ayam Suir Bali (x 1), Tahu Goreng (x 2), Tempe Goreng (x 2), Tahu Telor Asin (x 1), Nasi Goreng Samb (x 1), Bbk Panggang Sam (x 3), Ayam Sambal Hija (x 1), Hot Tea (x 2), Ice Kopi (x 1), Tahu Telor Asin (x 1), Free Ice Tea (x 1), Bebek Street (x 1), Ice Tea Tawar (x 1)",restaurant,Food & Beverage
dataset/temp_cord/image/receipt_00001.png,CORD,,,,580965.00,"SPGTHY BOLOGNASE (1), PEPPER AUS (1), WAGYU RIBEYE (1), ICED LEMON TEA (1), FUSION TEA LYCHE (1), NUTTELA BROWNIES (1)","SPGTHY BOLOGNASE (1), PEPPER AUS (1), WAGYU RIBEYE (1), ICED LEMON TEA (1), FUSION TEA LYCHE (1), NUTTELA BROWNIES (1)",restaurant,Food & Beverage
dataset/temp_cord/image/receipt_00002.png,CORD,,,,334000.00,"HAKAU UDANG (4), SIAO MAI BABI (4), CEKER AYAM (3), BAKPAO BKR C CRISPY (2), TAHU GORENG CRISPY (3)","HAKAU UDANG (4), SIAO MAI BABI (4), CEKER AYAM (3), BAKPAO BKR C CRISPY (2), TAHU GORENG CRISPY (3)",restaurant,General Retail
dataset/temp_cord/image/receipt_00003.png,CORD,,,,302016.00,"Bintang Bremer (1), Chicken H-H (1), Ades (1)","Bintang Bremer (1), Chicken H-H (1), Ades (1)",restaurant,Food & Beverage
dataset/temp_cord/image/receipt_00005.png,CORD,,,,261333.00,"Lasagna (1), Spaghetti ChickPesto (1), BangBang Chick Wings (1), Iced Cappuccino (1), Gypsy Gelato Ice Tea (1)","Lasagna (1), Spaghetti ChickPesto (1), BangBang Chick Wings (1), Iced Cappuccino (1), Gypsy Gelato Ice Tea (1)",restaurant,Food & Beverage
dataset/temp_cord/image/receipt_00006.png,CORD,,,,61799.00,"BASO TAHU (1), ES JERUK (1)","BASO TAHU (1), ES JERUK (1)",restaurant,General Retail
dataset/temp_cord/image/receipt_00008.png,CORD,,,,36.00,"Kimchi P (1x), Fre ice grentea (1x)","Kimchi P (1x), Fre ice grentea (1x)",restaurant,Food & Beverage
dataset/temp_cord/image/receipt_00011.png,CORD,,,,250107.00,"Ayam Bakar (2), Nasi Putih (2), Nila Bakar/Goreng (1), Sop Gurame (1), Teh Poci (1)","Ayam Bakar (2), Nasi Putih (2), Nila Bakar/Goreng (1), Sop Gurame (1), Teh Poci (1)",restaurant,Food & Beverage
dataset/temp_cord/image/receipt_00012.png,CORD,,,,96000.00,"NASI + AYAM KATSU TER... (1), TEH PANAS (1), ES TEH MANIS (1), CH CORDON BLEU NASI (1)","NASI + AYAM KATSU TER... (1), TEH PANAS (1), ES TEH MANIS (1), CH CORDON BLEU NASI (1)",restaurant,Food & Beverage
dataset/temp_cord/image/receipt_00013.png,CORD,,,,247775.00,"BLACK PEPPER MEATBALL (1), GREEN TEA WITH CRUMBLE (1), EARL GREY MILK TEA (1), ORIGINAL BREWED TEA (1)","BLACK PEPPER MEATBALL (1), GREEN TEA WITH CRUMBLE (1), EARL GREY MILK TEA (1), ORIGINAL BREWED TEA (1)",restaurant,Food & Beverage
dataset/temp_cord/image/receipt_00014.png,CORD,,,,25.00,"4005-Maple glazed (x1), 6001-Plastic Bag Small (x1)","4005-Maple glazed (x1), 6001-Plastic Bag Small (x1)",restaurant,General Retail
dataset/temp_cord/image/receipt_00015.png,CORD,,,,304326.00,"BLACK PEPPER MEATBALL (1), QUARTO FORMANGGI PASTA (1), GREEN TEA WITH CRUMBLE (1), ORIGINAL BREWED TEA (2)","BLACK PEPPER MEATBALL (1), QUARTO FORMANGGI PASTA (1), GREEN TEA WITH CRUMBLE (1), ORIGINAL BREWED TEA (2)",restaurant,Food & Beverage
dataset/temp_cord/image/receipt_00017.png,CORD,,,,24500.00,"RB. COKLAT BAR (1), RB. CREPES TUNA (1), RB. SISIR PANDAN (1)","RB. COKLAT BAR (1), RB. CREPES TUNA (1), RB. SISIR PANDAN (1)",restaurant,General Retail
dataset/temp_cord/image/receipt_00019.png,CORD,,,,1565938.00,"UDANG RE (2), AYM GR JUN NJAN (1), SAPO TH SEAFOOD (1), POCAI 3 (2), GURAME FILLET M ASAM MANIS (1), BIHUN GORENG JJ (1), ICED TEA (5), NASI PUTIH (7)","UDANG RE (2), AYM GR JUN NJAN (1), SAPO TH SEAFOOD (1), POCAI 3 (2), GURAME FILLET M ASAM MANIS (1), BIHUN GORENG JJ (1), ICED TEA (5), NASI PUTIH (7)",restaurant,Food & Beverage
dataset/temp_cord/image/receipt_00020.png,CORD,,,,26950.00,"BUBUR UNGU, SENDOK BEBEK, WAJIK, CENTIK MANIS, PLASTIK SEDANG","BUBUR UNGU, SENDOK BEBEK, WAJIK, CENTIK MANIS, PLASTIK SEDANG",restaurant,General Retail
dataset/temp_cord/image/receipt_00021.png,CORD,,,,44.00,"1001-Choco Bun (x1), 2001-Hokkaido Milk Toast (x1), 6002-Plastic Bag Medium (x1)","1001-Choco Bun (x1), 2001-Hokkaido Milk Toast (x1), 6002-Plastic Bag Medium (x1)",restaurant,Food & Beverage
dataset/temp_cord/image/receipt_00024.png,CORD,,,,48.00,"1001-Choco Bun (x1), 1032-Double Cheddar (x1), 6002-Plastic Bag Medium (x1)","1001-Choco Bun (x1), 1032-Double Cheddar (x1), 6002-Plastic Bag Medium (x1)",restaurant,General Retail
dataset/temp_cord/image/receipt_00029.png,CORD,,,,226500.00,"AMBUSH DBL CHS BURG (11), AMBUSH CHS BURGER (4), TAKE AWAY CHARGE (1)","AMBUSH DBL CHS BURG (11), AMBUSH CHS BURGER (4), TAKE AWAY CHARGE (1)",restaurant,Food & Beverage
dataset/temp_cord/image/receipt_00030.png,CORD,,,,9000.00,"VANDOOLEN, PLASTIK 25","VANDOOLEN, PLASTIK 25",restaurant,General Retail
dataset/temp_cord/image/receipt_00031.png,CORD,,,,31500.00,"Chicken HCC, 1Pcs (1), Colonel Burger (1)","Chicken HCC, 1Pcs (1), Colonel Burger (1)",restaurant,Food & Beverage
dataset/temp_cord/image/receipt_00033.png,CORD,,,,10200.00,"AREM - AREM (1X), LEMPER (1X), PLASTIK KECIL (1X)","AREM - AREM (1X), LEMPER (1X), PLASTIK KECIL (1X)",restaurant,General Retail
dataset/temp_cord/image/receipt_00036.png,CORD,,,,599955.00,"GONG GIBAB (1), BO SSAM (1), HAEMUL DENJANG JJIGAE (1), MULNAENGMYO N (1)","GONG GIBAB (1), BO SSAM (1), HAEMUL DENJANG JJIGAE (1), MULNAENGMYO N (1)",restaurant,General Retail
dataset/temp_cord/image/receipt_00040.png,CORD,,,,125334.00,"BURGER CHIC DECKER (1), Home Made Lemonade (1)","BURGER CHIC DECKER (1), Home Made Lemonade (1)",restaurant,Food & Beverage
dataset/temp_cord/image/receipt_00043.png,CORD,,,,60999.00,"Nutella Cheese (1), Toblerone BanCheese (1)","Nutella Cheese (1), Toblerone BanCheese (1)",restaurant,General Retail
dataset/temp_cord/image/receipt_00044.png,CORD,,,,282000.00,"CHOCO PUFF (1), CREAMY BEEF CLS FTC (1), NEW ORIENTAL CHK RICE (1), LIPTON PITCHER (1), SC/P SUPER SUPREME (1), CB/P BLACK PEPP BEEF (1)","CHOCO PUFF (1), CREAMY BEEF CLS FTC (1), NEW ORIENTAL CHK RICE (1), LIPTON PITCHER (1), SC/P SUPER SUPREME (1), CB/P BLACK PEPP BEEF (1)",restaurant,Food & Beverage
dataset/temp_cord/image/receipt_00045.png,CORD,,,,22.00,"1 (2), Large *Plastik Kcl (1)","1 (2), Large *Plastik Kcl (1)",restaurant,General Retail
dataset/temp_cord/image/receipt_00048.png,CORD,,,,73.45,"Jamur Crispy (2), Nasi Putih (2), Sambel Kecap (2), Es Teh (2)","Jamur Crispy (2), Nasi Putih (2), Sambel Kecap (2), Es Teh (2)",restaurant,Food & Beverage
dataset/temp_cord/image/receipt_00050.png,CORD,,,,33000.00,"CHO MOUSSE, GRAPE JELLY","CHO MOUSSE, GRAPE JELLY",restaurant,General Retail
dataset/temp_cord/image/receipt_00051.png,CORD,,,,33.00,"Kopi Susu Sudirman (1x), Chocolate Twist (1x)","Kopi Susu Sudirman (1x), Chocolate Twist (1x)",restaurant,General Retail
dataset/temp_cord/image/receipt_00052.png,CORD,,,,30000.00,"RTD Kunyit (1), Tepung Jagung (1)","RTD Kunyit (1), Tepung Jagung (1)",restaurant,General Retail
dataset/temp_cord/image/receipt_00053.png,CORD,,,,36.00,SHOPPING BAG ROTI'O' 370/M (1),SHOPPING BAG ROTI'O' 370/M (1),restaurant,General Retail
dataset/temp_cord/image/receipt_00054.png,CORD,,,,29000.00,"KFC Winger HC (1), Rice (1)","KFC Winger HC (1), Rice (1)",restaurant,Food & Beverage
dataset/temp_cord/image/receipt_00056.png,CORD,,,,54.60,"BASO TAHU (1), NASI PUTIH (1)","BASO TAHU (1), NASI PUTIH (1)",restaurant,Food & Beverage
dataset/temp_cord/image/receipt_00057.png,CORD,,,,39000.00,"PL. MUFFIN BLUEBERRY (1), RB. ABON AYAM (1), RB. COKLAT COFFEE (1), RB. RED BEAN (1)","PL. MUFFIN BLUEBERRY (1), RB. ABON AYAM (1), RB. COKLAT COFFEE (1), RB. RED BEAN (1)",restaurant,Food & Beverage
dataset/temp_cord/image/receipt_00058.png,CORD,,,,35.00,"ROTI KEJU COKLAT (x1), ROTI MAHKOTA/RING (x1), ROTI KACANG MERAH (x1), ROTI COKLAT (x1)","ROTI KEJU COKLAT (x1), ROTI MAHKOTA/RING (x1), ROTI KACANG MERAH (x1), ROTI COKLAT (x1)",restaurant,General Retail
dataset/temp_cord/image/receipt_00059.png,CORD,,,,25000.00,"CHICKEN KATSU (1), TORI NASU HASAMI AGE (1)","CHICKEN KATSU (1), TORI NASU HASAMI AGE (1)",restaurant,Food & Beverage
dataset/temp_cord/image/receipt_00060.png,CORD,,,,161.00,"Mineral Water (S) (1), Pocky Chocolate (1), Nerds Strw Grape (1), Nerds Trop Punch (1), Nerds Watermelon (1)","Mineral Water (S) (1), Pocky Chocolate (1), Nerds Strw Grape (1), Nerds Trop Punch (1), Nerds Watermelon (1)",restaurant,General Retail
dataset/temp_cord/image/receipt_00063.png,CORD,,,,23600.00,"PIS COK KEJU, COKLAT KEJU, BANANA KISMIS","PIS COK KEJU, COKLAT KEJU, BANANA KISMIS",restaurant,General Retail
dataset/temp_cord/image/receipt_00064.png,CORD,,,,262000.00,"BOTOL(MOMOGI BOTOL KACA ASI), SPECTRA BREAST DISPOSABLE PADS (IRIS) / BP-0001 (BREASTPADS), MUSTELA BABY OIL 100ML","BOTOL(MOMOGI BOTOL KACA ASI), SPECTRA BREAST DISPOSABLE PADS (IRIS) / BP-0001 (BREASTPADS), MUSTELA BABY OIL 100ML",restaurant,General Retail
dataset/temp_cord/image/receipt_00065.png,CORD,,,,650100.00,"NASI PUTIH (6), SATE PADANG (1), GULAI CUMI (1), DENDENG BALADO (4), KERUPUK KULIT (3), RENDANG DAGING (1), GULAI HATI (1), MUJAIR BAKAR (1), GULAI OTAK (1), AYAM BAKAR (1), SAMBAL TRI BELAH (1), LALAP SEGAR (3), AYAM PENYET (1), AYAM GORENG (2), AYAM POP (2), GULAI TUNJANG (2), TEH (6), TERONG BELANDA (1), TEH TELUR (1), PUDING (2)","NASI PUTIH (6), SATE PADANG (1), GULAI CUMI (1), DENDENG BALADO (4), KERUPUK KULIT (3), RENDANG DAGING (1), GULAI HATI (1), MUJAIR BAKAR (1), GULAI OTAK (1), AYAM BAKAR (1), SAMBAL TRI BELAH (1), LALAP SEGAR (3), AYAM PENYET (1), AYAM GORENG (2), AYAM POP (2), GULAI TUNJANG (2), TEH (6), TERONG BELANDA (1), TEH TELUR (1), PUDING (2)",restaurant,Food & Beverage
dataset/temp_cord/image/receipt_00066.png,CORD,,,,57.90,"ISI CAMPUR (1), AQUA BOTOL (1)","ISI CAMPUR (1), AQUA BOTOL (1)",restaurant,General Retail
dataset/temp_cord/image/receipt_00068.png,CORD,,,,113000.00,"Berry Many-Low (P) (1), 500 days of summer (P) (1), sun kissed (P) (1), PLASTIC BAG (1)","Berry Many-Low (P) (1), 500 days of summer (P) (1), sun kissed (P) (1), PLASTIC BAG (1)",restaurant,General Retail
dataset/temp_cord/image/receipt_00069.png,CORD,,,,23000.00,"SAUSAGE DONUT (1), CHOCO DONUT PRETZEL (1)","SAUSAGE DONUT (1), CHOCO DONUT PRETZEL (1)",restaurant,General Retail
dataset/temp_cord/image/receipt_00070.png,CORD,,,,178200.00,"CAPTAIN HOOK (1), PIRATES TREASURE (1)","CAPTAIN HOOK (1), PIRATES TREASURE (1)",restaurant,General Retail
dataset/temp_cord/image/receipt_00072.png,CORD,,,,28.00,"2011-Whole wheat Katamari (x1), 6001-Plastic Bag Small (x1)","2011-Whole wheat Katamari (x1), 6001-Plastic Bag Small (x1)",restaurant,General Retail
dataset/temp_cord/image/receipt_00075.png,CORD,,,,337230.00,"PAKET DOSIRAK 3 (1), PAKET CHICKEN 3 (3), JAPCHE (1), KOREAN LEMONADE (1), KOREAN COLD TEA (1), PAKET BULGOGI 3 (1), BANANA MLK+MATCHA PU (2), KRN FRIED CHICKN HNY (1)","PAKET DOSIRAK 3 (1), PAKET CHICKEN 3 (3), JAPCHE (1), KOREAN LEMONADE (1), KOREAN COLD TEA (1), PAKET BULGOGI 3 (1), BANANA MLK+MATCHA PU (2), KRN FRIED CHICKN HNY (1)",restaurant,Food & Beverage
dataset/temp_cord/image/receipt_00077.png,CORD,,,,118100.00,"KP BRANDING L (1), M/POKO STD XXL5 (1), FOOT 6 (2), CIPAIN PATCH 4S (3)","KP BRANDING L (1), M/POKO STD XXL5 (1), FOOT 6 (2), CIPAIN PATCH 4S (3)",restaurant,General Retail
dataset/temp_cord/image/receipt_00079.png,CORD,,,,25000.00,"Silky Green Tea (1x), Silky Hazelnut (1x)","Silky Green Tea (1x), Silky Hazelnut (1x)",restaurant,Food & Beverage
dataset/temp_cord/image/receipt_00083.png,CORD,,,,101.00,"ICED White (1), Mexican Baked Rice (1)","ICED White (1), Mexican Baked Rice (1)",restaurant,Food & Beverage
dataset/temp_cord/image/receipt_00084.png,CORD,,,,31.00,"Large 1 (1), Pastry Keju (1)","Large 1 (1), Pastry Keju (1)",restaurant,General Retail
dataset/temp_cord/image/receipt_00085.png,CORD,,,,57.20,"Round Wagyu (1gr) (118), Wagyu Rice Box (1)","Round Wagyu (1gr) (118), Wagyu Rice Box (1)",restaurant,Food & Beverage
dataset/temp_cord/image/receipt_00088.png,CORD,,,,50039.00,"KUE PILUS ASIN (80), KACANG MEDAN (95)","KUE PILUS ASIN (80), KACANG MEDAN (95)",restaurant,General Retail
dataset/temp_cord/image/receipt_00091.png,CORD,,,,24000.00,"CHOCO CUSTARD PASTRY (1), CARAMEL PASTRY (1)","CHOCO CUSTARD PASTRY (1), CARAMEL PASTRY (1)",restaurant,General Retail
dataset/temp_cord/image/receipt_00092.png,CORD,,,,25000.00,"ORIGINAL, APPLE CINN","ORIGINAL, APPLE CINN",restaurant,General Retail
dataset/temp_cord/image/receipt_00093.png,CORD,,,,85000.00,"NUMER CANDLE NO.1 (1), NUMER CANDLE NO.2 (1), GANACHE MOUSSE PIECE (2)","NUMER CANDLE NO.1 (1), NUMER CANDLE NO.2 (1), GANACHE MOUSSE PIECE (2)",restaurant,General Retail
dataset/temp_cord/image/receipt_00094.png,CORD,,,,38.00,"4002-Chocolate Orange Peel (x2), 6001-Plastic Bag Small (x1)","4002-Chocolate Orange Peel (x2), 6001-Plastic Bag Small (x1)",restaurant,General Retail
dataset/temp_cord/image/receipt_00098.png,CORD,,,,25900.00,"WALL'S FEAST CKLT.65 (1), CMPN TROPICANA.CHO75 (1), MAGNUM WHT ALMND 80 (1)","WALL'S FEAST CKLT.65 (1), CMPN TROPICANA.CHO75 (1), MAGNUM WHT ALMND 80 (1)",restaurant,General Retail
dataset/temp_cord/image/receipt_00099.png,CORD,,,,45000.00,"S-Ovaltine Macchiat (1X), S-Hazelnut Milk Tea (1X)","S-Ovaltine Macchiat (1X), S-Hazelnut Milk Tea (1X)",restaurant,Food & Beverage
dataset/temp_cord/image/receipt_00103.png,CORD,,,,1096040.00,"IKAN GURAME MED SOP IKAN (1), CUMI GR JUNJAN =*MEDIUM*= (1), CUMI GR TEPUNG =*MEDIUM*= (1), AGSIO TH PC JMR =*MEDIUM*= (1), POCAI BWG PUTIH =*MEDIUM*= (1), LUMPIA UDG PREM =*MEDIUM*= (1), NASI PUTIH (6), HOT TEA (3), AQUA (1), ICED TEA (2), ICED TEA (1)","IKAN GURAME MED SOP IKAN (1), CUMI GR JUNJAN =*MEDIUM*= (1), CUMI GR TEPUNG =*MEDIUM*= (1), AGSIO TH PC JMR =*MEDIUM*= (1), POCAI BWG PUTIH =*MEDIUM*= (1), LUMPIA UDG PREM =*MEDIUM*= (1), NASI PUTIH (6), HOT TEA (3), AQUA (1), ICED TEA (2), ICED TEA (1)",restaurant,Food & Beverage
dataset/temp_cord/image/receipt_00104.png,CORD,,,,61.50,"KOPI SUSU (1), KOPI SUSU (1), NASI GORENG (1), BAKPIA KACANG H (1)","KOPI SUSU (1), KOPI SUSU (1), NASI GORENG (1), BAKPIA KACANG H (1)",restaurant,Food & Beverage
dataset/temp_cord/image/receipt_00106.png,CORD,,,,48001.00,"Toblerone BanCheese (1), Roast Beef Crepes (1)","Toblerone BanCheese (1), Roast Beef Crepes (1)",restaurant,General Retail
dataset/temp_cord/image/receipt_00107.png,CORD,,,,22000.00,"Cheezemania (1), Mamamia (1)","Cheezemania (1), Mamamia (1)",restaurant,General Retail
dataset/temp_cord/image/receipt_00109.png,CORD,,,,35.00,"1069-ROTI KEJU COKLAT (x1), 1037-ROTI MAHKOTA/RING (x1), 1022-ROTI KACANG MERAH (x1), 1001-ROTI COKLAT (x1)","1069-ROTI KEJU COKLAT (x1), 1037-ROTI MAHKOTA/RING (x1), 1022-ROTI KACANG MERAH (x1), 1001-ROTI COKLAT (x1)",restaurant,General Retail
dataset/temp_cord/image/receipt_00111.png,CORD,,,,72600.00,"OCHA (1), CHIC NAMBAN BENTO (1)","OCHA (1), CHIC NAMBAN BENTO (1)",restaurant,General Retail
dataset/temp_cord/image/receipt_00112.png,CORD,,,,20000.00,"Fish Ball (1), Fried Siomay (1)","Fish Ball (1), Fried Siomay (1)",restaurant,General Retail
dataset/temp_cord/image/receipt_00115.png,CORD,,,,44500.00,"Kupon 9, Kupon 1, LARGE ICED LEMON TEA","Kupon 9, Kupon 1, LARGE ICED LEMON TEA",restaurant,Food & Beverage
dataset/temp_cord/image/receipt_00117.png,CORD,,,,60000.00,"RTD Relaxing Drink (1), RTD Rosella Aloevera (1), RTD Madu Aloevera (1), RTD Lemongrass Aloe (1)","RTD Relaxing Drink (1), RTD Rosella Aloevera (1), RTD Madu Aloevera (1), RTD Lemongrass Aloe (1)",restaurant,Food & Beverage
dataset/temp_cord/image/receipt_00118.png,CORD,,,,28000.00,"Pdg Madness (1), BCT (1)","Pdg Madness (1), BCT (1)",restaurant,General Retail
dataset/temp_cord/image/receipt_00120.png,CORD,,,,34000.00,"SAM DA S00 MINERAL WATER (1), TWIST DONUT (2)","SAM DA S00 MINERAL WATER (1), TWIST DONUT (2)",restaurant,General Retail
dataset/temp_cord/image/receipt_00121.png,CORD,,,,22000.00,"1001-Choco Bun (x1), 6001-Plastic Bag Small (x1)","1001-Choco Bun (x1), 6001-Plastic Bag Small (x1)",restaurant,General Retail
dataset/temp_cord/image/receipt_00122.png,CORD,,,,24800.00,"Common Law (1), Tigger Roll (1)","Common Law (1), Tigger Roll (1)",restaurant,General Retail
dataset/temp_cord/image/receipt_00124.png,CORD,,,,1092542.00,"UDG GR TLUR ASIN (1), SAPO TH SEAFOOD (1), CUMI GR JUNJAN (1), BIHUN GORENG JJ (1), OYONG 3 TELOR (1), GURAME FILLET M (1), CHINESE TE (2), CRYSANTNUM (2), NASI PUTIH (8), HOT TEA (3), ICED TEA (3)","UDG GR TLUR ASIN (1), SAPO TH SEAFOOD (1), CUMI GR JUNJAN (1), BIHUN GORENG JJ (1), OYONG 3 TELOR (1), GURAME FILLET M (1), CHINESE TE (2), CRYSANTNUM (2), NASI PUTIH (8), HOT TEA (3), ICED TEA (3)",restaurant,Food & Beverage
dataset/temp_cord/image/receipt_00131.png,CORD,,,,22.00,"1001-Choco Bun (x1), 6001-Plastic Bag Small (x1)","1001-Choco Bun (x1), 6001-Plastic Bag Small (x1)",restaurant,General Retail
dataset/temp_cord/image/receipt_00132.png,CORD,,,,117999.00,"ZAI.Milk Choco Egg Avenger60gr (1), ZAI.Milk Choco Egg Frozen 60gr (1)","ZAI.Milk Choco Egg Avenger60gr (1), ZAI.Milk Choco Egg Frozen 60gr (1)",restaurant,Food & Beverage
dataset/temp_cord/image/receipt_00133.png,CORD,,,,43000.00,"TWIST STRAWBERRY DONUT (1), TLJ CROQUETTE (1), POTATO PEPPER BAGEL (1)","TWIST STRAWBERRY DONUT (1), TLJ CROQUETTE (1), POTATO PEPPER BAGEL (1)",restaurant,General Retail
dataset/temp_cord/image/receipt_00134.png,CORD,,,,54.00,"Viet Milk Coffee (1), Viet Milk Coffee (1)","Viet Milk Coffee (1), Viet Milk Coffee (1)",restaurant,Food & Beverage
dataset/temp_cord/image/receipt_00135.png,CORD,,,,5580055834.00,"IKAN GABUS FRESH (0.264X), IKAN BUMBU KUNING (0.308X), OCTOPUS SATAY (1X)","IKAN GABUS FRESH (0.264X), IKAN BUMBU KUNING (0.308X), OCTOPUS SATAY (1X)",restaurant,Supermarket / Grocery
dataset/temp_cord/image/receipt_00137.png,CORD,,,,88000.00,"FA-Cookies Mix 200 gr (1), FA-Polycello Bag 200 gr (1)","FA-Cookies Mix 200 gr (1), FA-Polycello Bag 200 gr (1)",restaurant,General Retail
dataset/temp_cord/image/receipt_00138.png,CORD,,,,422730.00,"BACON SHIMEJI SPAGHE (1.00), CHICKEN KATSUDON (1.00), WELL TORI KARAAGE MU (1.00.), WELL CHICKEN KATSU C (1.00), CLASSIC TOMATO (1.00), RENDANG OMURICE (1.00), #F11 CREAM HAMBURG 0 (1.00)","BACON SHIMEJI SPAGHE (1.00), CHICKEN KATSUDON (1.00), WELL TORI KARAAGE MU (1.00.), WELL CHICKEN KATSU C (1.00), CLASSIC TOMATO (1.00), RENDANG OMURICE (1.00), #F11 CREAM HAMBURG 0 (1.00)",restaurant,Food & Beverage
dataset/temp_cord/image/receipt_00140.png,CORD,,,,69000.00,"Seafood Tempura BBQ (1), Sweet Plum Potato* (1)","Seafood Tempura BBQ (1), Sweet Plum Potato* (1)",restaurant,Food & Beverage
dataset/temp_cord/image/receipt_00142.png,CORD,,,,55500.00,"Pillow Choco (1), Pillow Cheese (1), Pillow Kombi (1)","Pillow Choco (1), Pillow Cheese (1), Pillow Kombi (1)",restaurant,General Retail
dataset/temp_cord/image/receipt_00144.png,CORD,,,,25000.00,"Rice Organik (1), 1pc Chicken OR (1)","Rice Organik (1), 1pc Chicken OR (1)",restaurant,Food & Beverage
dataset/temp_cord/image/receipt_00146.png,CORD,,,,564425.00,"YANG YUM GUI (1), SOONDUBU CHIGE (1), JAP CHAE (1), MAKOLI (1), GOCHUJANG (1), BIBIMBAB","YANG YUM GUI (1), SOONDUBU CHIGE (1), JAP CHAE (1), MAKOLI (1), GOCHUJANG (1), BIBIMBAB",restaurant,General Retail
dataset/temp_cord/image/receipt_00149.png,CORD,,,,53020.00,"#PKTPOLSBTSPON2S (1X), BENECOL LYCHEE 2S (1X), REGAL MARIE 125 GR (1X), 7 UP CAN 330 ML (1X), SAKATONIK LVR 10S (1X), DUA BELIBIS SBL135 (1X), DAUN SEREH (0,292X)","#PKTPOLSBTSPON2S (1X), BENECOL LYCHEE 2S (1X), REGAL MARIE 125 GR (1X), 7 UP CAN 330 ML (1X), SAKATONIK LVR 10S (1X), DUA BELIBIS SBL135 (1X), DAUN SEREH (0,292X)",restaurant,General Retail
dataset/temp_cord/image/receipt_00156.png,CORD,,,,27300.00,"BOLU KUKUS PX (3X), PLASTIK SEDANG (1X)","BOLU KUKUS PX (3X), PLASTIK SEDANG (1X)",restaurant,General Retail
dataset/temp_cord/image/receipt_00157.png,CORD,,,,94000.00,"S-Matcha Macchiato (2X), S-Ovaltine Macchiat (2X)","S-Matcha Macchiato (2X), S-Ovaltine Macchiat (2X)",restaurant,General Retail
dataset/temp_cord/image/receipt_00158.png,CORD,,,,39000.00,"KFC DAY (1), CHARGE TA (1)","KFC DAY (1), CHARGE TA (1)",restaurant,General Retail
dataset/temp_cord/image/receipt_00159.png,CORD,,,,46000.00,"DEPT04, DEPT01","DEPT04, DEPT01",restaurant,General Retail
dataset/temp_cord/image/receipt_00160.png,CORD,,,,43890.00,"PAKET CHICKEN 4 (1), KOREAN COLD TEA (1)","PAKET CHICKEN 4 (1), KOREAN COLD TEA (1)",restaurant,Food & Beverage
dataset/temp_cord/image/receipt_00161.png,CORD,,,,98175.00,"PR ORIGINAL 150gr (1), ES TEH MANIS (1)","PR ORIGINAL 150gr (1), ES TEH MANIS (1)",restaurant,General Retail
dataset/temp_cord/image/receipt_00162.png,CORD,,,,41.58,"Butter croissant (1x), Almond Croissant (1x), Mini Chocolate Donut (1x)","Butter croissant (1x), Almond Croissant (1x), Mini Chocolate Donut (1x)",restaurant,General Retail
dataset/temp_cord/image/receipt_00167.png,CORD,,,,12600.00,"RISOL ROGUT (2X), MIKA KCL, PLASTIK 25","RISOL ROGUT (2X), MIKA KCL, PLASTIK 25",restaurant,General Retail
dataset/temp_cord/image/receipt_00171.png,CORD,,,,100000.00,"Coffee Rocksalt [R] (1), ICED NUTELLA LATTE [R] (1), ICED MOCHA LATTE [R] (1)","Coffee Rocksalt [R] (1), ICED NUTELLA LATTE [R] (1), ICED MOCHA LATTE [R] (1)",restaurant,Food & Beverage
dataset/temp_cord/image/receipt_00175.png,CORD,,,,18000.00,"HAZELNUT ALM, CAPPUCINO CI, TIRAMISU CIN","HAZELNUT ALM, CAPPUCINO CI, TIRAMISU CIN",restaurant,General Retail
dataset/temp_cord/image/receipt_00176.png,CORD,,,,38.00,"Spaghetti Bini Muda (Bol ognese) - DINE IN (1), French Fries - DINE IN (1), Mineral Water - DINE IN (1)","Spaghetti Bini Muda (Bol ognese) - DINE IN (1), French Fries - DINE IN (1), Mineral Water - DINE IN (1)",restaurant,General Retail
dataset/temp_cord/image/receipt_00177.png,CORD,,,,137500.00,"KUPAT TAHU (2), MIE KOCOK (3)","KUPAT TAHU (2), MIE KOCOK (3)",restaurant,General Retail
dataset/temp_cord/image/receipt_00178.png,CORD,,,,259.00,"GARISH PC, PLASTIK BAG;: 000 PC","GARISH PC, PLASTIK BAG;: 000 PC",restaurant,General Retail
dataset/temp_cord/image/receipt_00179.png,CORD,,,,128764.00,"109.NG NANAS (1), DE13.PSANG IJO MDM (1), CT12.BLK JELY KPI IC (1)","109.NG NANAS (1), DE13.PSANG IJO MDM (1), CT12.BLK JELY KPI IC (1)",restaurant,General Retail
dataset/temp_cord/image/receipt_00180.png,CORD,,,,147600.00,"CHOCO CHIP (2 X), CHOCO BANANA (3 X), CRISPY CHOCO, CRISPY CHOCO, CHOCBAN CUP (3 X), RED VELVET (2X)","CHOCO CHIP (2 X), CHOCO BANANA (3 X), CRISPY CHOCO, CRISPY CHOCO, CHOCBAN CUP (3 X), RED VELVET (2X)",restaurant,General Retail
dataset/temp_cord/image/receipt_00181.png,CORD,,,,152746.00,"SAUSAGE AND SALAMI (1), GREEN MONSIEUR (1)","SAUSAGE AND SALAMI (1), GREEN MONSIEUR (1)",restaurant,General Retail
dataset/temp_cord/image/receipt_00184.png,CORD,,,,42000.00,"PAIN AU CHOCOLATE (2), APPLE PIE (1), REDBEAN BREAD (1)","PAIN AU CHOCOLATE (2), APPLE PIE (1), REDBEAN BREAD (1)",restaurant,General Retail
dataset/temp_cord/image/receipt_00190.png,CORD,,,,351000.00,"SOONDUBU CHIGE (1), JAP CHAE (1), GOCHUJANG SAMGYEOPSAL (1)","SOONDUBU CHIGE (1), JAP CHAE (1), GOCHUJANG SAMGYEOPSAL (1)",restaurant,General Retail
dataset/temp_cord/image/receipt_00191.png,CORD,,,,33.50,"LAY'S NORI SEAWD 55G (1), QTELA KRP/TMPE ORI55 (1), SOSRO TEH BOTOL 350 (2), PUCUK/H TEH L/SGR350 (1), AQUA AIR MINERAL 600 (2), PEDULI DISABILITAS (1)","LAY'S NORI SEAWD 55G (1), QTELA KRP/TMPE ORI55 (1), SOSRO TEH BOTOL 350 (2), PUCUK/H TEH L/SGR350 (1), AQUA AIR MINERAL 600 (2), PEDULI DISABILITAS (1)",restaurant,General Retail
dataset/temp_cord/image/receipt_00192.png,CORD,,,,56000.00,"Kupon 7, MINERAL WATER","Kupon 7, MINERAL WATER",restaurant,General Retail
dataset/temp_cord/image/receipt_00193.png,CORD,,,,1376500.00,"BAK MANDI (BAK MANDI TAIWAN BESAR), TATAKAN MANDI (JARING MANDI JALA) -, BAJU ATASAN(PETITE MIMI ROMPER 3D FOREST / RM0003), ACCESORIES(SUN BABES PENUTUP MATA), KAPAS (KAPAS MEDISOFT COTTON BALL 120) (3), JOIE KUBBIE(BABY BOX)","BAK MANDI (BAK MANDI TAIWAN BESAR), TATAKAN MANDI (JARING MANDI JALA) -, BAJU ATASAN(PETITE MIMI ROMPER 3D FOREST / RM0003), ACCESORIES(SUN BABES PENUTUP MATA), KAPAS (KAPAS MEDISOFT COTTON BALL 120) (3), JOIE KUBBIE(BABY BOX)",restaurant,General Retail
dataset/temp_cord/image/receipt_00194.png,CORD,,,,705000.00,"BUDS CALMING TUMMY RUB CREAM 30ML(TOILETRIES), BUDS PRECIOUS NEWBORN CREAM 75ML(TOILETRIES), BUDS PRECIOUS NEWBORN HEAD TO TOE CLEANSER 250ML(TOILETRIES)","BUDS CALMING TUMMY RUB CREAM 30ML(TOILETRIES), BUDS PRECIOUS NEWBORN CREAM 75ML(TOILETRIES), BUDS PRECIOUS NEWBORN HEAD TO TOE CLEANSER 250ML(TOILETRIES)",restaurant,General Retail
dataset/temp_cord/image/receipt_00195.png,CORD,,,,31500.00,"CRISPY APPLE RAISIN PASTR (1), PAIN AU CHOCOLATE (1), REDBEAN BREAD (1)","CRISPY APPLE RAISIN PASTR (1), PAIN AU CHOCOLATE (1), REDBEAN BREAD (1)",restaurant,General Retail
dataset/temp_cord/image/receipt_00196.png,CORD,,,,51000.00,"PEPPERONI (x 1), ALMOND CREAM CHEESE (x 1)","PEPPERONI (x 1), ALMOND CREAM CHEESE (x 1)",restaurant,General Retail
dataset/temp_cord/image/receipt_00197.png,CORD,,,,74000.00,"CK.MANTAP A (1), CHEESE B (2), TAKE AWAY (1)","CK.MANTAP A (1), CHEESE B (2), TAKE AWAY (1)",restaurant,General Retail
dataset/temp_cord/image/receipt_00199.png,CORD,,,,314100.00,"1216 DPR BATB SD ENCHANTED ROS (1), 1216 GGM 12"" TTN HERO YONDU (1), 0217 GGM 12"" TITAN HERO GAMORA (1)","1216 DPR BATB SD ENCHANTED ROS (1), 1216 GGM 12"" TTN HERO YONDU (1), 0217 GGM 12"" TITAN HERO GAMORA (1)",restaurant,General Retail
dataset/temp_cord/image/receipt_00200.png,CORD,,,,54600.00,"NASI PUTIH (1), BASO KUAH (1)","NASI PUTIH (1), BASO KUAH (1)",restaurant,Food & Beverage
dataset/temp_cord/image/receipt_00203.png,CORD,,,,237997.00,"AYAM (2X), DONAT AYAM (2X), ROTI SISIR (1X), BANANA SPLIT (3X), DONATCOKLAT (4X), TIGER ROLL PTG (1X), MARMER CAKE PTG (1X), BOLU HAWAI PTNG (1X), BANANA CAKE PTG (1X), MANDARIN CAKE PTG (2X), LAPIS SURABAYA PTG (2X), CAKE PITA (1X), PLASTIK TENTENG KECIL (2X)","AYAM (2X), DONAT AYAM (2X), ROTI SISIR (1X), BANANA SPLIT (3X), DONATCOKLAT (4X), TIGER ROLL PTG (1X), MARMER CAKE PTG (1X), BOLU HAWAI PTNG (1X), BANANA CAKE PTG (1X), MANDARIN CAKE PTG (2X), LAPIS SURABAYA PTG (2X), CAKE PITA (1X), PLASTIK TENTENG KECIL (2X)",restaurant,General Retail
dataset/temp_cord/image/receipt_00205.png,CORD,,,,45.00,"Lemon Tea (L). (1), Popcorn Salt (S). (1)","Lemon Tea (L). (1), Popcorn Salt (S). (1)",restaurant,Food & Beverage
dataset/temp_cord/image/receipt_00206.png,CORD,,,,63400.00,"BASO KUAH (1), NASI PUTIH (1), A.MINERAL BOTOL (1)","BASO KUAH (1), NASI PUTIH (1), A.MINERAL BOTOL (1)",restaurant,Food & Beverage
dataset/temp_cord/image/receipt_00207.png,CORD,,,,44500.00,"Kupon 9, Kupon 1, LARGE ICED LEMON TEA","Kupon 9, Kupon 1, LARGE ICED LEMON TEA",restaurant,Food & Beverage
dataset/temp_cord/image/receipt_00208.png,CORD,,,,60000.00,"TROPICAL PUNCH (1), SOUP 50% (1), SALAD BAR 50% (1)","TROPICAL PUNCH (1), SOUP 50% (1), SALAD BAR 50% (1)",restaurant,General Retail
dataset/temp_cord/image/receipt_00209.png,CORD,,,,96000.00,"TWIST ORANGE CHOCO DONUT (2), CHOCOLATE TWIST (2), REAL CHOCOLATE ROLL (1), CHOCOLATE SOBORO (2)","TWIST ORANGE CHOCO DONUT (2), CHOCOLATE TWIST (2), REAL CHOCOLATE ROLL (1), CHOCOLATE SOBORO (2)",restaurant,General Retail
dataset/temp_cord/image/receipt_00210.png,CORD,,,,96.00,"5001-Corn Flakes Cookies (x1), 4003-Blueberry Fuji (x1), 6002-Plastic Bag Medium (x1)","5001-Corn Flakes Cookies (x1), 4003-Blueberry Fuji (x1), 6002-Plastic Bag Medium (x1)",restaurant,General Retail
dataset/temp_cord/image/receipt_00211.png,CORD,,,,70.00,"Coke (L) (1), Extra Jelly Lychee (1), Popcorn Salt (M) (1)","Coke (L) (1), Extra Jelly Lychee (1), Popcorn Salt (M) (1)",restaurant,General Retail
dataset/temp_cord/image/receipt_00213.png,CORD,,,,42.00,"THAI ICED COFFEE (1), THAI ICED GREEN TEA (1)","THAI ICED COFFEE (1), THAI ICED GREEN TEA (1)",restaurant,Food & Beverage
dataset/temp_cord/image/receipt_00214.png,CORD,,,,58000.00,"RAMES AYAM, Dendeng PDS","RAMES AYAM, Dendeng PDS",restaurant,General Retail
dataset/temp_cord/image/receipt_00215.png,CORD,,,,74000.00,"CK.MANTAP A (1), CHEESE B (2), TAKE AWAY (1)","CK.MANTAP A (1), CHEESE B (2), TAKE AWAY (1)",restaurant,General Retail
dataset/temp_cord/image/receipt_00217.png,CORD,,,,22.00,"1001-Choco Bun (x1), 6001-Plastic Bag Small (x1)","1001-Choco Bun (x1), 6001-Plastic Bag Small (x1)",restaurant,General Retail
dataset/temp_cord/image/receipt_00218.png,CORD,,,,421641.00,"Grilled Dorry Fish (1), Set Menu Family (1), Teppan Seafood Udon (1)","Grilled Dorry Fish (1), Set Menu Family (1), Teppan Seafood Udon (1)",restaurant,Food & Beverage
dataset/temp_cord/image/receipt_00219.png,CORD,,,,83716.00,"EDAMAME (0.512X), df shllt by not250 (1X), CF BUNCIS ORG (1X), CABE KERITING CURA (0.074X), TOMAT CURAH (0.198X), JERUK NIPIS (0.09X), CUMI BANGKA (0.282X)","EDAMAME (0.512X), df shllt by not250 (1X), CF BUNCIS ORG (1X), CABE KERITING CURA (0.074X), TOMAT CURAH (0.198X), JERUK NIPIS (0.09X), CUMI BANGKA (0.282X)",restaurant,General Retail
dataset/temp_cord/image/receipt_00220.png,CORD,,,,45000.00,"KING DEAL CHEESE BURGER R, 1 PC BIC","KING DEAL CHEESE BURGER R, 1 PC BIC",restaurant,Food & Beverage
dataset/temp_cord/image/receipt_00221.png,CORD,,,,123000.00,"POTATO SAUSAGE BREAD (1), OREO GREEN TEA SPREAD (1), WHITE CHOCO BANANA SPREAD (1)","POTATO SAUSAGE BREAD (1), OREO GREEN TEA SPREAD (1), WHITE CHOCO BANANA SPREAD (1)",restaurant,Food & Beverage
dataset/temp_cord/image/receipt_00226.png,CORD,,,,90200.00,"PKT TELOR/PERKEDEL, DENDENG, SBL GR TERI, NESTLE 330 ML (2X)","PKT TELOR/PERKEDEL, DENDENG, SBL GR TERI, NESTLE 330 ML (2X)",restaurant,General Retail
dataset/temp_cord/image/receipt_00230.png,CORD,,,,541620.00,"SAMGYOPSAL (1), OGYOPSAL (1), YUKHWE (1), RICE (1), JABCHAE BEEF (1), OCHA DINGIN (1), SUNDUBU (1)","SAMGYOPSAL (1), OGYOPSAL (1), YUKHWE (1), RICE (1), JABCHAE BEEF (1), OCHA DINGIN (1), SUNDUBU (1)",restaurant,Food & Beverage
dataset/temp_cord/image/receipt_00231.png,CORD,,,,55500.00,"NASI KUNING (2X), CENTIKPLANCI (3X), MIKA KECIL (1X), PLASTIK SEDANG (1X), SENDOK MAKAN (1X), SENDOK MAKAN (1X), GARPU (1X), GARPU (1X)","NASI KUNING (2X), CENTIKPLANCI (3X), MIKA KECIL (1X), PLASTIK SEDANG (1X), SENDOK MAKAN (1X), SENDOK MAKAN (1X), GARPU (1X), GARPU (1X)",restaurant,Food & Beverage
dataset/temp_cord/image/receipt_00232.png,CORD,,,,655292.00,"HOT OCHA (1), OCHA (3), JYO HARAMI 30% (1), WAKI SALAD (1), MARBLED SIRLOIN STEAK 200gr (2)","HOT OCHA (1), OCHA (3), JYO HARAMI 30% (1), WAKI SALAD (1), MARBLED SIRLOIN STEAK 200gr (2)",restaurant,Food & Beverage
dataset/temp_cord/image/receipt_00233.png,CORD,,,,29.70,"Pepenero Pastel (1x), Arem Arem (1x)","Pepenero Pastel (1x), Arem Arem (1x)",restaurant,General Retail
dataset/temp_cord/image/receipt_00234.png,CORD,,,,21000.00,"REDBEAN BREAD (1), FRANKFRUT SAUSAGE ROLL (1)","REDBEAN BREAD (1), FRANKFRUT SAUSAGE ROLL (1)",restaurant,General Retail
dataset/temp_cord/image/receipt_00235.png,CORD,,,,43110.00,"NS MINI STICK (2X), GERRY SM CHEESE110 (1X), DECOLGEN TABLET 4S (3X), FIXALL HK 26521 (2X)","NS MINI STICK (2X), GERRY SM CHEESE110 (1X), DECOLGEN TABLET 4S (3X), FIXALL HK 26521 (2X)",restaurant,General Retail
dataset/temp_cord/image/receipt_00239.png,CORD,,,,177500.00,"TWIST DONUT (1), BANANA DONUT (1), DARK CHOCOLATE MUFFIN (2), [MD] MINI CASTELLA CHOCOL (1), PREMIUM MILK PAN BREAD (1), APPLE PIE (1), PAIN AU CHOCOLATE (2), KAYA BUN (2), SAUSAGE BREAD (1), TLJ HOTDOG (1)","TWIST DONUT (1), BANANA DONUT (1), DARK CHOCOLATE MUFFIN (2), [MD] MINI CASTELLA CHOCOL (1), PREMIUM MILK PAN BREAD (1), APPLE PIE (1), PAIN AU CHOCOLATE (2), KAYA BUN (2), SAUSAGE BREAD (1), TLJ HOTDOG (1)",restaurant,Food & Beverage
dataset/temp_cord/image/receipt_00241.png,CORD,,,,49500.00,"Salad Deluxe (2), Perkedel (2), Chicken HCC, 1PCS (1), CHARGE TA (1)","Salad Deluxe (2), Perkedel (2), Chicken HCC, 1PCS (1), CHARGE TA (1)",restaurant,Food & Beverage
dataset/temp_cord/image/receipt_00243.png,CORD,,,,382350.00,"BULGOGI JEONGSIK (1), EL KEUN HWANGTAE (1), SUNDUBU(TUKBEGI) GYERAN CIM (1)","BULGOGI JEONGSIK (1), EL KEUN HWANGTAE (1), SUNDUBU(TUKBEGI) GYERAN CIM (1)",restaurant,General Retail
dataset/temp_cord/image/receipt_00245.png,CORD,,,,242528.00,"BLACK PRAWN PASTA (1), CARBONARA (1), EARL GREY MILK TEA (1)","BLACK PRAWN PASTA (1), CARBONARA (1), EARL GREY MILK TEA (1)",restaurant,Food & Beverage
dataset/temp_cord/image/receipt_00246.png,CORD,,,,43000.00,"CARAMEL PASTRY (1), CHOCOLATE TWIST (1), SAUSAGE BREAD (1)","CARAMEL PASTRY (1), CHOCOLATE TWIST (1), SAUSAGE BREAD (1)",restaurant,General Retail
dataset/temp_cord/image/receipt_00252.png,CORD,,,,22.00,"2001-Hokkaido Milk Toast (x1), 6001-Plastic Bag Small (x1)","2001-Hokkaido Milk Toast (x1), 6001-Plastic Bag Small (x1)",restaurant,Food & Beverage
dataset/temp_cord/image/receipt_00253.png,CORD,,,,75000.00,"), >, > (1), FL-Xmas 30 Off (1)","), >, > (1), FL-Xmas 30 Off (1)",restaurant,General Retail
dataset/temp_cord/image/receipt_00254.png,CORD,,,,259.30,"Ayam goreng+Sayur asem (1), Nasi Uduk Ayam (1), Nasi Rawon (1), NASI PUTIH (1), Mineral Water (2), Teh Tawar Dingin (2), Sayur Asem (1)","Ayam goreng+Sayur asem (1), Nasi Uduk Ayam (1), Nasi Rawon (1), NASI PUTIH (1), Mineral Water (2), Teh Tawar Dingin (2), Sayur Asem (1)",restaurant,Food & Beverage
dataset/temp_cord/image/receipt_00255.png,CORD,,,,104000.00,"NEW BEEF SPAGHETTI (1), P/P AMERICAN FAV (1), PAKET HAPPY HOUR (1)","NEW BEEF SPAGHETTI (1), P/P AMERICAN FAV (1), PAKET HAPPY HOUR (1)",restaurant,General Retail
dataset/temp_cord/image/receipt_00256.png,CORD,,,,226500.00,"AMBUSH DBL CHS BURG (11), AMBUSH CHS BURGER (4), TAKE AWAY CHARGE (1)","AMBUSH DBL CHS BURG (11), AMBUSH CHS BURGER (4), TAKE AWAY CHARGE (1)",restaurant,Food & Beverage
dataset/temp_cord/image/receipt_00260.png,CORD,,,,258500.00,"BITTERBALLEN (1.0), MOZZARELA STICK (1.0), NOUGAT ICE CREAM (1.0), SAUCYS BROOD (1.0), AMANDEL BROOD (1.0), BOKKEPOOTJES (1.0)","BITTERBALLEN (1.0), MOZZARELA STICK (1.0), NOUGAT ICE CREAM (1.0), SAUCYS BROOD (1.0), AMANDEL BROOD (1.0), BOKKEPOOTJES (1.0)",restaurant,General Retail
dataset/temp_cord/image/receipt_00261.png,CORD,,,,134.00,"Mie Jumbo Pst/bakso (2), Bakmie Pst/ Bakso (1), Liang Teh (2), Es /hagat Jeruk (1), Krupuk Babi Bungkus (1)","Mie Jumbo Pst/bakso (2), Bakmie Pst/ Bakso (1), Liang Teh (2), Es /hagat Jeruk (1), Krupuk Babi Bungkus (1)",restaurant,General Retail
dataset/temp_cord/image/receipt_00262.png,CORD,,,,67000.00,"TWIST DONUT (1), PEACH PASTRY (1), CHOCO CUSTARD PASTRY (1), EGG TART (1), ROYAL CHEESE TART (1)","TWIST DONUT (1), PEACH PASTRY (1), CHOCO CUSTARD PASTRY (1), EGG TART (1), ROYAL CHEESE TART (1)",restaurant,General Retail
dataset/temp_cord/image/receipt_00263.png,CORD,,,,60999.00,"Nutella Cheese (1), Toblerone BanCheese (1)","Nutella Cheese (1), Toblerone BanCheese (1)",restaurant,General Retail
dataset/temp_cord/image/receipt_00264.png,CORD,,,,392590.00,"JASMINE (1), P. RIBS SP (R) (1), PORK TENDER (L) (1), TAIL STOMACH (S) (1), P. INTESTINE (R) (1), CAKWE (L) (1), WHITE RICE (2), PLAIN CONGEE (1)","JASMINE (1), P. RIBS SP (R) (1), PORK TENDER (L) (1), TAIL STOMACH (S) (1), P. INTESTINE (R) (1), CAKWE (L) (1), WHITE RICE (2), PLAIN CONGEE (1)",restaurant,Food & Beverage
dataset/temp_cord/image/receipt_00265.png,CORD,,,,75.00,"Popcorn Salt (M) (1), Mineral Water (S) (1), Fanta Stwbry (L) (1)","Popcorn Salt (M) (1), Mineral Water (S) (1), Fanta Stwbry (L) (1)",restaurant,General Retail
dataset/temp_cord/image/receipt_00266.png,CORD,,,,1241790.00,"UDANG REBUS (M) (1), ANGSIO TH PC JMR (1), AYAM GR KERING (1), BIHUN GORENG JJ (1), NASI GORENG NJUN (1), HOT TEA (5), IKAN GURAME MED SOP IKAN (1), CUMI GR JUNJAN (1), SUP BURUNG DARA (1), ICED TEA (1), CHINESE TEA KWAN'IM (1), NASI PUTIH (2)","UDANG REBUS (M) (1), ANGSIO TH PC JMR (1), AYAM GR KERING (1), BIHUN GORENG JJ (1), NASI GORENG NJUN (1), HOT TEA (5), IKAN GURAME MED SOP IKAN (1), CUMI GR JUNJAN (1), SUP BURUNG DARA (1), ICED TEA (1), CHINESE TEA KWAN'IM (1), NASI PUTIH (2)",restaurant,Food & Beverage
dataset/temp_cord/image/receipt_00269.png,CORD,,,,81400.00,"TUNA & CHEDDAR, ONION RINGS, AQUA BTL","TUNA & CHEDDAR, ONION RINGS, AQUA BTL",restaurant,General Retail
dataset/temp_cord/image/receipt_00272.png,CORD,,,,16500.00,"Astor Stick Cokelat 40gr (1), green tea (1)","Astor Stick Cokelat 40gr (1), green tea (1)",restaurant,Food & Beverage
dataset/temp_cord/image/receipt_00274.png,CORD,,,,128700.00,"NASI UDUK SATE BUNTEL (X 1), NASI BALI (EMPAL) (X 1)","NASI UDUK SATE BUNTEL (X 1), NASI BALI (EMPAL) (X 1)",restaurant,Food & Beverage
dataset/temp_cord/image/receipt_00275.png,CORD,,,,260150.00,"Benedict Burrito (1), Lychee Ice Tea (1), Soup Of The Day (1), Strawberry jc (1)","Benedict Burrito (1), Lychee Ice Tea (1), Soup Of The Day (1), Strawberry jc (1)",restaurant,Food & Beverage
dataset/temp_cord/image/receipt_00277.png,CORD,,,,2307021.00,"SOGOGI JAPCHAE (2), GONG GIBAB (6), GYERAN MARI (2), JEK SEOK TEOK POKI (S) (1), * MINERAL WATER (1), EL KEUN HWANGTAE SUNDUBU (TUKBEGI) (2), DAK GANG JEONG (2), YANG NYEOM SAM GYEOP SAL (1), PREMIUM YANGNYEOM GALBISAL (1), JEKSEOK YANG NYEOM GUI (1), HAEMUL DENJANG JJIGAE (1)","SOGOGI JAPCHAE (2), GONG GIBAB (6), GYERAN MARI (2), JEK SEOK TEOK POKI (S) (1), * MINERAL WATER (1), EL KEUN HWANGTAE SUNDUBU (TUKBEGI) (2), DAK GANG JEONG (2), YANG NYEOM SAM GYEOP SAL (1), PREMIUM YANGNYEOM GALBISAL (1), JEKSEOK YANG NYEOM GUI (1), HAEMUL DENJANG JJIGAE (1)",restaurant,General Retail
dataset/temp_cord/image/receipt_00278.png,CORD,,,,45000.00,"S-Fresh Lemon Lime (1X), S-Fresh Lemon Lime (1X), S-Fresh Lemon Lime (1X)","S-Fresh Lemon Lime (1X), S-Fresh Lemon Lime (1X), S-Fresh Lemon Lime (1X)",restaurant,Supermarket / Grocery
dataset/temp_cord/image/receipt_00279.png,CORD,,,,15000.00,"SOP AYM BNG, TEH TARIK P","SOP AYM BNG, TEH TARIK P",restaurant,General Retail
dataset/temp_cord/image/receipt_00280.png,CORD,,,,25000.00,"RB. COKLAT BAR (1), RB. COKLAT BUN (1), RB. CREPES CHICKEN (1)","RB. COKLAT BAR (1), RB. COKLAT BUN (1), RB. CREPES CHICKEN (1)",restaurant,Food & Beverage
dataset/temp_cord/image/receipt_00283.png,CORD,,,,22000.00,"ELEPHANT READ BEAN (1), chapsal twister donnut (1)","ELEPHANT READ BEAN (1), chapsal twister donnut (1)",restaurant,General Retail
dataset/temp_cord/image/receipt_00284.png,CORD,,,,137478.00,"DOUBLE CHICK BREAST (1), IPED MANDARIN (1)","DOUBLE CHICK BREAST (1), IPED MANDARIN (1)",restaurant,General Retail
dataset/temp_cord/image/receipt_00285.png,CORD,,,,75.00,"Popcorn Salt (M) (1), Mineral Water (S) (1), Fanta Stwbry (L) (1)","Popcorn Salt (M) (1), Mineral Water (S) (1), Fanta Stwbry (L) (1)",restaurant,General Retail
dataset/temp_cord/image/receipt_00289.png,CORD,,,,185.90,"NASI GORENG (2), TEH BTL ES, TEH TELOR, SATE PADANG, NASI GORENG (2)","NASI GORENG (2), TEH BTL ES, TEH TELOR, SATE PADANG, NASI GORENG (2)",restaurant,Food & Beverage
dataset/temp_cord/image/receipt_00292.png,CORD,,,,40.00,"Mineral Water (S). (2), Popcorn Salt (S). (1)","Mineral Water (S). (2), Popcorn Salt (S). (1)",restaurant,General Retail
dataset/temp_cord/image/receipt_00293.png,CORD,,,,466.62,"Nasi Liwet (1), Nasi Uduk Ayam (1), Ayam Garang Asem (1), Ayam. Kremes (1), Nila Penyet + Nasi (1), Nasi Goreng Gila (1), Nasi Goreng Rawon (1), Mendoan (1), Teh Tawar Dingin (3), Teh Tawar Panas (1)","Nasi Liwet (1), Nasi Uduk Ayam (1), Ayam Garang Asem (1), Ayam. Kremes (1), Nila Penyet + Nasi (1), Nasi Goreng Gila (1), Nasi Goreng Rawon (1), Mendoan (1), Teh Tawar Dingin (3), Teh Tawar Panas (1)",restaurant,Food & Beverage
dataset/temp_cord/image/receipt_00294.png,CORD,,,,78.00,"Dumpling (1), Jamur Kuping (1), Caisim Kecil (1), Lapchiong (2), Otak-otak Singapore (2), Bihun (MLY) (1)","Dumpling (1), Jamur Kuping (1), Caisim Kecil (1), Lapchiong (2), Otak-otak Singapore (2), Bihun (MLY) (1)",restaurant,General Retail
dataset/temp_cord/image/receipt_00295.png,CORD,,,,20000.00,"CHOCOLATE SUNDAE, REGULAR FRIES, TakeAway Charge","CHOCOLATE SUNDAE, REGULAR FRIES, TakeAway Charge",restaurant,General Retail
dataset/temp_cord/image/receipt_00297.png,CORD,,,,300300.00,"KUE CUBIT OVO/ SKIPPY (1), ES BUAH (2), DODOT KAKEK (1), DODOT CUCU COKLAT (1), CHOCOLATE MILK SHAKE (1), T. TARIK GREENTEA DINGIN (2), CHOCOLATE MILK SHAKE (1), ICED CAPPUCINO JELLY (1), T. TARIK GREENTEA DINGIN (1), TEH PAHIT PANAS (1), MINERAL WATER (1)","KUE CUBIT OVO/ SKIPPY (1), ES BUAH (2), DODOT KAKEK (1), DODOT CUCU COKLAT (1), CHOCOLATE MILK SHAKE (1), T. TARIK GREENTEA DINGIN (2), CHOCOLATE MILK SHAKE (1), ICED CAPPUCINO JELLY (1), T. TARIK GREENTEA DINGIN (1), TEH PAHIT PANAS (1), MINERAL WATER (1)",restaurant,Food & Beverage
dataset/temp_cord/image/receipt_00299.png,CORD,,,,51.00,"Soto Daging (1), Nasi Putih (1), Teh Tawar Hangat (1)","Soto Daging (1), Nasi Putih (1), Teh Tawar Hangat (1)",restaurant,Food & Beverage
dataset/temp_cord/image/receipt_00300.png,CORD,,,,72.00,"PAKET SUPER MANTAP 2A RAACHA (1), RICE (1)","PAKET SUPER MANTAP 2A RAACHA (1), RICE (1)",restaurant,Food & Beverage
dataset/temp_cord/image/receipt_00301.png,CORD,,,,16.00,"1009-Roti Kelapa (x2), 1245-Plastik Tentengan Kecil (x1)","1009-Roti Kelapa (x2), 1245-Plastik Tentengan Kecil (x1)",restaurant,General Retail
dataset/temp_cord/image/receipt_00302.png,CORD,,,,353320.00,"Dom Cha Vire Sls (1x), P J Cotes du (2x)","Dom Cha Vire Sls (1x), P J Cotes du (2x)",restaurant,General Retail
dataset/temp_cord/image/receipt_00303.png,CORD,,,,836000.00,"AQUA 600ML (5), BIHUN GORENG SPECIAL (1), BIHUN MASAK KUAH (1), ES ALPUKAT (1), ES TEH MANIS (5), ES THE TAWAR (1), IFUMIE (1), JUICE ALPUKAT (1), JUICE STRAWBERRY (1), KWETIAW SIRAM SAPI (1), KWETIAW SIRAM SEA (1), KWETIAW GORENG SAPI (1), KWETIAW GORENG SEA (2), MIE GORENG SPECIAL (2), MPEKMPEK K SELAM (1), MPEKMPEK LENJER (1), NASI GORENG SPECIAL (2), TEH MANIS PANAS (3), TEH TAWAR (2), YAMIN BASO SAPI (1), YAMIN PANGSIT REBUS (1)","AQUA 600ML (5), BIHUN GORENG SPECIAL (1), BIHUN MASAK KUAH (1), ES ALPUKAT (1), ES TEH MANIS (5), ES THE TAWAR (1), IFUMIE (1), JUICE ALPUKAT (1), JUICE STRAWBERRY (1), KWETIAW SIRAM SAPI (1), KWETIAW SIRAM SEA (1), KWETIAW GORENG SAPI (1), KWETIAW GORENG SEA (2), MIE GORENG SPECIAL (2), MPEKMPEK K SELAM (1), MPEKMPEK LENJER (1), NASI GORENG SPECIAL (2), TEH MANIS PANAS (3), TEH TAWAR (2), YAMIN BASO SAPI (1), YAMIN PANGSIT REBUS (1)",restaurant,Food & Beverage
dataset/temp_cord/image/receipt_00304.png,CORD,,,,35000.00,"SPECIALTY COMBO (x 1), BOTTLED WATER (x 1)","SPECIALTY COMBO (x 1), BOTTLED WATER (x 1)",restaurant,General Retail
dataset/temp_cord/image/receipt_00305.png,CORD,,,,42000.00,"CARAMELALMOND (1), STIX ECLAIRS (1)","CARAMELALMOND (1), STIX ECLAIRS (1)",restaurant,General Retail
dataset/temp_cord/image/receipt_00308.png,CORD,,,,140.00,"Mineral water (s) (1), Blend GT (M) (1), Extra Jelly Lychee (1), Extra Ice Cream (1), French Fries + FF (1)","Mineral water (s) (1), Blend GT (M) (1), Extra Jelly Lychee (1), Extra Ice Cream (1), French Fries + FF (1)",restaurant,General Retail
dataset/temp_cord/image/receipt_00313.png,CORD,,,,70.00,"3002-Kyoto Choco Mochi (x3), 1019-Choco Banana (x1), 6001-Plastic Bag Small (x1)","3002-Kyoto Choco Mochi (x3), 1019-Choco Banana (x1), 6001-Plastic Bag Small (x1)",restaurant,General Retail
dataset/temp_cord/image/receipt_00316.png,CORD,,,,505428.00,"Peach Tea (3), Lemon Tea (4), Chicken Kazan Curry (1), Chicken Karamiso Special (1), Chicken Shio Special (2), Beef Set A (1)","Peach Tea (3), Lemon Tea (4), Chicken Kazan Curry (1), Chicken Karamiso Special (1), Chicken Shio Special (2), Beef Set A (1)",restaurant,Food & Beverage
dataset/temp_cord/image/receipt_00319.png,CORD,,,,140800.00,"LONTONG CAP GO MEH (X 1), NASI LIWET (SATE BUNTEL AYAM) (X 1), TEH JAWA (X 2)","LONTONG CAP GO MEH (X 1), NASI LIWET (SATE BUNTEL AYAM) (X 1), TEH JAWA (X 2)",restaurant,Food & Beverage
dataset/temp_cord/image/receipt_00321.png,CORD,,,,1802900.00,"Angus Striploin (1), Chicken Steak (1), CK Redvelvet (1), Creamed Spinach (1), F Squeeze Orange (1), House Blend (1), Ice Tea Peach (1), Ice Tea Rasp (2), Jasmine Tea (1), Roasted Chicken (2), Salmon (1), Salmon Seaweed Bowl (1), Sorbet (1)","Angus Striploin (1), Chicken Steak (1), CK Redvelvet (1), Creamed Spinach (1), F Squeeze Orange (1), House Blend (1), Ice Tea Peach (1), Ice Tea Rasp (2), Jasmine Tea (1), Roasted Chicken (2), Salmon (1), Salmon Seaweed Bowl (1), Sorbet (1)",restaurant,Food & Beverage
dataset/temp_cord/image/receipt_00322.png,CORD,,,,38.50,"3180-Soes Marmer (x3), 1006-Roti Molen (x2), 1245-Plastik Tentengan Kecil (x1), 1244-Plastik Tentengan Sedang (x1)","3180-Soes Marmer (x3), 1006-Roti Molen (x2), 1245-Plastik Tentengan Kecil (x1), 1244-Plastik Tentengan Sedang (x1)",restaurant,General Retail
dataset/temp_cord/image/receipt_00325.png,CORD,,,,287760.00,"AOP Seafood (1), Omurice Katsu Curry (1), Earl Gray Tea (1), Hot Tea (1)","AOP Seafood (1), Omurice Katsu Curry (1), Earl Gray Tea (1), Hot Tea (1)",restaurant,Food & Beverage
dataset/temp_cord/image/receipt_00328.png,CORD,,,,228.00,"Coke (L) (1), Fanta Strwbry (L) (1), XXI Java Tea Spc (1), Caramel Medium (1), Butter Milk Popcorn (1), Tahu Ikan Oma Giok (3)","Coke (L) (1), Fanta Strwbry (L) (1), XXI Java Tea Spc (1), Caramel Medium (1), Butter Milk Popcorn (1), Tahu Ikan Oma Giok (3)",restaurant,Food & Beverage
dataset/temp_cord/image/receipt_00329.png,CORD,,,,30.00,"Mineral Water (S). (1), Popcorn Salt (S). (1)","Mineral Water (S). (1), Popcorn Salt (S). (1)",restaurant,General Retail
dataset/temp_cord/image/receipt_00331.png,CORD,,,,54000.00,"KWT GR MGMSP, TEH HANGAT","KWT GR MGMSP, TEH HANGAT",restaurant,General Retail
dataset/temp_cord/image/receipt_00332.png,CORD,,,,60523.00,"CF NASI PUTIH (1X), CF NASI PUTIH (1X), CF BBQ CHKN WING (1X), FILLET DORI (0.354X), KERUPUK KERING (1X)","CF NASI PUTIH (1X), CF NASI PUTIH (1X), CF BBQ CHKN WING (1X), FILLET DORI (0.354X), KERUPUK KERING (1X)",restaurant,Food & Beverage
dataset/temp_cord/image/receipt_00334.png,CORD,,,,89.00,"Kwetiaw Ayam Jamur (2), 1/2 OTAK-OTAK (1), Es Cincau (1)","Kwetiaw Ayam Jamur (2), 1/2 OTAK-OTAK (1), Es Cincau (1)",restaurant,General Retail
dataset/temp_cord/image/receipt_00335.png,CORD,,,,83000.00,"TWIST DONUT (3), CRANBERRY WALNUT (S) (2), POTATO SAUSAGE BREAD (1), BLACK CHEESE HOTDOG (1)","TWIST DONUT (3), CRANBERRY WALNUT (S) (2), POTATO SAUSAGE BREAD (1), BLACK CHEESE HOTDOG (1)",restaurant,General Retail
dataset/temp_cord/image/receipt_00336.png,CORD,,,,35.00,"Mineral Water (S) (1), Lemon Tea (L) (1)","Mineral Water (S) (1), Lemon Tea (L) (1)",restaurant,Food & Beverage
dataset/temp_cord/image/receipt_00337.png,CORD,,,,72.60,"Iced Sleepy Coffee (1), Pisang Goreng (1)","Iced Sleepy Coffee (1), Pisang Goreng (1)",restaurant,Food & Beverage
dataset/temp_cord/image/receipt_00340.png,CORD,,,,57500.00,"PKT LELEH AYM GEPRK (1), PKT MIE LELEH (1)","PKT LELEH AYM GEPRK (1), PKT MIE LELEH (1)",restaurant,General Retail
dataset/temp_cord/image/receipt_00341.png,CORD,,,,152000.00,"ES TEH TAWAR (2), Lychee Tea (1), FROZEN CAPUCINO (1), NS BISTIK AYM TP (1), NS+AYAM GR RICA (1), KWETIAUW AYM SRM (1)","ES TEH TAWAR (2), Lychee Tea (1), FROZEN CAPUCINO (1), NS BISTIK AYM TP (1), NS+AYAM GR RICA (1), KWETIAUW AYM SRM (1)",restaurant,Food & Beverage
dataset/temp_cord/image/receipt_00342.png,CORD,,,,47.00,"1001-Choco Bun (x1), 4005-Maple glazed (x1), 6002-Plastic Bag Medium (x1)","1001-Choco Bun (x1), 4005-Maple glazed (x1), 6002-Plastic Bag Medium (x1)",restaurant,General Retail
dataset/temp_cord/image/receipt_00343.png,CORD,,,,185394.00,"BANANA RHUM RAISIN (1), PRAWN & SPINACH PASTA (1), ORIGINAL BREWED TEA (1)","BANANA RHUM RAISIN (1), PRAWN & SPINACH PASTA (1), ORIGINAL BREWED TEA (1)",restaurant,Food & Beverage
dataset/temp_cord/image/receipt_00344.png,CORD,,,,121000.00,"AMBUSH DBL CHS BURG (6), AMBUSH CHS BURGER (2)","AMBUSH DBL CHS BURG (6), AMBUSH CHS BURGER (2)",restaurant,Food & Beverage
dataset/temp_cord/image/receipt_00346.png,CORD,,,,45000.00,"<AYA BUN (3), CRISPY REAL CHEESE (1)","<AYA BUN (3), CRISPY REAL CHEESE (1)",restaurant,General Retail
dataset/temp_cord/image/receipt_00347.png,CORD,,,,347655.00,"Lumpia Klt Tahu (3) (1), SM Udang & Aym (4) (1), XLB Kptg&Aym(4) (1), Brokoli Bwg Putih (1), Mie Sup WT (U & A) (1), The Roselle (1)","Lumpia Klt Tahu (3) (1), SM Udang & Aym (4) (1), XLB Kptg&Aym(4) (1), Brokoli Bwg Putih (1), Mie Sup WT (U & A) (1), The Roselle (1)",restaurant,General Retail
dataset/temp_cord/image/receipt_00349.png,CORD,,,,599955.00,"GONG GIBAB (1), BO SSAM (1), HAEMUL DENJANG JJIGAE (1), MULNAENGMYO N (1)","GONG GIBAB (1), BO SSAM (1), HAEMUL DENJANG JJIGAE (1), MULNAENGMYO N (1)",restaurant,General Retail
dataset/temp_cord/image/receipt_00351.png,CORD,,,,34500.00,"Yakiniku Rice Organic (1), Mocca Float (1)","Yakiniku Rice Organic (1), Mocca Float (1)",restaurant,Food & Beverage
dataset/temp_cord/image/receipt_00352.png,CORD,,,,56650.00,"ES ILAT BOYO (1), NASI PUTIH (1), SAMBEL TOMAT SEG (1), SAYAP AYAM (1), TEA TAWAR (1)","ES ILAT BOYO (1), NASI PUTIH (1), SAMBEL TOMAT SEG (1), SAYAP AYAM (1), TEA TAWAR (1)",restaurant,Food & Beverage
dataset/temp_cord/image/receipt_00354.png,CORD,,,,22.00,"1001-Choco Bun (x1), 6001-Plastic Bag Small (x1)","1001-Choco Bun (x1), 6001-Plastic Bag Small (x1)",restaurant,General Retail
dataset/temp_cord/image/receipt_00355.png,CORD,,,,92000.00,"Avocado with Rock Salt and Cocoa Cream [R], Avocado with Rock Salt and Cocoa Cream [R], Rock salt and Cheese [R] Coffee","Avocado with Rock Salt and Cocoa Cream [R], Avocado with Rock Salt and Cocoa Cream [R], Rock salt and Cheese [R] Coffee",restaurant,Food & Beverage
dataset/temp_cord/image/receipt_00357.png,CORD,,,,245.20,"Nats Bitter Choco cake (1), Es Kopi Susu Pandan (1), Extra Whipping Cream (1), Iced Coffee Latte (1), Iced Sugar Cane (1), Sparkling Mango Mojito (1), Iced Coffee (1)","Nats Bitter Choco cake (1), Es Kopi Susu Pandan (1), Extra Whipping Cream (1), Iced Coffee Latte (1), Iced Sugar Cane (1), Sparkling Mango Mojito (1), Iced Coffee (1)",restaurant,Food & Beverage
dataset/temp_cord/image/receipt_00359.png,CORD,,,,239165.00,"YANG YUM GUI (1), GALBI TANG (1), NASI(GONGGI BAB) (1)","YANG YUM GUI (1), GALBI TANG (1), NASI(GONGGI BAB) (1)",restaurant,Food & Beverage
dataset/temp_cord/image/receipt_00360.png,CORD,,,,96000.00,"TWIST ORANGE CHOCO DONUT (2), CHOCOLATE TWIST (2), REAL CHOCOLATE ROLL (1), CHOCOLATE SOBORO (2)","TWIST ORANGE CHOCO DONUT (2), CHOCOLATE TWIST (2), REAL CHOCOLATE ROLL (1), CHOCOLATE SOBORO (2)",restaurant,General Retail
dataset/temp_cord/image/receipt_00361.png,CORD,,,,282.00,"Peach Iced Tea (1), Mango Mint Iced Tea (1), Nannys Customer Fries (1), Robert Olio Mushroom Spaghetti (1), Emily's Shrimp Scampi Fettucine (1)","Peach Iced Tea (1), Mango Mint Iced Tea (1), Nannys Customer Fries (1), Robert Olio Mushroom Spaghetti (1), Emily's Shrimp Scampi Fettucine (1)",restaurant,Food & Beverage
dataset/temp_cord/image/receipt_00362.png,CORD,,,,599955.00,"GONG GIBAB (1), BO SSAM (1), HAEMUL DENJANG JJIGAE (1), MULNAENGMYON (1)","GONG GIBAB (1), BO SSAM (1), HAEMUL DENJANG JJIGAE (1), MULNAENGMYON (1)",restaurant,General Retail
dataset/temp_cord/image/receipt_00364.png,CORD,,,,126000.00,"[RICHE] BLACK SAKURA (1), [RICHE] BLACK SAKURA (1)","[RICHE] BLACK SAKURA (1), [RICHE] BLACK SAKURA (1)",restaurant,General Retail
dataset/temp_cord/image/receipt_00365.png,CORD,,,,441782.00,"LM Dmplg Chli Sc (1), LM Poach Marble Beef (2), DIMSUM (2), XLB Org Pork 6x (1), Oolong Jasmine Cup (1), Tea (2)","LM Dmplg Chli Sc (1), LM Poach Marble Beef (2), DIMSUM (2), XLB Org Pork 6x (1), Oolong Jasmine Cup (1), Tea (2)",restaurant,Food & Beverage
dataset/temp_cord/image/receipt_00366.png,CORD,,,,74000.00,"CHICKEN KATSU CURRY UDON (1), KAKIAGE TEMPURA (1), COLD OCHA (1)","CHICKEN KATSU CURRY UDON (1), KAKIAGE TEMPURA (1), COLD OCHA (1)",restaurant,Food & Beverage
dataset/temp_cord/image/receipt_00367.png,CORD,,,,80500.00,"TWIST DONUT (2), BROWNIE (1), REAL GANACHE (1), REAL CHOCOLATE ROLL (1), REDBEAN BREAD (1)","TWIST DONUT (2), BROWNIE (1), REAL GANACHE (1), REAL CHOCOLATE ROLL (1), REDBEAN BREAD (1)",restaurant,General Retail
dataset/temp_cord/image/receipt_00369.png,CORD,,,,60000.00,"HZ CHOCO MT (L) TOPPING (1 x), MANGO GT (L) (1 x)","HZ CHOCO MT (L) TOPPING (1 x), MANGO GT (L) (1 x)",restaurant,General Retail
dataset/temp_cord/image/receipt_00370.png,CORD,,,,41500.00,"CKM 1 OR (1), Sundae (1)","CKM 1 OR (1), Sundae (1)",restaurant,General Retail
dataset/temp_cord/image/receipt_00371.png,CORD,,,,42000.00,"S-Ovaltine Macchiat (1X), S-Hazelnut Milk Tea (1X)","S-Ovaltine Macchiat (1X), S-Hazelnut Milk Tea (1X)",restaurant,Food & Beverage
dataset/temp_cord/image/receipt_00373.png,CORD,,,,43500.00,"Bento Barbeque (1), Lychee Float (1), KFC Winger HC (1)","Bento Barbeque (1), Lychee Float (1), KFC Winger HC (1)",restaurant,General Retail
dataset/temp_cord/image/receipt_00374.png,CORD,,,,70.00,"3002-Kyoto Choco Mochi (x4), 3001-Sakura Mochi (x1), 6001-Plastic Bag Small (x1)","3002-Kyoto Choco Mochi (x4), 3001-Sakura Mochi (x1), 6001-Plastic Bag Small (x1)",restaurant,General Retail
dataset/temp_cord/image/receipt_00375.png,CORD,,,,315.70,"Grande (3), Lemon grass tea (Dine in) (1), Cheese Tea Hokkaido Melon (3), Air Mineral (2)","Grande (3), Lemon grass tea (Dine in) (1), Cheese Tea Hokkaido Melon (3), Air Mineral (2)",restaurant,Food & Beverage
dataset/temp_cord/image/receipt_00376.png,CORD,,,,181271.00,"SWEEAT ICE TEA (1), OREO MILK BLEND (1), FRIED RC SFOOD (1), SHISHA (1), MASHED POTATO (1)","SWEEAT ICE TEA (1), OREO MILK BLEND (1), FRIED RC SFOOD (1), SHISHA (1), MASHED POTATO (1)",restaurant,Food & Beverage
dataset/temp_cord/image/receipt_00379.png,CORD,,,,80000.00,"Original Hugarian Ku (1x), Original Hugarian Ku (1x), Original Hugarian Ku (1x), Original Hugarian Ku (1x)","Original Hugarian Ku (1x), Original Hugarian Ku (1x), Original Hugarian Ku (1x), Original Hugarian Ku (1x)",restaurant,General Retail
dataset/temp_cord/image/receipt_00381.png,CORD,,,,16000.00,"RB. AI-AI CHOCO (1), RB. COKLAT COFFEE (1)","RB. AI-AI CHOCO (1), RB. COKLAT COFFEE (1)",restaurant,Food & Beverage
dataset/temp_cord/image/receipt_00385.png,CORD,,,,268950.00,"CHOCO CHIP (1.0), NOUGAT ICE CREAM (2.0), AMANDEL BROOD (1.0), BOKKEPOOTJES (1.0), CHOCOLATE ICE CREAM (2.0), MOCCA ICE CREAM (1.0)","CHOCO CHIP (1.0), NOUGAT ICE CREAM (2.0), AMANDEL BROOD (1.0), BOKKEPOOTJES (1.0), CHOCOLATE ICE CREAM (2.0), MOCCA ICE CREAM (1.0)",restaurant,General Retail
dataset/temp_cord/image/receipt_00386.png,CORD,,,,1198648.00,"HOT OCHA (1), OCHA (3), WAKI PLATTER FOR 4-5 (1), CHAPJEA (1), KALBI PLATTER 2-3 (1), MARBLED SIRLOIN STEAK 200gr (1)","HOT OCHA (1), OCHA (3), WAKI PLATTER FOR 4-5 (1), CHAPJEA (1), KALBI PLATTER 2-3 (1), MARBLED SIRLOIN STEAK 200gr (1)",restaurant,Food & Beverage
dataset/temp_cord/image/receipt_00388.png,CORD,,,,553200.00,"escargot florentine (1), Zurich Geschnitzel (1), Valdostana (3), Chicken Herb Crust (1), Lasagna Di Carne (1), Lemon Jc (1), Apple Pie (1), hot tea (1), hot lemon tea (1)","escargot florentine (1), Zurich Geschnitzel (1), Valdostana (3), Chicken Herb Crust (1), Lasagna Di Carne (1), Lemon Jc (1), Apple Pie (1), hot tea (1), hot lemon tea (1)",restaurant,Food & Beverage
dataset/temp_cord/image/receipt_00392.png,CORD,,,,30.00,"ROTI ""0"" (x 3), SHOPPING BAG ROTI'O' 370/ (x 1)","ROTI ""0"" (x 3), SHOPPING BAG ROTI'O' 370/ (x 1)",restaurant,General Retail
dataset/temp_cord/image/receipt_00393.png,CORD,,,,25.00,"4005-Maple glazed (x1), 6001-Plastic Bag Small (x1)","4005-Maple glazed (x1), 6001-Plastic Bag Small (x1)",restaurant,General Retail
dataset/temp_cord/image/receipt_00394.png,CORD,,,,22.00,"1001-Choco Bun (x1), 6001-Plastic Bag Small (x1)","1001-Choco Bun (x1), 6001-Plastic Bag Small (x1)",restaurant,General Retail
dataset/temp_cord/image/receipt_00395.png,CORD,,,,156.00,"Bakmi Ayam Spc Ng (3), Box Bakmie (M) (3), Bakmi Ultah (1), Box Yi Fu Mie (L) (1)","Bakmi Ayam Spc Ng (3), Box Bakmie (M) (3), Bakmi Ultah (1), Box Yi Fu Mie (L) (1)",restaurant,General Retail
dataset/temp_cord/image/receipt_00397.png,CORD,,,,188499.00,"PILLOW COKLAT (1X), PILLOW DURIAN (1X), AYAM (2X), BANANA SPLIT (3X), DONATCOKLAT (4X), AYAM (1X), PLASTIK TENTENG KECIL (1X)","PILLOW COKLAT (1X), PILLOW DURIAN (1X), AYAM (2X), BANANA SPLIT (3X), DONATCOKLAT (4X), AYAM (1X), PLASTIK TENTENG KECIL (1X)",restaurant,General Retail
dataset/temp_cord/image/receipt_00398.png,CORD,,,,45000.00,"KCS 1, WHOP JR 15K, CHANGE TO CHICKEN BOX","KCS 1, WHOP JR 15K, CHANGE TO CHICKEN BOX",restaurant,Food & Beverage
dataset/temp_cord/image/receipt_00400.png,CORD,,,,110000.00,"(TW) MIE GORENG AYAM (1), (TW)NASI GORENG (1), NASI GORENG (1), ES TEH TAWAR (2)","(TW) MIE GORENG AYAM (1), (TW)NASI GORENG (1), NASI GORENG (1), ES TEH TAWAR (2)",restaurant,Food & Beverage
dataset/temp_cord/image/receipt_00401.png,CORD,,,,36.00,"Bakso Campur (1), Es Teh Manis (1)","Bakso Campur (1), Es Teh Manis (1)",restaurant,General Retail
dataset/temp_cord/image/receipt_00404.png,CORD,,,,49000.00,"ORIGINAL COMBO (1), ORIGINAL COMBO (1)","ORIGINAL COMBO (1), ORIGINAL COMBO (1)",restaurant,General Retail
dataset/temp_cord/image/receipt_00407.png,CORD,,,,39200.00,"LAPIS SINGAPUR (2X), LEMPER (2X), AREM AREM, MIKA BESAR, PLASTIK SEDANG","LAPIS SINGAPUR (2X), LEMPER (2X), AREM AREM, MIKA BESAR, PLASTIK SEDANG",restaurant,General Retail
dataset/temp_cord/image/receipt_00408.png,CORD,,,,31.50,"GoFood Beragam - ICE LAT TE (1), ES KOPI SUSU (1)","GoFood Beragam - ICE LAT TE (1), ES KOPI SUSU (1)",restaurant,Food & Beverage
dataset/temp_cord/image/receipt_00413.png,CORD,,,,275000.00,"CHIKATSU BEN (10X), BOX T. O (10X), OCHA (10X)","CHIKATSU BEN (10X), BOX T. O (10X), OCHA (10X)",restaurant,General Retail
dataset/temp_cord/image/receipt_00416.png,CORD,,,,133000.00,"NIKU UDON (1), ABURA UDON (SPICY) (1), INARI (1), KAKIAGE TEMPURA (1), COLD OCHA (1)","NIKU UDON (1), ABURA UDON (SPICY) (1), INARI (1), KAKIAGE TEMPURA (1), COLD OCHA (1)",restaurant,General Retail
dataset/temp_cord/image/receipt_00417.png,CORD,,,,95.00,"Blend GT (M) (1), Es Kopi Susu Pandan (1)","Blend GT (M) (1), Es Kopi Susu Pandan (1)",restaurant,General Retail
dataset/temp_cord/image/receipt_00418.png,CORD,,,,110000.00,"SAUSAGE DONUT (1), TLJ CROQUETTE (1), CORONET (2), SPOOKY SOBORO (2), SCREAMING RED BEAN (1), PIZZA TOAST (1)","SAUSAGE DONUT (1), TLJ CROQUETTE (1), CORONET (2), SPOOKY SOBORO (2), SCREAMING RED BEAN (1), PIZZA TOAST (1)",restaurant,Food & Beverage
dataset/temp_cord/image/receipt_00419.png,CORD,,,,369600.00,"Pork Belly Cheese Fries (1), Reflection Sparkling (1), Hot Black Cofee (1), Nasi Campur ala Bali (2), Oriental ""Ketjap"" Pork Rice (1)","Pork Belly Cheese Fries (1), Reflection Sparkling (1), Hot Black Cofee (1), Nasi Campur ala Bali (2), Oriental ""Ketjap"" Pork Rice (1)",restaurant,Food & Beverage
dataset/temp_cord/image/receipt_00421.png,CORD,,,,53000.00,"OCHA COLD (1), ABURA SOBA CHK (1)","OCHA COLD (1), ABURA SOBA CHK (1)",restaurant,General Retail
dataset/temp_cord/image/receipt_00422.png,CORD,,,,62.00,"Thai Tea - ICE (1), Green Tea ICE (1), Thai Coffee ICE (1)","Thai Tea - ICE (1), Green Tea ICE (1), Thai Coffee ICE (1)",restaurant,Food & Beverage
dataset/temp_cord/image/receipt_00423.png,CORD,,,,22000.00,"[MD] SOFT STEAMED CHEESEC (1), CHOCO CUSTARD PASTRY (1)","[MD] SOFT STEAMED CHEESEC (1), CHOCO CUSTARD PASTRY (1)",restaurant,Food & Beverage
dataset/temp_cord/image/receipt_00425.png,CORD,,,,135000.00,"ES TEH MANIS (2), NS FILET IKN ASM MNS (1), NS+AYAM GR TPG (1), NASI GORENG SPC (1)","ES TEH MANIS (2), NS FILET IKN ASM MNS (1), NS+AYAM GR TPG (1), NASI GORENG SPC (1)",restaurant,Food & Beverage
dataset/temp_cord/image/receipt_00426.png,CORD,,,,145900.00,"COLD OCHA (1), BCA PROMO (1), SKEWERED SHUMAI (1), SKEWERED TOFU ROLL (1), EBI TEMPURA (1), KITSUNE UDON (KIDS) (1)","COLD OCHA (1), BCA PROMO (1), SKEWERED SHUMAI (1), SKEWERED TOFU ROLL (1), EBI TEMPURA (1), KITSUNE UDON (KIDS) (1)",restaurant,General Retail
dataset/temp_cord/image/receipt_00427.png,CORD,,,,726495.00,"Pangsit Delima (1), Lumpia Udg K Th (1), Ha Kaou Udng (1), Cheong Fen Udg (1), Hatosi Rambutan (2), Sio May Kpting (1), Kwo Tie Jala2 (1), Pancake Durian (1), Mie Gr Udg Gala (1), Lamien Udang T (1), Lamien Aym Ktsu (1), Ns Pgng Kj Sp (1), Kwt Polos Mdn (1), N Aym Hainam Jl (1), Chinese Tea (1), Ice Lemon Tea (1), Mineral Water (2)","Pangsit Delima (1), Lumpia Udg K Th (1), Ha Kaou Udng (1), Cheong Fen Udg (1), Hatosi Rambutan (2), Sio May Kpting (1), Kwo Tie Jala2 (1), Pancake Durian (1), Mie Gr Udg Gala (1), Lamien Udang T (1), Lamien Aym Ktsu (1), Ns Pgng Kj Sp (1), Kwt Polos Mdn (1), N Aym Hainam Jl (1), Chinese Tea (1), Ice Lemon Tea (1), Mineral Water (2)",restaurant,Food & Beverage
dataset/temp_cord/image/receipt_00429.png,CORD,,,,256608.00,"BLACKCURRANT (1), FRIED CALAMARI (1), SALTED EGG FISH & CHIPS (1), DANISH FISH & CHIPS (1)","BLACKCURRANT (1), FRIED CALAMARI (1), SALTED EGG FISH & CHIPS (1), DANISH FISH & CHIPS (1)",restaurant,General Retail
dataset/temp_cord/image/receipt_00430.png,CORD,,,,87.00,"4005-Maple glazed (x1), 6001-Plastic Bag Small (x1), 5003-Chokoreto Cookies (x1)","4005-Maple glazed (x1), 6001-Plastic Bag Small (x1), 5003-Chokoreto Cookies (x1)",restaurant,General Retail
dataset/temp_cord/image/receipt_00432.png,CORD,,,,55.00,"XXI Java Tea Spc (1), Popcorn Sweet (S) (1)","XXI Java Tea Spc (1), Popcorn Sweet (S) (1)",restaurant,Food & Beverage
dataset/temp_cord/image/receipt_00433.png,CORD,,,,125000.00,"TORI BAITAN UDON (1), BEEF CURRY RICE (1), INARI (1), COLD OCHA (1)","TORI BAITAN UDON (1), BEEF CURRY RICE (1), INARI (1), COLD OCHA (1)",restaurant,Food & Beverage
dataset/temp_cord/image/receipt_00435.png,CORD,,,,77000.00,"PREMIUM MILK PAN BREAD (1), CREAMCHEESE WALNUT BREAD (1), ROLL-IT PIZZA BREAD (1)","PREMIUM MILK PAN BREAD (1), CREAMCHEESE WALNUT BREAD (1), ROLL-IT PIZZA BREAD (1)",restaurant,Food & Beverage
dataset/temp_cord/image/receipt_00436.png,CORD,,,,127500.00,"JAPANEESE GR TEA HOT (1), CHICKEN SKIN (1), GYU MOZZA DON (1), C.KATSU NOODLE HP (1)","JAPANEESE GR TEA HOT (1), CHICKEN SKIN (1), GYU MOZZA DON (1), C.KATSU NOODLE HP (1)",restaurant,Food & Beverage
dataset/temp_cord/image/receipt_00437.png,CORD,,,,256000.00,"TALKING ACTIVITY BK (1), KERTAS KADO 1500 (1)","TALKING ACTIVITY BK (1), KERTAS KADO 1500 (1)",restaurant,General Retail
dataset/temp_cord/image/receipt_00438.png,CORD,,,,97500.00,"H N Cheesy Chic (1), Rice Organik (1), K.Chees Chic RC (1), MOCA FLT OVLTIN (1), Perkedel (1), FFries Large (1)","H N Cheesy Chic (1), Rice Organik (1), K.Chees Chic RC (1), MOCA FLT OVLTIN (1), Perkedel (1), FFries Large (1)",restaurant,Food & Beverage
dataset/temp_cord/image/receipt_00439.png,CORD,,,,1126510.00,"PaulanerP1 (1), DarkBeer0.5L (1), Weiss 0.3 L (1), Grill Sea Bass (2), LgrBeer0.3L (1), FlyDark 0.3 (1), DarkBeer0.3L (1)","PaulanerP1 (1), DarkBeer0.5L (1), Weiss 0.3 L (1), Grill Sea Bass (2), LgrBeer0.3L (1), FlyDark 0.3 (1), DarkBeer0.3L (1)",restaurant,Food & Beverage
dataset/temp_cord/image/receipt_00440.png,CORD,,,,24.00,"1004-Smoked Cheese & Mushroom (x1), 6001-Plastic Bag Small (x1)","1004-Smoked Cheese & Mushroom (x1), 6001-Plastic Bag Small (x1)",restaurant,General Retail
dataset/temp_cord/image/receipt_00442.png,CORD,,,,194469.00,"SHISAMO MENTAIKO (1), SALMON BACON (1), DYNAMITE SCALLOP (1), TOBIKO TOFU (1)","SHISAMO MENTAIKO (1), SALMON BACON (1), DYNAMITE SCALLOP (1), TOBIKO TOFU (1)",restaurant,General Retail
dataset/temp_cord/image/receipt_00445.png,CORD,,,,42500.00,"ALMOND SUGAR MILK BREAD (1), POTATO SAUSAGE BREAD (1)","ALMOND SUGAR MILK BREAD (1), POTATO SAUSAGE BREAD (1)",restaurant,Food & Beverage
dataset/temp_cord/image/receipt_00448.png,CORD,,,,113000.00,"Berry Many-Low (P) (1), 500 days of summer (P) (1), sun kissed (P) (1), PLASTIC BAG (1)","Berry Many-Low (P) (1), 500 days of summer (P) (1), sun kissed (P) (1), PLASTIC BAG (1)",restaurant,General Retail
dataset/temp_cord/image/receipt_00449.png,CORD,,,,66000.00,"KING DEAL CHEESE BURGER R, KINGBBOBPG ML REG, MED ICED LEMON TEA","KING DEAL CHEESE BURGER R, KINGBBOBPG ML REG, MED ICED LEMON TEA",restaurant,Food & Beverage
dataset/temp_cord/image/receipt_00450.png,CORD,,,,21000.00,"CUSTARD BRIOCHE (1), CUSTARD SOBORO (1)","CUSTARD BRIOCHE (1), CUSTARD SOBORO (1)",restaurant,General Retail
dataset/temp_cord/image/receipt_00454.png,CORD,,,,45000.00,"MILK CREAM BREAD (1), REAL MILK CHOCO BREAD (1), RED BEAN BRAIDED BREAD (1)","MILK CREAM BREAD (1), REAL MILK CHOCO BREAD (1), RED BEAN BRAIDED BREAD (1)",restaurant,Food & Beverage
dataset/temp_cord/image/receipt_00455.png,CORD,,,,70.60,"BASO TAHU (1), NASI PUTIH (1), TAHU SATUAN (1)","BASO TAHU (1), NASI PUTIH (1), TAHU SATUAN (1)",restaurant,Food & Beverage
dataset/temp_cord/image/receipt_00456.png,CORD,,,,159638.00,"mush pasta (1), chic ques (1)","mush pasta (1), chic ques (1)",restaurant,General Retail
dataset/temp_cord/image/receipt_00459.png,CORD,,,,104.50,"ZUPPA SOUP, CHILLY N'CHEESE, BEEF CHEDDAR PO, MINERAL WATER","ZUPPA SOUP, CHILLY N'CHEESE, BEEF CHEDDAR PO, MINERAL WATER",restaurant,General Retail
dataset/temp_cord/image/receipt_00461.png,CORD,,,,53000.00,"KFC Winger HC (2), Soaghetti Deluxe (1)","KFC Winger HC (2), Soaghetti Deluxe (1)",restaurant,General Retail
dataset/temp_cord/image/receipt_00465.png,CORD,,,,56760.00,"NASI RAMES, AYAM PANGGANG, ES TEH/TAWAR","NASI RAMES, AYAM PANGGANG, ES TEH/TAWAR",restaurant,Food & Beverage
dataset/temp_cord/image/receipt_00466.png,CORD,,,,104000.00,"NEW BEEF SPAGHETTI (1), P/P AMERICAN FAV (1), PAKET HAPPY HOUR (1)","NEW BEEF SPAGHETTI (1), P/P AMERICAN FAV (1), PAKET HAPPY HOUR (1)",restaurant,General Retail
dataset/temp_cord/image/receipt_00468.png,CORD,,,,,"Nasi CampurBali (2), Sambal Besar (1), Sambal Kecil (1), Es Teh Manis (2), KrpBangka/Bawang (1)","Nasi CampurBali (2), Sambal Besar (1), Sambal Kecil (1), Es Teh Manis (2), KrpBangka/Bawang (1)",restaurant,Food & Beverage
dataset/temp_cord/image/receipt_00469.png,CORD,,,,42500.00,"Hero (2), Choco Bite (3)","Hero (2), Choco Bite (3)",restaurant,General Retail
dataset/temp_cord/image/receipt_00472.png,CORD,,,,3100.00,"LE MINERALE 600ML (1), PLASTIK SDG (1)","LE MINERALE 600ML (1), PLASTIK SDG (1)",restaurant,General Retail
dataset/temp_cord/image/receipt_00475.png,CORD,,,,1096040.00,"IKAN GURAME MED (1), CUMI GR JUNJAN (1), CUMI GR TEPUNG (1), AGSIO TH PC JMR (1), POCAI BWG PUTIH (1), LUMPIA UDG PREM (1), NASI PUTIH (6), HOT TEA (3), AQUA (1), ICED TEA (2), ICED TEA (1)","IKAN GURAME MED (1), CUMI GR JUNJAN (1), CUMI GR TEPUNG (1), AGSIO TH PC JMR (1), POCAI BWG PUTIH (1), LUMPIA UDG PREM (1), NASI PUTIH (6), HOT TEA (3), AQUA (1), ICED TEA (2), ICED TEA (1)",restaurant,Food & Beverage
dataset/temp_cord/image/receipt_00476.png,CORD,,,,75500.00,"PLASTIC BAG (1), Pink Panther (P) (1), Red dragon (P) (1)","PLASTIC BAG (1), Pink Panther (P) (1), Red dragon (P) (1)",restaurant,General Retail
dataset/temp_cord/image/receipt_00477.png,CORD,,,,76000.00,"CAPPUCCINO, ORANGE JUICE (2X)","CAPPUCCINO, ORANGE JUICE (2X)",restaurant,Food & Beverage
dataset/temp_cord/image/receipt_00478.png,CORD,,,,231.00,"Pecel Pincuk (10), Tahu Bacem (5), Tempe Bacem (5), Empal (2), Peyek Parcel (1)","Pecel Pincuk (10), Tahu Bacem (5), Tempe Bacem (5), Empal (2), Peyek Parcel (1)",restaurant,General Retail
dataset/temp_cord/image/receipt_00479.png,CORD,,,,498608.00,"VALINO DONNA (2), SB SIZE 45.5","VALINO DONNA (2), SB SIZE 45.5",restaurant,General Retail
dataset/temp_cord/image/receipt_00481.png,CORD,,,,62.00,"1517-ROTI KENTANG KEJU MANIS (x1), 1009-ROTI KELAPA (x3), 1439-TUNA CHEESE WHEAT SANDWICH (x1), 1244-PLASTIK TENTENGAN SEDANG (x1)","1517-ROTI KENTANG KEJU MANIS (x1), 1009-ROTI KELAPA (x3), 1439-TUNA CHEESE WHEAT SANDWICH (x1), 1244-PLASTIK TENTENGAN SEDANG (x1)",restaurant,General Retail
dataset/temp_cord/image/receipt_00482.png,CORD,,,,42000.00,"THAI ICETEA, ICE GREENTEA","THAI ICETEA, ICE GREENTEA",restaurant,Food & Beverage
dataset/temp_cord/image/receipt_00487.png,CORD,,,,76000.00,"R.PISANG COKLAT (2), D.RING COKLAT (2), R.BANA CHIP (1), R.TAWAR ISI 2 (1), NU GREENTEA ORGE (1), YAKULT ISI 5 PCS (2)","R.PISANG COKLAT (2), D.RING COKLAT (2), R.BANA CHIP (1), R.TAWAR ISI 2 (1), NU GREENTEA ORGE (1), YAKULT ISI 5 PCS (2)",restaurant,Food & Beverage
dataset/temp_cord/image/receipt_00491.png,CORD,,,,21000.00,"TWIST DONUT (1), CUSTARD SOB RO (1)","TWIST DONUT (1), CUSTARD SOB RO (1)",restaurant,General Retail
dataset/temp_cord/image/receipt_00492.png,CORD,,,,80300.00,"NASI PUTIH, AYAM GR BUMBU (2X), NESTLE 330 ML (2X)","NASI PUTIH, AYAM GR BUMBU (2X), NESTLE 330 ML (2X)",restaurant,Food & Beverage
dataset/temp_cord/image/receipt_00493.png,CORD,,,,41.00,"Large 1 (1), Small 1 (3), *PlastiK Kcl (1)","Large 1 (1), Small 1 (3), *PlastiK Kcl (1)",restaurant,General Retail
dataset/temp_cord/image/receipt_00496.png,CORD,,,,56000.00,"BBQ Chicken (1), Mineral Water 600 ml (1), Teh Pucuk 350 ml (1)","BBQ Chicken (1), Mineral Water 600 ml (1), Teh Pucuk 350 ml (1)",restaurant,Food & Beverage
dataset/temp_cord/image/receipt_00498.png,CORD,,,,21000.00,"MILK PASTRY ROLL (1), CARAMEL PASTRY (1)","MILK PASTRY ROLL (1), CARAMEL PASTRY (1)",restaurant,Food & Beverage
dataset/temp_cord/image/receipt_00499.png,CORD,,,,120.00,"YIFUMI (1), Bihun Goreng (1), Nasi Goreng (1)","YIFUMI (1), Bihun Goreng (1), Nasi Goreng (1)",restaurant,Food & Beverage
dataset/temp_cord/image/receipt_00500.png,CORD,,,,6363663636.00,"BASO TAHU BIHUN (1), LIMAU KASTURI (1), LOYALTY PROGRAM (1)","BASO TAHU BIHUN (1), LIMAU KASTURI (1), LOYALTY PROGRAM (1)",restaurant,General Retail
dataset/temp_cord/image/receipt_00501.png,CORD,,,,63498.00,"CHICKEN PICATTA (1), JAVA TEA (1)","CHICKEN PICATTA (1), JAVA TEA (1)",restaurant,Food & Beverage
dataset/temp_cord/image/receipt_00502.png,CORD,,,,19850.00,"VANBOOLEN, JONGKONG, PLASTIK KECIL, SENDOK BEBEK","VANBOOLEN, JONGKONG, PLASTIK KECIL, SENDOK BEBEK",restaurant,General Retail
dataset/temp_cord/image/receipt_00503.png,CORD,,,,36362.00,"MDSE ST, Ayam Grg Kalasan (1x), Tempe (3x)","MDSE ST, Ayam Grg Kalasan (1x), Tempe (3x)",restaurant,General Retail
dataset/temp_cord/image/receipt_00505.png,CORD,,,,54950.00,"LUMPIA (2X), BANANA KISMIS, SOSIS SOLO, LUMPUR, DADAR PISANG, KLEPON, BUGIS, MACARONI, PLASTIK TENTENG","LUMPIA (2X), BANANA KISMIS, SOSIS SOLO, LUMPUR, DADAR PISANG, KLEPON, BUGIS, MACARONI, PLASTIK TENTENG",restaurant,General Retail
dataset/temp_cord/image/receipt_00508.png,CORD,,,,21.00,"1013-ROTI NANAS (x1), 3025-BOLU GULUNG MOCCA PTG (x1), 5014-LEMPER IKAN (x1), 1245-PLASTIK TENTENGAN KECIL (x1)","1013-ROTI NANAS (x1), 3025-BOLU GULUNG MOCCA PTG (x1), 5014-LEMPER IKAN (x1), 1245-PLASTIK TENTENGAN KECIL (x1)",restaurant,General Retail
dataset/temp_cord/image/receipt_00510.png,CORD,,,,48.00,"1026-Garlic Pesto (x1), 1028-Dark Choco Creamcheese (x1), 6001-Plastic Bag Small (x1)","1026-Garlic Pesto (x1), 1028-Dark Choco Creamcheese (x1), 6001-Plastic Bag Small (x1)",restaurant,General Retail
dataset/temp_cord/image/receipt_00511.png,CORD,,,,30000.00,"TWIST STRAWBERRY DONUT (2), TWIST ORANGE CHOCO DONUT (1)","TWIST STRAWBERRY DONUT (2), TWIST ORANGE CHOCO DONUT (1)",restaurant,General Retail
dataset/temp_cord/image/receipt_00512.png,CORD,,,,43000.00,"Gado Gado (1), Nasi Putih GG (1)","Gado Gado (1), Nasi Putih GG (1)",restaurant,Food & Beverage
dataset/temp_cord/image/receipt_00514.png,CORD,,,,35000.00,"APPLE PIE (2), APPLE CREAMCHEESE PASTRY (1)","APPLE PIE (2), APPLE CREAMCHEESE PASTRY (1)",restaurant,General Retail
dataset/temp_cord/image/receipt_00515.png,CORD,,,,105600.00,"ZUPPA SOUP (3.000x), MINERAL WATER (3.000x)","ZUPPA SOUP (3.000x), MINERAL WATER (3.000x)",restaurant,General Retail
dataset/temp_cord/image/receipt_00516.png,CORD,,,,156090.00,"ChicTeriyakiTeishoku (1), JapaneseBeef Hamburg (1), Ocha Cold (1), Ocha Hot (1)","ChicTeriyakiTeishoku (1), JapaneseBeef Hamburg (1), Ocha Cold (1), Ocha Hot (1)",restaurant,General Retail
dataset/temp_cord/image/receipt_00517.png,CORD,,,,87000.00,"MILK PASTRY ROLL (3), REDBEAN BREAD (4), FRANKFRUT SAUSAGE ROLL (2)","MILK PASTRY ROLL (3), REDBEAN BREAD (4), FRANKFRUT SAUSAGE ROLL (2)",restaurant,Food & Beverage
dataset/temp_cord/image/receipt_00520.png,CORD,,,,23.00,"Premier Mineral Water (L t1) (1), Lychee Tea (1)","Premier Mineral Water (L t1) (1), Lychee Tea (1)",restaurant,Food & Beverage
dataset/temp_cord/image/receipt_00521.png,CORD,,,,172000.00,"NEW BEEF SPAGHETTI (1), NEW BEEF LASAGNA (1), PAKET BER2 (1)","NEW BEEF SPAGHETTI (1), NEW BEEF LASAGNA (1), PAKET BER2 (1)",restaurant,General Retail
dataset/temp_cord/image/receipt_00522.png,CORD,,,,63500.00,"Kuey Teow Goreng Singapore (1x), Tea (Ice) (1x)","Kuey Teow Goreng Singapore (1x), Tea (Ice) (1x)",restaurant,Food & Beverage
dataset/temp_cord/image/receipt_00527.png,CORD,,,,777840.00,"OPEN KITCHEN (1), OPEN KITCHEN (1), TAHU LAMPION (1), SUP JGG KPT (1), AYAM PANGGANG (1), CHINESE TE (2), LUMPIA UDANG (1), OPEN KITCHEN (1), NASI PUTIH (5)","OPEN KITCHEN (1), OPEN KITCHEN (1), TAHU LAMPION (1), SUP JGG KPT (1), AYAM PANGGANG (1), CHINESE TE (2), LUMPIA UDANG (1), OPEN KITCHEN (1), NASI PUTIH (5)",restaurant,Food & Beverage
dataset/temp_cord/image/receipt_00528.png,CORD,,,,70000.00,"CHOCOLATE ECLAIR (1), DOUBLE CHEESE PAN BREAD(L (1), WHOLE WHEAT PAN BREAD (1)","CHOCOLATE ECLAIR (1), DOUBLE CHEESE PAN BREAD(L (1), WHOLE WHEAT PAN BREAD (1)",restaurant,General Retail
dataset/temp_cord/image/receipt_00533.png,CORD,,,,60000.00,"TROPICAL PUNCH (1), SOUP 50% (1), SALAD BAR 50% (1)","TROPICAL PUNCH (1), SOUP 50% (1), SALAD BAR 50% (1)",restaurant,General Retail
dataset/temp_cord/image/receipt_00534.png,CORD,,,,36.50,"3190-Disney Taartjes Siram Coklat (x1), 1245-Plastik Tentengan Kecil (x1), 4032-Mini Glazed Croissant (isi 5 pcs) (x1)","3190-Disney Taartjes Siram Coklat (x1), 1245-Plastik Tentengan Kecil (x1), 4032-Mini Glazed Croissant (isi 5 pcs) (x1)",restaurant,General Retail
dataset/temp_cord/image/receipt_00538.png,CORD,,,,287.60,"Mineral Water (1), Nasi Goreng Buntut (1), NASI LIWET (1), Ayam Penyet Sambal Glede (1), Mendoan (1), Teh Tawar Panas (2), Teh Tubruk Jahe (1)","Mineral Water (1), Nasi Goreng Buntut (1), NASI LIWET (1), Ayam Penyet Sambal Glede (1), Mendoan (1), Teh Tawar Panas (2), Teh Tubruk Jahe (1)",restaurant,Food & Beverage
dataset/temp_cord/image/receipt_00539.png,CORD,,,,146.62,"Combo 4 (1), Crispy Mushroom (1), Equil Natural (1)","Combo 4 (1), Crispy Mushroom (1), Equil Natural (1)",restaurant,General Retail
dataset/temp_cord/image/receipt_00540.png,CORD,,,,31500.00,"SB 1 HC (1), CHARGE TA (1)","SB 1 HC (1), CHARGE TA (1)",restaurant,General Retail
dataset/temp_cord/image/receipt_00544.png,CORD,,,,196350.00,"SUSHI SALMON (1.00), SALAD DRESSING THOUSAND ISLAND (1.00), LEMONADE (2.00), SHRIMP SATSUMA (1.00), SHITAKE SKEWER (1.00), SPICY TEMPURA (1.00), SAUCE SHOYU SUSHI YAMASA HALAL (10.00), SUSHI SALMON FRESH PAKET (1.00), SENDOK DAN GARPU PLASTIK (1.00), TOBIKKO ORANGE (3.00), TAMAGO (1.00), SATSUMA AGE NIGIRI (1.00)","SUSHI SALMON (1.00), SALAD DRESSING THOUSAND ISLAND (1.00), LEMONADE (2.00), SHRIMP SATSUMA (1.00), SHITAKE SKEWER (1.00), SPICY TEMPURA (1.00), SAUCE SHOYU SUSHI YAMASA HALAL (10.00), SUSHI SALMON FRESH PAKET (1.00), SENDOK DAN GARPU PLASTIK (1.00), TOBIKKO ORANGE (3.00), TAMAGO (1.00), SATSUMA AGE NIGIRI (1.00)",restaurant,Supermarket / Grocery
dataset/temp_cord/image/receipt_00545.png,CORD,,,,376640.00,"M02.LMK BEEF RNDANG (1), I13.SIMANGOSONG (1), 101.NS BEBEK KAMPUNG (1), A13.MIE ACP (1), CT06.TEA 0 HOT R. (2), CT06.TEA 0 ICE R. (3), NO1.MR.MI TLR ASIN (1)","M02.LMK BEEF RNDANG (1), I13.SIMANGOSONG (1), 101.NS BEBEK KAMPUNG (1), A13.MIE ACP (1), CT06.TEA 0 HOT R. (2), CT06.TEA 0 ICE R. (3), NO1.MR.MI TLR ASIN (1)",restaurant,Food & Beverage
dataset/temp_cord/image/receipt_00547.png,CORD,,,,39000.00,"SAUSAGE DONUT (1), PREMIUM TOAST PAN BREAD (1)","SAUSAGE DONUT (1), PREMIUM TOAST PAN BREAD (1)",restaurant,General Retail
dataset/temp_cord/image/receipt_00548.png,CORD,,,,86.00,"1057-French Bread Puding (x1), 1001-Choco Bun (x3), 6002-Plastic Bag Medium (x1)","1057-French Bread Puding (x1), 1001-Choco Bun (x3), 6002-Plastic Bag Medium (x1)",restaurant,General Retail
dataset/temp_cord/image/receipt_00549.png,CORD,,,,49000.00,"[MD] SOFT STEAMED CHOCOCA (1), [MD] SOFT STEAMED CHEESEC (1), [MD] MINI CASTELLA ORIGIN (1), REDBEAN BREAD (2)","[MD] SOFT STEAMED CHOCOCA (1), [MD] SOFT STEAMED CHEESEC (1), [MD] MINI CASTELLA ORIGIN (1), REDBEAN BREAD (2)",restaurant,Food & Beverage
dataset/temp_cord/image/receipt_00551.png,CORD,,,,293370.00,"GYOZA AYAM GORENG (1), OCHA DINGIN (3), RAMEN AYAM SPECIAL (3)","GYOZA AYAM GORENG (1), OCHA DINGIN (3), RAMEN AYAM SPECIAL (3)",restaurant,General Retail
dataset/temp_cord/image/receipt_00552.png,CORD,,,,80000.00,"Original Hugarian Ku (1x), Original Hugarian Ku (1x), Original Hugarian Ku (1x), Original Hugarian Ku (1x)","Original Hugarian Ku (1x), Original Hugarian Ku (1x), Original Hugarian Ku (1x), Original Hugarian Ku (1x)",restaurant,General Retail
dataset/temp_cord/image/receipt_00555.png,CORD,,,,,"DL+GA+FF+R+2RB, UP Drink 16 (1), UP Orange 16 (1)","DL+GA+FF+R+2RB, UP Drink 16 (1), UP Orange 16 (1)",restaurant,Food & Beverage
dataset/temp_cord/image/receipt_00556.png,CORD,,,,9900.00,"KP BRANDING S (1), HYDROCOCO 250ML (2)","KP BRANDING S (1), HYDROCOCO 250ML (2)",restaurant,General Retail
dataset/temp_cord/image/receipt_00558.png,CORD,,,,1178.10,"YAKI ADULT (3), SHABU ADULT (3)","YAKI ADULT (3), SHABU ADULT (3)",restaurant,General Retail
dataset/temp_cord/image/receipt_00560.png,CORD,,,,52000.00,"Nasi (1), Soup Patin (1), Kerang/Kikil (1), Tahu Woku (1), Tahu Bakso (1), Teh Kotak (1), Mineral Cup (1)","Nasi (1), Soup Patin (1), Kerang/Kikil (1), Tahu Woku (1), Tahu Bakso (1), Teh Kotak (1), Mineral Cup (1)",restaurant,Food & Beverage
dataset/temp_cord/image/receipt_00563.png,CORD,,,,375000.00,"Mocha (1), Cappucino (1), Ice Tea (1), Lemon Juice (1), Croque Mme. (1), Caesar Salad (1), Canele (Mini) (1)","Mocha (1), Cappucino (1), Ice Tea (1), Lemon Juice (1), Croque Mme. (1), Caesar Salad (1), Canele (Mini) (1)",restaurant,Food & Beverage
dataset/temp_cord/image/receipt_00564.png,CORD,,,,36000.00,"JPR SUS U, L C MESES, PLASTIK 33","JPR SUS U, L C MESES, PLASTIK 33",restaurant,General Retail
dataset/temp_cord/image/receipt_00565.png,CORD,,,,28000.00,"CHOCO CUSTARD PASTRY (1), NOIR PIZZA BREAD (1)","CHOCO CUSTARD PASTRY (1), NOIR PIZZA BREAD (1)",restaurant,Food & Beverage
dataset/temp_cord/image/receipt_00567.png,CORD,,,,100100.00,"PILOW DUR PX, NASI BAKAR, MIKA BESAR, SENDOK MAKAN, SIOMAY (4X), MIKA SEDANG, GARPU MAKAN, MACARONI GR, PASTELGORENG, SEMAR MENDEM, BAKWAN JAGUNG, PLASTIK TENTENG","PILOW DUR PX, NASI BAKAR, MIKA BESAR, SENDOK MAKAN, SIOMAY (4X), MIKA SEDANG, GARPU MAKAN, MACARONI GR, PASTELGORENG, SEMAR MENDEM, BAKWAN JAGUNG, PLASTIK TENTENG",restaurant,Food & Beverage
dataset/temp_cord/image/receipt_00568.png,CORD,,,,46.00,"Large 1 (2), Polo 1 (2), *PlastiK Kcl (1)","Large 1 (2), Polo 1 (2), *PlastiK Kcl (1)",restaurant,General Retail
dataset/temp_cord/image/receipt_00569.png,CORD,,,,34.00,"Sate Babi Manis (2), Sate Babi Bumbu Bali (2), Lapolong (1), Sate Babi Cabe Ijo (1), Paru Babi (1), Ngohiong (1), Es Teh Manis (1)","Sate Babi Manis (2), Sate Babi Bumbu Bali (2), Lapolong (1), Sate Babi Cabe Ijo (1), Paru Babi (1), Ngohiong (1), Es Teh Manis (1)",restaurant,General Retail
dataset/temp_cord/image/receipt_00570.png,CORD,,,,43500.00,"REDBEAN BREAD (1), KAYA BUN (1), REAL MILK CHOCO BREAD (2)","REDBEAN BREAD (1), KAYA BUN (1), REAL MILK CHOCO BREAD (2)",restaurant,Food & Beverage
dataset/temp_cord/image/receipt_00571.png,CORD,,,,101640.00,"SMOKY PAN CLASSIC (1), Chicken Popcorn (1)","SMOKY PAN CLASSIC (1), Chicken Popcorn (1)",restaurant,Food & Beverage
dataset/temp_cord/image/receipt_00574.png,CORD,,,,57900.00,"BASO TAHU (1), NASI PUTIH (1), A.MINERAL GELAS (1)","BASO TAHU (1), NASI PUTIH (1), A.MINERAL GELAS (1)",restaurant,Food & Beverage
dataset/temp_cord/image/receipt_00575.png,CORD,,,,330.00,"Pastel (15x), Kroket (10x)","Pastel (15x), Kroket (10x)",restaurant,General Retail
dataset/temp_cord/image/receipt_00578.png,CORD,,,,34000.00,"SAM DA S00 MINERAL WATER (1), TWIST DONUT (2)","SAM DA S00 MINERAL WATER (1), TWIST DONUT (2)",restaurant,General Retail
dataset/temp_cord/image/receipt_00581.png,CORD,,,,25.00,"4005-Maple glazed (x1), 6001-Plastic Bag Small (x1)","4005-Maple glazed (x1), 6001-Plastic Bag Small (x1)",restaurant,General Retail
dataset/temp_cord/image/receipt_00582.png,CORD,,,,56.00,"BLACKPINK (1), MATCHABERRY (1)","BLACKPINK (1), MATCHABERRY (1)",restaurant,General Retail
dataset/temp_cord/image/receipt_00583.png,CORD,,,,72500.00,"KING DEAL FISH (1), KING DEAL CHEESE BG (1), 1 BIC ALA CARTE (1)","KING DEAL FISH (1), KING DEAL CHEESE BG (1), 1 BIC ALA CARTE (1)",restaurant,General Retail
dataset/temp_cord/image/receipt_00584.png,CORD,,,,79750.00,"BENTO CHICKEN TERIYAKI (1.00), SURIMI - SATSUMA AGE VEGETABLE (1.00), CALAMARI KATSU (1.00), DORI KATSU (1.00), ROBA - SPICY KAWA SKEWER KULIT (1.00), SENDOK DAN GARPU PLASTIK (1.00), SALAD DRESSING SPICY TOMATOES KEWPIE 25ML (1.00)","BENTO CHICKEN TERIYAKI (1.00), SURIMI - SATSUMA AGE VEGETABLE (1.00), CALAMARI KATSU (1.00), DORI KATSU (1.00), ROBA - SPICY KAWA SKEWER KULIT (1.00), SENDOK DAN GARPU PLASTIK (1.00), SALAD DRESSING SPICY TOMATOES KEWPIE 25ML (1.00)",restaurant,Food & Beverage
dataset/temp_cord/image/receipt_00585.png,CORD,,,,34500.00,"Choco Lining Bread (1x), Tuna N Chicken Floos Bread (1x)","Choco Lining Bread (1x), Tuna N Chicken Floos Bread (1x)",restaurant,Food & Beverage
dataset/temp_cord/image/receipt_00586.png,CORD,,,,103000.00,"TWIST DONUT (6), PIZZA TOAST (2), CROQUE MONSIEUR (1)","TWIST DONUT (6), PIZZA TOAST (2), CROQUE MONSIEUR (1)",restaurant,Food & Beverage
dataset/temp_cord/image/receipt_00587.png,CORD,,,,20.00,"1017-Roti Pisang Keju (x1), 1025-Roti Sosis Sapi (x1)","1017-Roti Pisang Keju (x1), 1025-Roti Sosis Sapi (x1)",restaurant,General Retail
dataset/temp_cord/image/receipt_00588.png,CORD,,,,117000.00,"CHICKEN KATSU CURRY RICE (1), NIKU UDON (1), HOT OCHA (1)","CHICKEN KATSU CURRY RICE (1), NIKU UDON (1), HOT OCHA (1)",restaurant,Food & Beverage
dataset/temp_cord/image/receipt_00589.png,CORD,,,,426195.00,"SAMGYOPSAL (2), SUL LUNG TANG (1), MAKOLI (1)","SAMGYOPSAL (2), SUL LUNG TANG (1), MAKOLI (1)",restaurant,General Retail
dataset/temp_cord/image/receipt_00590.png,CORD,,,,55000.00,"BREAD BOX M (1), PEACH PASTRY (3)","BREAD BOX M (1), PEACH PASTRY (3)",restaurant,General Retail
dataset/temp_cord/image/receipt_00592.png,CORD,,,,54500.00,"NB AYAM, TEH/ES TEH MANIS","NB AYAM, TEH/ES TEH MANIS",restaurant,General Retail
dataset/temp_cord/image/receipt_00593.png,CORD,,,,46000.00,"DEPT04, DEPT01","DEPT04, DEPT01",restaurant,General Retail
dataset/temp_cord/image/receipt_00595.png,CORD,,,,211365.00,"CB PR SIRLOIN (1), F.FRIES MEDIUM (2), F.FRIES COMBO (1), BROWN SAUCE (2), ES TEH TAWAR (1), COCA COLA (1)","CB PR SIRLOIN (1), F.FRIES MEDIUM (2), F.FRIES COMBO (1), BROWN SAUCE (2), ES TEH TAWAR (1), COCA COLA (1)",restaurant,General Retail
dataset/temp_cord/image/receipt_00597.png,CORD,,,,22.00,"1001-Choco Bun (x1), 6001-Plastic Bag Small (x1)","1001-Choco Bun (x1), 6001-Plastic Bag Small (x1)",restaurant,General Retail
dataset/temp_cord/image/receipt_00598.png,CORD,,,,23400.00,"WALL'S BABY SHARK 60 (1), MAGNUM WHT ALMND 80 (1), WALL'S FEAST VNILA65 (1)","WALL'S BABY SHARK 60 (1), MAGNUM WHT ALMND 80 (1), WALL'S FEAST VNILA65 (1)",restaurant,General Retail
dataset/temp_cord/image/receipt_00599.png,CORD,,,,65500.00,"Full Box (1), SB 1 HC (1)","Full Box (1), SB 1 HC (1)",restaurant,General Retail
dataset/temp_cord/image/receipt_00601.png,CORD,,,,63910.00,"KOROKE ORI (1), KOROKE CURRY (1), EBI KTSU 1 PCS (1), TSUKUNE (3), MOMO (1), ONIGIRI (1)","KOROKE ORI (1), KOROKE CURRY (1), EBI KTSU 1 PCS (1), TSUKUNE (3), MOMO (1), ONIGIRI (1)",restaurant,General Retail
dataset/temp_cord/image/receipt_00603.png,CORD,,,,81000.00,"TEH PANAS (1), ES TEH TAWAR (1), NASI CAH JAMUR (1), BIHUN GORENG AYAM (1)","TEH PANAS (1), ES TEH TAWAR (1), NASI CAH JAMUR (1), BIHUN GORENG AYAM (1)",restaurant,Food & Beverage
dataset/temp_cord/image/receipt_00604.png,CORD,,,,34.50,"Bihun Ayam Jamur (1), Es Teh (1)","Bihun Ayam Jamur (1), Es Teh (1)",restaurant,General Retail
dataset/temp_cord/image/receipt_00605.png,CORD,,,,128.00,"ES KOPI SUSU (6), ES KOPI SOKLAT (1)","ES KOPI SUSU (6), ES KOPI SOKLAT (1)",restaurant,General Retail
dataset/temp_cord/image/receipt_00606.png,CORD,,,,138600.00,"WARISAN 2 FREE DRINK (1), WARISAN 2 FREE DRINK (1)","WARISAN 2 FREE DRINK (1), WARISAN 2 FREE DRINK (1)",restaurant,Food & Beverage
dataset/temp_cord/image/receipt_00609.png,CORD,,,,34000.00,"CINNAMON SUGAR (1), TRIPPLE CHEESE (1)","CINNAMON SUGAR (1), TRIPPLE CHEESE (1)",restaurant,General Retail
dataset/temp_cord/image/receipt_00610.png,CORD,,,,135500.00,"REGULAR JASMINE TEA, Kupon 7, Kupon 4, BOGO CHEESY RASHER, MS SWISS ML MED","REGULAR JASMINE TEA, Kupon 7, Kupon 4, BOGO CHEESY RASHER, MS SWISS ML MED",restaurant,Food & Beverage
dataset/temp_cord/image/receipt_00611.png,CORD,,,,90.80,"Round Wagyu (1gr) (202), Wagyu Rice Box (1)","Round Wagyu (1gr) (202), Wagyu Rice Box (1)",restaurant,Food & Beverage
dataset/temp_cord/image/receipt_00612.png,CORD,,,,37000.00,"Mineral Water (1), Mocca Float (1), 1 PC CHOCHICKS (1)","Mineral Water (1), Mocca Float (1), 1 PC CHOCHICKS (1)",restaurant,General Retail
dataset/temp_cord/image/receipt_00613.png,CORD,,,,284983.00,"Crispy Egg Corn (1), Mun Tofu (1), Go Hiong (1), Steam Rice (3), Ice Lemon Tea (2)","Crispy Egg Corn (1), Mun Tofu (1), Go Hiong (1), Steam Rice (3), Ice Lemon Tea (2)",restaurant,Food & Beverage
dataset/temp_cord/image/receipt_00614.png,CORD,,,,201.90,"Lemon iced tea (1), Banana Milkshake (1), Heavy alvin potato (1), fettucine Hubert chicken capers (1)","Lemon iced tea (1), Banana Milkshake (1), Heavy alvin potato (1), fettucine Hubert chicken capers (1)",restaurant,Food & Beverage
dataset/temp_cord/image/receipt_00616.png,CORD,,,,56.80,"BASO KWETIAU (1), A.MINERAL BOTOL (1)","BASO KWETIAU (1), A.MINERAL BOTOL (1)",restaurant,General Retail
dataset/temp_cord/image/receipt_00617.png,CORD,,,,78.00,"Dumpling (1), Jamur Kuping (1), Caisim Kecil (1), Lapchiong (2), Otak-otak Singapore (2), Bihun (MLY) (1)","Dumpling (1), Jamur Kuping (1), Caisim Kecil (1), Lapchiong (2), Otak-otak Singapore (2), Bihun (MLY) (1)",restaurant,General Retail
dataset/temp_cord/image/receipt_00619.png,CORD,,,,58.00,"Nasi Goreng (1), Nasi Goreng Ayam (1)","Nasi Goreng (1), Nasi Goreng Ayam (1)",restaurant,Food & Beverage
dataset/temp_cord/image/receipt_00621.png,CORD,,,,80000.00,"TLJ SPANISH COFFEE (2), CLASSIC CREAMCEESE CINNAM (1)","TLJ SPANISH COFFEE (2), CLASSIC CREAMCEESE CINNAM (1)",restaurant,Food & Beverage
dataset/temp_cord/image/receipt_00622.png,CORD,,,,25500.00,"DN. LONG JOHN (1), RB. AI-AI CHOCO (1), RB. SAPSAY CHICKEN (1)","DN. LONG JOHN (1), RB. AI-AI CHOCO (1), RB. SAPSAY CHICKEN (1)",restaurant,Food & Beverage
dataset/temp_cord/image/receipt_00623.png,CORD,,,,441350.00,"IKAN GURAME REG (1), POCAI 3 TELUR (1), UDG GR MAYONAISE (1), TAHU JPG S TRM (1), NASI PUTIH (2), ES TEH TAW GUILINGGAO (2), OPEN DESSERT (1)","IKAN GURAME REG (1), POCAI 3 TELUR (1), UDG GR MAYONAISE (1), TAHU JPG S TRM (1), NASI PUTIH (2), ES TEH TAW GUILINGGAO (2), OPEN DESSERT (1)",restaurant,Food & Beverage
dataset/temp_cord/image/receipt_00624.png,CORD,,,,391545.00,"Chicken Soy Sauce H (1), Butter Cheese Corn (1), Bintang L (1), Chum Churum (1)","Chicken Soy Sauce H (1), Butter Cheese Corn (1), Bintang L (1), Chum Churum (1)",restaurant,Food & Beverage
dataset/temp_cord/image/receipt_00626.png,CORD,,,,161.00,"Mineral Water (S) (1), Pocky Chocolate (1), Nerds Strw Grape (1), Nerds Trop Punch (1), Nerds Watermelon (1)","Mineral Water (S) (1), Pocky Chocolate (1), Nerds Strw Grape (1), Nerds Trop Punch (1), Nerds Watermelon (1)",restaurant,General Retail
dataset/temp_cord/image/receipt_00630.png,CORD,,,,574255.00,"Grilled Salmon Head (1), Set Menu Family (1), Tairyos Salmon Maki (1), Tepanyaki Cawanmushi (2), Teppan Seafood Fr Rc (1), Tobiko Gunkan (1)","Grilled Salmon Head (1), Set Menu Family (1), Tairyos Salmon Maki (1), Tepanyaki Cawanmushi (2), Teppan Seafood Fr Rc (1), Tobiko Gunkan (1)",restaurant,Food & Beverage
dataset/temp_cord/image/receipt_00631.png,CORD,,,,58.50,"CHOC BANANA, CHEESE BUN, SUPER CHEESE, SUPER CHEESE, CLS CHK CHIL, PLASTIC BAG ME","CHOC BANANA, CHEESE BUN, SUPER CHEESE, SUPER CHEESE, CLS CHK CHIL, PLASTIC BAG ME",restaurant,General Retail
dataset/temp_cord/image/receipt_00633.png,CORD,,,,68.50,"Pavarotti (1), Lov Triangle (1), Choco Bun (1), Mgc Chees Wd (1), Hot Cappuccino (1), Ice Cappuccino (1)","Pavarotti (1), Lov Triangle (1), Choco Bun (1), Mgc Chees Wd (1), Hot Cappuccino (1), Ice Cappuccino (1)",restaurant,General Retail
dataset/temp_cord/image/receipt_00635.png,CORD,,,,111000.00,"ORIGINAL, TIRAMISU CIN, MUF CHOC CHP, CHO CAKE SMA, RED VELVET (2X), HAZELNUT, TIRAMISU CIN, ORIGINAL","ORIGINAL, TIRAMISU CIN, MUF CHOC CHP, CHO CAKE SMA, RED VELVET (2X), HAZELNUT, TIRAMISU CIN, ORIGINAL",restaurant,General Retail
dataset/temp_cord/image/receipt_00641.png,CORD,,,,31500.00,"CRISPY APPLE RAISIN PASTR (1), PAIN AU CHOCOLATE (1), REDBEAN BREAD (1)","CRISPY APPLE RAISIN PASTR (1), PAIN AU CHOCOLATE (1), REDBEAN BREAD (1)",restaurant,General Retail
dataset/temp_cord/image/receipt_00643.png,CORD,,,,22.00,"1001-Choco Bun (x1), 6001-Plastic Bag Small (x1)","1001-Choco Bun (x1), 6001-Plastic Bag Small (x1)",restaurant,General Retail
dataset/temp_cord/image/receipt_00645.png,CORD,,,,69000.00,"S-Ovaltine Macchiat (2X), S-KOI Cafe Macchiat (1X)","S-Ovaltine Macchiat (2X), S-KOI Cafe Macchiat (1X)",restaurant,Food & Beverage
dataset/temp_cord/image/receipt_00646.png,CORD,,,,83000.00,"TWIST DONUT (3), CRANBERRY WALNUT (S) (2), POTATO SAUSAGE BREAD (1), BLACK CHEESE HOTDOG (1)","TWIST DONUT (3), CRANBERRY WALNUT (S) (2), POTATO SAUSAGE BREAD (1), BLACK CHEESE HOTDOG (1)",restaurant,General Retail
dataset/temp_cord/image/receipt_00647.png,CORD,,,,118.00,"-Plastic Big Small (x1), -Chokoreto Cookies (x1), -Corn Flakes Cookies (x1)","-Plastic Big Small (x1), -Chokoreto Cookies (x1), -Corn Flakes Cookies (x1)",restaurant,General Retail
dataset/temp_cord/image/receipt_00649.png,CORD,,,,90000.00,"CARBONARA UDON (1), EGG TEMPURA [P] (1), EBI TEMPURA (1), COLD OCHA (1)","CARBONARA UDON (1), EGG TEMPURA [P] (1), EBI TEMPURA (1), COLD OCHA (1)",restaurant,General Retail
dataset/temp_cord/image/receipt_00650.png,CORD,,,,76000.00,"CAPPUCCINO, ORANGE JUICE (2X)","CAPPUCCINO, ORANGE JUICE (2X)",restaurant,Food & Beverage
dataset/temp_cord/image/receipt_00652.png,CORD,,,,17500.00,"WHDP JR 15K, TakeQuay Charge","WHDP JR 15K, TakeQuay Charge",restaurant,General Retail
dataset/temp_cord/image/receipt_00653.png,CORD,,,,516780.00,"Pandan Cream brulee (1), Tanqueray NO 10 gls (2), Lurisia Bolle 330ml (1), Lurisia stille 330ml (1), Tonic Water (1)","Pandan Cream brulee (1), Tanqueray NO 10 gls (2), Lurisia Bolle 330ml (1), Lurisia stille 330ml (1), Tonic Water (1)",restaurant,General Retail
dataset/temp_cord/image/receipt_00655.png,CORD,,,,46000.00,"ORIGINAL NO SALT (1), SOUR CREAM N ONION (2)","ORIGINAL NO SALT (1), SOUR CREAM N ONION (2)",restaurant,General Retail
dataset/temp_cord/image/receipt_00659.png,CORD,,,,293370.00,"GYOZA AYAM GORENG (1), OCHA HANGAT (2), OCHA DINGIN (1), RAMEN AYAM SPECIAL (3)","GYOZA AYAM GORENG (1), OCHA HANGAT (2), OCHA DINGIN (1), RAMEN AYAM SPECIAL (3)",restaurant,General Retail
dataset/temp_cord/image/receipt_00660.png,CORD,,,,115500.00,"BL1 M LW (1), WH3 M LW (1), RE5 M LW (1)","BL1 M LW (1), WH3 M LW (1), RE5 M LW (1)",restaurant,General Retail
dataset/temp_cord/image/receipt_00661.png,CORD,,,,100000.00,"[REG] BLACK SAKURA (1), [REG] BLACK SAKURA (1)","[REG] BLACK SAKURA (1), [REG] BLACK SAKURA (1)",restaurant,General Retail
dataset/temp_cord/image/receipt_00664.png,CORD,,,,18000.00,"KEJU SUSU, PISANG KEJU, PLASTIK KECIL","KEJU SUSU, PISANG KEJU, PLASTIK KECIL",restaurant,General Retail
dataset/temp_cord/image/receipt_00666.png,CORD,,,,196001.00,"PHILLY CHEESESTEAK SL (1), SAUSAGE PASTRY ROLL (1), CREAMY BEEF CLS FTC (1), AQUA BOTTLE (1), LIPTON ICE TEA REGULA (2), PAKET HAPPY HOUR (1)","PHILLY CHEESESTEAK SL (1), SAUSAGE PASTRY ROLL (1), CREAMY BEEF CLS FTC (1), AQUA BOTTLE (1), LIPTON ICE TEA REGULA (2), PAKET HAPPY HOUR (1)",restaurant,Food & Beverage
dataset/temp_cord/image/receipt_00667.png,CORD,,,,105999.00,"KAKE UDON (1), KITSUNE UDON (KIDS) (1), COLD OCHA (1), SKEWERED TOFU ROLL (1), EBI TEMPURA (1)","KAKE UDON (1), KITSUNE UDON (KIDS) (1), COLD OCHA (1), SKEWERED TOFU ROLL (1), EBI TEMPURA (1)",restaurant,General Retail
dataset/temp_cord/image/receipt_00668.png,CORD,,,,94999.00,"BEEF CURRYRICE (1), EBI TEMPURA (1), SKEWERED TOFU ROLL (1), HOT OCHA (1)","BEEF CURRYRICE (1), EBI TEMPURA (1), SKEWERED TOFU ROLL (1), HOT OCHA (1)",restaurant,Food & Beverage
dataset/temp_cord/image/receipt_00674.png,CORD,,,,1241790.00,"UDANG REBUS (M) (1), AGSIO TH PC JMR (1), AYAM GR KERING (1), BIHUN GORENG JJ (1), NASI GORENG NJUN (1), HOT TEA (5), IKAN GURAME MED SOP IKAN (1), CUMI GR JUNJAN (1), SUP BURUNG DARA (1), ICED TEA (1), CHINESE TEA KWAN'IM (1), NASI PUTIH (2)","UDANG REBUS (M) (1), AGSIO TH PC JMR (1), AYAM GR KERING (1), BIHUN GORENG JJ (1), NASI GORENG NJUN (1), HOT TEA (5), IKAN GURAME MED SOP IKAN (1), CUMI GR JUNJAN (1), SUP BURUNG DARA (1), ICED TEA (1), CHINESE TEA KWAN'IM (1), NASI PUTIH (2)",restaurant,Food & Beverage
dataset/temp_cord/image/receipt_00677.png,CORD,,,,21000.00,"CHOCO CUSTAF D PASTRY (1), CUSTARD BRIC CHE (1)","CHOCO CUSTAF D PASTRY (1), CUSTARD BRIC CHE (1)",restaurant,General Retail
dataset/temp_cord/image/receipt_00680.png,CORD,,,,454462.00,"Fruit Compliment (1), Udang Mentega Sdg (M (1), Chinese Tea-Jasmine (2), Buruno Gr IN (5), Nasi Putih (5)","Fruit Compliment (1), Udang Mentega Sdg (M (1), Chinese Tea-Jasmine (2), Buruno Gr IN (5), Nasi Putih (5)",restaurant,Food & Beverage
dataset/temp_cord/image/receipt_00681.png,CORD,,,,408683.00,"SALMON PESTO (1), GRILLED SALMON TERIYAK (1), MINERAL WATER (1), FRESH FRUIT COCKTAIL (1)","SALMON PESTO (1), GRILLED SALMON TERIYAK (1), MINERAL WATER (1), FRESH FRUIT COCKTAIL (1)",restaurant,Food & Beverage
dataset/temp_cord/image/receipt_00683.png,CORD,,,,102000.00,"Shampo Aloevera (1), Sabun Propolis (1), Sabun Transparant Madu (1)","Shampo Aloevera (1), Sabun Propolis (1), Sabun Transparant Madu (1)",restaurant,General Retail
dataset/temp_cord/image/receipt_00684.png,CORD,,,,20000.00,"CHOCOLATE SUNDAE, REGULAR FRIES, TakeAway Charge","CHOCOLATE SUNDAE, REGULAR FRIES, TakeAway Charge",restaurant,General Retail
dataset/temp_cord/image/receipt_00685.png,CORD,,,,39500.00,"SB 1 HC (1), Cream Soup (1)","SB 1 HC (1), Cream Soup (1)",restaurant,General Retail
dataset/temp_cord/image/receipt_00686.png,CORD,,,,125895.00,"CHEESE KC BOKUMBAP (1), PAKET CHICKEN 3 (1), JAJANGMYEON (1)","CHEESE KC BOKUMBAP (1), PAKET CHICKEN 3 (1), JAJANGMYEON (1)",restaurant,Food & Beverage
dataset/temp_cord/image/receipt_00687.png,CORD,,,,154000.00,"AMBUSH DBL CHS BURG (8), AMBUSH CHS BURGER (2)","AMBUSH DBL CHS BURG (8), AMBUSH CHS BURGER (2)",restaurant,Food & Beverage
dataset/temp_cord/image/receipt_00688.png,CORD,,,,129000.00,"BUBBLE GUM (1), CAPPUCINO BLEND (1), STRAWBERRY (1), COOKIES AND CREAM (1), CHOCO ALMOND (1), CAPPUCINO BLEND (1)","BUBBLE GUM (1), CAPPUCINO BLEND (1), STRAWBERRY (1), COOKIES AND CREAM (1), CHOCO ALMOND (1), CAPPUCINO BLEND (1)",restaurant,General Retail
dataset/temp_cord/image/receipt_00689.png,CORD,,,,24.00,"DADA DADA (1), ateh Tawar ateh Tawar (1)","DADA DADA (1), ateh Tawar ateh Tawar (1)",restaurant,General Retail
dataset/temp_cord/image/receipt_00690.png,CORD,,,,57.00,"Giant Squid (x1), Milo Dino (x1)","Giant Squid (x1), Milo Dino (x1)",restaurant,General Retail
dataset/temp_cord/image/receipt_00691.png,CORD,,,,57900.00,"ISI CAMPUR (1), AQUA BOTOL (1)","ISI CAMPUR (1), AQUA BOTOL (1)",restaurant,General Retail
dataset/temp_cord/image/receipt_00693.png,CORD,,,,215985.00,"Toripaitan shoyu telur, Toripaitan Ekstrim telur, Green Tea cold, (Goreng)Ayam Gyoza, Mineral water(normal)","Toripaitan shoyu telur, Toripaitan Ekstrim telur, Green Tea cold, (Goreng)Ayam Gyoza, Mineral water(normal)",restaurant,Food & Beverage
dataset/temp_cord/image/receipt_00696.png,CORD,,,,52500.00,"Spaghetti Deluxe (1), Lychee Float (1), SB 1 HC (1), Perkedel (1)","Spaghetti Deluxe (1), Lychee Float (1), SB 1 HC (1), Perkedel (1)",restaurant,General Retail
dataset/temp_cord/image/receipt_00700.png,CORD,,,,55.50,"ROTI (6), ROTI (3), ROTI (2)","ROTI (6), ROTI (3), ROTI (2)",restaurant,General Retail
dataset/temp_cord/image/receipt_00701.png,CORD,,,,3703791.00,"CHUM CHURUM (1), CHAMISUL (3), GONG GIBAB (3), CHULPAN CHEESE DAK GALBI (1), * MINERAL WATER (1), CREAM TEOK PO KI (1), CHUM CHURUM PEACH (8), PREMIUM YANGNYEOM GALBISAL (1), CHAM KKOT SAL (2), U SAM GYEOP (1), CHEESE GAMJAJEON (1)","CHUM CHURUM (1), CHAMISUL (3), GONG GIBAB (3), CHULPAN CHEESE DAK GALBI (1), * MINERAL WATER (1), CREAM TEOK PO KI (1), CHUM CHURUM PEACH (8), PREMIUM YANGNYEOM GALBISAL (1), CHAM KKOT SAL (2), U SAM GYEOP (1), CHEESE GAMJAJEON (1)",restaurant,General Retail
dataset/temp_cord/image/receipt_00702.png,CORD,,,,83799.00,"BIHUN CAMPUR (1), JERUK MURNI (1), ES NONA REGULAR (1)","BIHUN CAMPUR (1), JERUK MURNI (1), ES NONA REGULAR (1)",restaurant,General Retail
dataset/temp_cord/image/receipt_00704.png,CORD,,,,97500.00,"H N Cheesy Chic (1), Rice Organik (1), K.Chees Chic RC (1), MOCA FLT OVLTIN (1), Perkedel (1), FFries Large (1)","H N Cheesy Chic (1), Rice Organik (1), K.Chees Chic RC (1), MOCA FLT OVLTIN (1), Perkedel (1), FFries Large (1)",restaurant,Food & Beverage
dataset/temp_cord/image/receipt_00706.png,CORD,,,,20000.00,"SIRSAK (1), SUNKIST (1)","SIRSAK (1), SUNKIST (1)",restaurant,General Retail
dataset/temp_cord/image/receipt_00707.png,CORD,,,,115000.00,"CHEESE ROLLS 6PCS (1), PAKET BER2 UP1 (1)","CHEESE ROLLS 6PCS (1), PAKET BER2 UP1 (1)",restaurant,General Retail
dataset/temp_cord/image/receipt_00709.png,CORD,,,,1579190.00,"YANG YUM GUI (2), MOKDENGSIM (1), SAMGYOPSAL (2), SOONDUBU CHIGE (1), GALBI TANG (1), JINSENG SAMGYETANG (1), JAP CHAE (2), PAJON (1), BIR BINTANG BOTOL ( ) (2), AQUA (2), BULGOGI BIBIMBAB (1), NASI(GONGGI BAB) (2)","YANG YUM GUI (2), MOKDENGSIM (1), SAMGYOPSAL (2), SOONDUBU CHIGE (1), GALBI TANG (1), JINSENG SAMGYETANG (1), JAP CHAE (2), PAJON (1), BIR BINTANG BOTOL ( ) (2), AQUA (2), BULGOGI BIBIMBAB (1), NASI(GONGGI BAB) (2)",restaurant,Food & Beverage
dataset/temp_cord/image/receipt_00711.png,CORD,,,,1092542.00,"UDG GR TLUR ASIN =*MEDIUM*= (1), SAPO TH SEAFOOD =*MEDIUM*= (1), CUMI GR JUNJAN =*MEDIUM*= (1), BIHUN GORENG JJ =*MEDIUM*= (1), OYONG 3 TELOR =*MEDIUM*= (1), GURAME FILLET M ASAM MANIS (1), CHINESE TE (2), CRYSANTNUM (2), NASI PUTIH (8), HOT TEA (3), ICED TEA (3)","UDG GR TLUR ASIN =*MEDIUM*= (1), SAPO TH SEAFOOD =*MEDIUM*= (1), CUMI GR JUNJAN =*MEDIUM*= (1), BIHUN GORENG JJ =*MEDIUM*= (1), OYONG 3 TELOR =*MEDIUM*= (1), GURAME FILLET M ASAM MANIS (1), CHINESE TE (2), CRYSANTNUM (2), NASI PUTIH (8), HOT TEA (3), ICED TEA (3)",restaurant,Food & Beverage
dataset/temp_cord/image/receipt_00716.png,CORD,,,,100000.00,"AMOUSH DBL CHS BURG (6), TAKE AWAY CHARGE (1)","AMOUSH DBL CHS BURG (6), TAKE AWAY CHARGE (1)",restaurant,General Retail
dataset/temp_cord/image/receipt_00717.png,CORD,,,,55.00,"Coke (L) (1), XXI Java Tea Spc (1), Extra Jelly Lychee (1)","Coke (L) (1), XXI Java Tea Spc (1), Extra Jelly Lychee (1)",restaurant,Food & Beverage
dataset/temp_cord/image/receipt_00718.png,CORD,,,,364716.00,"SHARKIE FREEZE (1), DINE FOR 2 (1), DINE FOR 2 (1)","SHARKIE FREEZE (1), DINE FOR 2 (1), DINE FOR 2 (1)",restaurant,General Retail
dataset/temp_cord/image/receipt_00720.png,CORD,,,,264000.00,"CARBONARA UDON (1), ON TAMA UDON (HOT) (1), ABURA UDON (ORIGINAL) (1), GREEN BEAN KAKIAGE (1), EGG TEMPURA (1), HOT OCHA (1), BEEF CURRY UDON (1), BEEF CROQUETTE (1), COLD OCHA (2)","CARBONARA UDON (1), ON TAMA UDON (HOT) (1), ABURA UDON (ORIGINAL) (1), GREEN BEAN KAKIAGE (1), EGG TEMPURA (1), HOT OCHA (1), BEEF CURRY UDON (1), BEEF CROQUETTE (1), COLD OCHA (2)",restaurant,General Retail
dataset/temp_cord/image/receipt_00722.png,CORD,,,,157000.00,"CRUNCHY CHOC, FREE LILIN SPIRAL (5X)","CRUNCHY CHOC, FREE LILIN SPIRAL (5X)",restaurant,General Retail
dataset/temp_cord/image/receipt_00725.png,CORD,,,,72500.00,"CHOCO CUSTARD PASTRY (2), APPLE CREAMCHEESE PASTRY (1), REAL GANACHE (1), POTATO SAUSAGE BREAD (1)","CHOCO CUSTARD PASTRY (2), APPLE CREAMCHEESE PASTRY (1), REAL GANACHE (1), POTATO SAUSAGE BREAD (1)",restaurant,General Retail
dataset/temp_cord/image/receipt_00726.png,CORD,,,,110000.00,"SAUSAGE DONUT (1), TLJ CROQUETTE (1), CORONET (2), SPOOKY SOBORO (2), SCREAMING RED BEAN (1), PIZZA TOAST (1)","SAUSAGE DONUT (1), TLJ CROQUETTE (1), CORONET (2), SPOOKY SOBORO (2), SCREAMING RED BEAN (1), PIZZA TOAST (1)",restaurant,Food & Beverage
dataset/temp_cord/image/receipt_00727.png,CORD,,,,210200.00,"Ayam Goreng Crispy Spicy (1x), Capcai Seafood (1x), Chinese Tea (1x), Nasi Putih (3x), Soup Baso Ikan (1x)","Ayam Goreng Crispy Spicy (1x), Capcai Seafood (1x), Chinese Tea (1x), Nasi Putih (3x), Soup Baso Ikan (1x)",restaurant,Food & Beverage
dataset/temp_cord/image/receipt_00731.png,CORD,,,,91000.00,"TEH PUCUK (1), SPICY C CHEESE (1), WOOSAM RICE R (1)","TEH PUCUK (1), SPICY C CHEESE (1), WOOSAM RICE R (1)",restaurant,Food & Beverage
dataset/temp_cord/image/receipt_00733.png,CORD,,,,29.00,"1023-Chocochip & Walnut (x1), 6001-Plastic Bag Small (x1)","1023-Chocochip & Walnut (x1), 6001-Plastic Bag Small (x1)",restaurant,General Retail
dataset/temp_cord/image/receipt_00735.png,CORD,,,,83497.00,"TEH TAWAR (1), AIR MINERAL (2), I TRIPL CHZ (1), I SPECIAL SBL MATAH (1), I ROA GORENG SPC (1)","TEH TAWAR (1), AIR MINERAL (2), I TRIPL CHZ (1), I SPECIAL SBL MATAH (1), I ROA GORENG SPC (1)",restaurant,General Retail
dataset/temp_cord/image/receipt_00738.png,CORD,,,,29500.00,"MEDIUM FRIES, REGULAR COKE, K11 CHOCO 1217","MEDIUM FRIES, REGULAR COKE, K11 CHOCO 1217",restaurant,General Retail
dataset/temp_cord/image/receipt_00739.png,CORD,,,,60.00,"Sprite (L). (1), Lemon Tea (L). (1), Extra Jelly Lychee. (2)","Sprite (L). (1), Lemon Tea (L). (1), Extra Jelly Lychee. (2)",restaurant,Food & Beverage
dataset/temp_cord/image/receipt_00740.png,CORD,,,,94000.00,"M-Ovaltine Macchiat (2X), M-Konjac Milk Tea (1X)","M-Ovaltine Macchiat (2X), M-Konjac Milk Tea (1X)",restaurant,Food & Beverage
dataset/temp_cord/image/receipt_00741.png,CORD,,,,53.00,"3002-Kyoto Choco Mochi (x1), 1009-Honey Pistachio (x1), 6001-Plastic Bag Small (x1)","3002-Kyoto Choco Mochi (x1), 1009-Honey Pistachio (x1), 6001-Plastic Bag Small (x1)",restaurant,General Retail
dataset/temp_cord/image/receipt_00742.png,CORD,,,,85998.00,"KWE BUN SAPI, KWE GR CMP","KWE BUN SAPI, KWE GR CMP",restaurant,General Retail
dataset/temp_cord/image/receipt_00743.png,CORD,,,,143908.00,"Ayam Asam Manis M (1), Ikan Gurame Tahu M (1), Pocai 3 Telor M (1), Sapo Tohu Sea M (1), Udang Gandum L (1)","Ayam Asam Manis M (1), Ikan Gurame Tahu M (1), Pocai 3 Telor M (1), Sapo Tohu Sea M (1), Udang Gandum L (1)",restaurant,General Retail
dataset/temp_cord/image/receipt_00744.png,CORD,,,,108000.00,"FL Cake-French (2), Red Velvet S (1)","FL Cake-French (2), Red Velvet S (1)",restaurant,General Retail
dataset/temp_cord/image/receipt_00748.png,CORD,,,,127678.00,"GIANT FCL TISSUE, MITU S/C BLUE, PPSODENT TP WHTNG, FORMULA S/P P, NICE TRAVEL PACK, RICHEESE WFR KJ P, RICHOCO WFR CH P1, JERUK LEMON IMP (0,896X), GOLIA ACTIV PLS 4, S/QUEEN MONTES 50, S/QUEEN MONTES 50, DELFI C/CHA MINIS","GIANT FCL TISSUE, MITU S/C BLUE, PPSODENT TP WHTNG, FORMULA S/P P, NICE TRAVEL PACK, RICHEESE WFR KJ P, RICHOCO WFR CH P1, JERUK LEMON IMP (0,896X), GOLIA ACTIV PLS 4, S/QUEEN MONTES 50, S/QUEEN MONTES 50, DELFI C/CHA MINIS",restaurant,General Retail
dataset/temp_cord/image/receipt_00750.png,CORD,,,,583968.00,"Bakpao telur asin (1), Cai Mieo (1), caisim special (1), Carsiupau Ayam (1), Fish Glue (1), Jamur Isi Ayam (1), Jamur Kuping (1), Kailan hongkong (1), Kuah Kaldu Ayam (1), Kue Macok (1), Pangsit Special (1), Sirloin Roll Enoki (1), Sutake Kombinasi (1), Tahu Jepang (1), Tahu Sandwidh (1), TOM YAM (1), Udon (1), Chines Tea Green Tea (2), Tahu Isi Ayam (2), Green tea Dingin (5), Nasi Putih (7), Bakso Ikan (1)","Bakpao telur asin (1), Cai Mieo (1), caisim special (1), Carsiupau Ayam (1), Fish Glue (1), Jamur Isi Ayam (1), Jamur Kuping (1), Kailan hongkong (1), Kuah Kaldu Ayam (1), Kue Macok (1), Pangsit Special (1), Sirloin Roll Enoki (1), Sutake Kombinasi (1), Tahu Jepang (1), Tahu Sandwidh (1), TOM YAM (1), Udon (1), Chines Tea Green Tea (2), Tahu Isi Ayam (2), Green tea Dingin (5), Nasi Putih (7), Bakso Ikan (1)",restaurant,Food & Beverage
dataset/temp_cord/image/receipt_00751.png,CORD,,,,160000.00,"MIE + AYAM KATSU TERI... (1), MIE SIRAM AYAM (1), NASI GORENG SPC (1), ES JERUK (2), FRENCH FRIES (1)","MIE + AYAM KATSU TERI... (1), MIE SIRAM AYAM (1), NASI GORENG SPC (1), ES JERUK (2), FRENCH FRIES (1)",restaurant,Food & Beverage
dataset/temp_cord/image/receipt_00752.png,CORD,,,,57.17,"PECEL MADIUN (1), AIR MINERAL (1)","PECEL MADIUN (1), AIR MINERAL (1)",restaurant,General Retail
dataset/temp_cord/image/receipt_00754.png,CORD,,,,301003.00,"Crunchy Wings(5) Luisiana (5), Bogo (5) Boneless (5), Steam Rice (4), FF SoftDrink (M) (2), Mush Fritters (1)","Crunchy Wings(5) Luisiana (5), Bogo (5) Boneless (5), Steam Rice (4), FF SoftDrink (M) (2), Mush Fritters (1)",restaurant,Food & Beverage
dataset/temp_cord/image/receipt_00756.png,CORD,,,,79.20,"Se'i Sapi Sambal Lu'at (R) (1), Lidah Asap Sambal Lu'at ( R ) (1), Nasi Putih (2), Jus Jeruk (1)","Se'i Sapi Sambal Lu'at (R) (1), Lidah Asap Sambal Lu'at ( R ) (1), Nasi Putih (2), Jus Jeruk (1)",restaurant,Food & Beverage
dataset/temp_cord/image/receipt_00757.png,CORD,,,,92000.00,"Cuci (1.0), B Pjg/Vr 3 (1.0)","Cuci (1.0), B Pjg/Vr 3 (1.0)",restaurant,General Retail
dataset/temp_cord/image/receipt_00759.png,CORD,,,,64000.00,"TWIST DONUT (1), MILK PASTRY ROLL (1), [MD] SOFT STEAMED CHOCOCAKE (1), REDBEAN BREAD (1), KAYA BUN (1), PREMIUM MILK PAN BREAD (1)","TWIST DONUT (1), MILK PASTRY ROLL (1), [MD] SOFT STEAMED CHOCOCAKE (1), REDBEAN BREAD (1), KAYA BUN (1), PREMIUM MILK PAN BREAD (1)",restaurant,Food & Beverage
dataset/temp_cord/image/receipt_00760.png,CORD,,,,28000.00,"Pdg Madness (1), BCT (1)","Pdg Madness (1), BCT (1)",restaurant,General Retail
dataset/temp_cord/image/receipt_00761.png,CORD,,,,65.00,"Lemon Tea (L) (1), Popcorn Salt (M) (1)","Lemon Tea (L) (1), Popcorn Salt (M) (1)",restaurant,Food & Beverage
dataset/temp_cord/image/receipt_00764.png,CORD,,,,211365.00,"CB PR SIRLOIN (1), ES TEH TAWAR (1), COCA COLA (1)","CB PR SIRLOIN (1), ES TEH TAWAR (1), COCA COLA (1)",restaurant,General Retail
dataset/temp_cord/image/receipt_00766.png,CORD,,,,74000.00,"[MD] SOFT MORNING ROLL (1), REAL HONEY PANCAKE BREAD (2), CUSTARD BRIOCHE (4)","[MD] SOFT MORNING ROLL (1), REAL HONEY PANCAKE BREAD (2), CUSTARD BRIOCHE (4)",restaurant,General Retail
dataset/temp_cord/image/receipt_00767.png,CORD,,,,80501.00,"JUICE JAMBU (1), TEH TAWAR (1), N AYM PENYET SAMBAL MATAH (1), TAHU DOMBA MEMBARA (1), TP KULIT (1)","JUICE JAMBU (1), TEH TAWAR (1), N AYM PENYET SAMBAL MATAH (1), TAHU DOMBA MEMBARA (1), TP KULIT (1)",restaurant,Food & Beverage
dataset/temp_cord/image/receipt_00768.png,CORD,,,,90000.00,"TWIST DONUT (1), PAIN AU CAFE MOCHA (4), POTATO SAUSAGE BREAD (1), ROYAL CHEESE TART (1)","TWIST DONUT (1), PAIN AU CAFE MOCHA (4), POTATO SAUSAGE BREAD (1), ROYAL CHEESE TART (1)",restaurant,Food & Beverage
dataset/temp_cord/image/receipt_00772.png,CORD,,,,25.00,"4005-Maple glazed (x1), 6001-Plastic Bag Small (x1)","4005-Maple glazed (x1), 6001-Plastic Bag Small (x1)",restaurant,General Retail
dataset/temp_cord/image/receipt_00773.png,CORD,,,,21000.00,"CHOCO CUSTARD PASTRY (1), CUSTARD BRIOCHE (1)","CHOCO CUSTARD PASTRY (1), CUSTARD BRIOCHE (1)",restaurant,General Retail
dataset/temp_cord/image/receipt_00774.png,CORD,,,,172.50,"SANGU TIMBEL KOMPLIT (1), SANGU TUTUG ONCOM (1), TOGE LAUK ASIN (1), TERONG BEJEUG (1), TEH SEREH (1)","SANGU TIMBEL KOMPLIT (1), SANGU TUTUG ONCOM (1), TOGE LAUK ASIN (1), TERONG BEJEUG (1), TEH SEREH (1)",restaurant,General Retail
dataset/temp_cord/image/receipt_00776.png,CORD,,,,67.00,"Nasgor Jawa (1), Jeruk Panas (1), Air Mineral (1)","Nasgor Jawa (1), Jeruk Panas (1), Air Mineral (1)",restaurant,General Retail
dataset/temp_cord/image/receipt_00777.png,CORD,,,,1303112.00,"CHINESE TE (3), CRYSANTNUM (3), CHINESE TE (3), CRYSANTNUM (3), KRPU MCN TIM 700 (1), AYM RBS 1 EKOR (1), AGSIO TH PC JMR (1), POCAI BWG PUTIH (1), NASI PUTIH (5), IKAN MALAS 650GR (1), AGSIO TH PC JMR (1)","CHINESE TE (3), CRYSANTNUM (3), CHINESE TE (3), CRYSANTNUM (3), KRPU MCN TIM 700 (1), AYM RBS 1 EKOR (1), AGSIO TH PC JMR (1), POCAI BWG PUTIH (1), NASI PUTIH (5), IKAN MALAS 650GR (1), AGSIO TH PC JMR (1)",restaurant,Food & Beverage
dataset/temp_cord/image/receipt_00778.png,CORD,,,,54500.00,"Cheese Tart Original (1), FL Mille Crepes - (1)","Cheese Tart Original (1), FL Mille Crepes - (1)",restaurant,General Retail
dataset/temp_cord/image/receipt_00779.png,CORD,,,,14999.00,"RISOL ROGUT (1X), MINERALWATER (1X)","RISOL ROGUT (1X), MINERALWATER (1X)",restaurant,General Retail
dataset/temp_cord/image/receipt_00782.png,CORD,,,,135.00,"YIFUMI (1), Yi Fu Mies Small (1), Bakmi Ayam (1), 1/2 Baso Sapi (1), Es Teh (1)","YIFUMI (1), Yi Fu Mies Small (1), Bakmi Ayam (1), 1/2 Baso Sapi (1), Es Teh (1)",restaurant,General Retail
dataset/temp_cord/image/receipt_00785.png,CORD,,,,113886.00,"SALMON PESTO (1), SALMON PESTO (1)","SALMON PESTO (1), SALMON PESTO (1)",restaurant,General Retail
dataset/temp_cord/image/receipt_00787.png,CORD,,,,246.07,"LS TOILETBRUSH102 (1X), TAMMIA 259 (1X), WDH SUN GEL 40ML (1X), TAM 424 BUFFER 219 (1X), SIKAT BOTOL/BSC (1X), GOCUJANG H.200G (1X), PM CABE HIJAU CURA (0.064X), TIMUN JEPANG (0.482X), KONGKEE TOFU JEPUN (1X), +PALM SHW GEL 450 (1X)","LS TOILETBRUSH102 (1X), TAMMIA 259 (1X), WDH SUN GEL 40ML (1X), TAM 424 BUFFER 219 (1X), SIKAT BOTOL/BSC (1X), GOCUJANG H.200G (1X), PM CABE HIJAU CURA (0.064X), TIMUN JEPANG (0.482X), KONGKEE TOFU JEPUN (1X), +PALM SHW GEL 450 (1X)",restaurant,General Retail
dataset/temp_cord/image/receipt_00788.png,CORD,,,,117998.00,"MIE MERAH PG (1), MIE CINCANG (1), HAI CMP SPC (1)","MIE MERAH PG (1), MIE CINCANG (1), HAI CMP SPC (1)",restaurant,General Retail
dataset/temp_cord/image/receipt_00794.png,CORD,,,,1220.50,"PAKET WEEKEND 1 (13), PAKET WEEKEND 2 (6), ES JERUK (1), ES TEH TAWAR (1), KOPI HITAM (1), ES BATU (1)","PAKET WEEKEND 1 (13), PAKET WEEKEND 2 (6), ES JERUK (1), ES TEH TAWAR (1), KOPI HITAM (1), ES BATU (1)",restaurant,General Retail
dataset/temp_cord/image/receipt_00796.png,CORD,,,,28.00,"1066-Choconut Bun (x1), 6001-Plastic Bag Small (x1)","1066-Choconut Bun (x1), 6001-Plastic Bag Small (x1)",restaurant,General Retail
dataset/temp_cord/image/receipt_00797.png,CORD,,,,148127.00,"GRILLED BABY POTATO ( R (1), HOT TUNA (1), HOT TUNA (1)","GRILLED BABY POTATO ( R (1), HOT TUNA (1), HOT TUNA (1)",restaurant,Food & Beverage
dataset/temp_sroie/image/X00016469612.jpg,SROIE,BOOK TA .K (TAMAN DAYA) SDN BHD,"NO.53 55,57 & 59, JALAN SAGU 18, TAMAN DAYA, 81100 JOHOR BAHRU, JOHOR.",2018-12-25,9.00,,BOOK TA .K (TAMAN DAYA) SDN BHD,retail,General Retail
dataset/temp_sroie/image/X00016469619.jpg,SROIE,INDAH GIFT & HOME DECO,"27, JALAN DEDAP 13, TAMAN JOHOR JAYA, 81100 JOHOR BAHRU, JOHOR.",2018-10-19,60.30,,INDAH GIFT & HOME DECO,retail,General Retail
dataset/temp_sroie/image/X00016469620.jpg,SROIE,MR D.I.Y. (JOHOR) SDN BHD,"LOT 1851-A & 1851-B, JALAN KPB 6, KAWASAN PERINDUSTRIAN BALAKONG, 43300 SERI KEMBANGAN, SELANGOR (MR DIY TESCO TERBAU)",,33.90,,MR D.I.Y. (JOHOR) SDN BHD,retail,General Retail
dataset/temp_sroie/image/X00016469622.jpg,SROIE,YONGFATT ENTERPRISE,NO 122.124. JALAN DEDAP 13 81100 JOHOR BAHRU,2018-12-25,80.90,,YONGFATT ENTERPRISE,retail,General Retail
dataset/temp_sroie/image/X00016469623.jpg,SROIE,MR D.I.Y. (M) SDN BHD,"LOT 1851-A & 1851-B, JALAN KPB 6, KAWASAN PERINDUSTRIAN BALAKONG, 43300 SERI KEMBANGAN, SELANGOR (TESCO PUTRA NILAI)",,30.90,,MR D.I.Y. (M) SDN BHD,retail,General Retail
dataset/temp_sroie/image/X00016469669.jpg,SROIE,ABC HO TRADING,"NO.2&4, JALAN HARMONI 3/2, TAMAN DESA HARMONI. 81100 JOHOR BAHRU JOHOR",2019-01-09,31.00,,ABC HO TRADING,retail,General Retail
dataset/temp_sroie/image/X00016469670.jpg,SROIE,OJC MARKETING SDN BHD,"NO 2 & 4, JALAN BAYU 4, BANDAR SERI ALAM, B1750 MASAI, JOHOR",2019-01-15,193.00,,OJC MARKETING SDN BHD,retail,Supermarket / Grocery
dataset/temp_sroie/image/X00016469671.jpg,SROIE,OJC MARKETING SDN BHD,"NO 2 & 4, JALAN BAYU 4, BANDAR SERI ALAM, 81750 MASAI, JOHOR",2019-01-02,170.00,,OJC MARKETING SDN BHD,retail,Supermarket / Grocery
dataset/temp_sroie/image/X00016469672.jpg,SROIE,SOON HUAT MACHINERY ENTERPRISE,"NO.53 JALAN PUTRA 1, TAMAN SRI PUTRA, 81200 JOHOR BAHRU JOHOR",2019-01-11,327.00,,SOON HUAT MACHINERY ENTERPRISE,retail,General Retail
dataset/temp_sroie/image/X00016469676.jpg,SROIE,S.H.H. MOTOR (SUNGAI RENGIT) SDN. BHD.,"NO. 343, JALAN KURAU, SUNGAI RENGIT, 81620 PENGERANG, JOHOR.",2019-01-23,20.00,,S.H.H. MOTOR (SUNGAI RENGIT) SDN. BHD.,retail,General Retail
dataset/temp_sroie/image/X51005200931.jpg,SROIE,PERNIAGAAN ZHENG HUI,NO.59 JALAN PERMAS 9/5 BANDAR BARU PERMAS JAYA 81750 JOHOR BAHRU,2018-02-09,436.20,,PERNIAGAAN ZHENG HUI,retail,General Retail
dataset/temp_sroie/image/X51005200938.jpg,SROIE,PERNIAGAAN ZHENG HUI,NO.59 JALAN PERMAS 9/5 BANDAR BARU PERMAS JAYA 81760 JOHOR BAHRU,2018-02-12,112.45,,PERNIAGAAN ZHENG HUI,retail,General Retail
dataset/temp_sroie/image/X51005230605.jpg,SROIE,PETRON BKT LANJAN SB,"KM 458.4 BKT LANJAN UTARA, L/RAYA UTARA SELATAN,SG BULOH 47000 SUNGAI BUL",2018-02-01,4.90,,PETRON BKT LANJAN SB,retail,General Retail
dataset/temp_sroie/image/X51005230616.jpg,SROIE,GERBANG ALAF RESTAURANTS SDN BHD,"LEVEL 6, BANGUNAN TH, DAMANSARA UPTOWN3 NO.3, JALAN SS21/39,47400 PETALING JAYA SELANGOR",2018-01-18,38.90,,GERBANG ALAF RESTAURANTS SDN BHD,retail,Food & Beverage
dataset/temp_sroie/image/X51005230617.jpg,SROIE,GERBANG ALAF RESTAURANTS SDN BHD,"LEVEL 6, BANGUNAN TH, DAMANSARA UPTOWN3 NO.3, JALAN SS21/39,47400 PETALING JAYA SELANGOR",2018-01-18,26.60,,GERBANG ALAF RESTAURANTS SDN BHD,retail,Food & Beverage
dataset/temp_sroie/image/X51005230621.jpg,SROIE,SIN LIANHAP SDN BHD,"LOT 13, JALAN IPOH, KG BATU 30, ULU YAM LAMA 44300 BTG KALI, SELANGOR.",2018-02-05,7.30,,SIN LIANHAP SDN BHD,retail,General Retail
dataset/temp_sroie/image/X51005230648.jpg,SROIE,CROSS CHANNEL NETWORK SDN. BHD.,"47, JALAN MERANTI 1, SEK. 3, BANDAR UTAMA BATANG KALI, 44300 BATANG KALI, SELANGOR.",2018-01-29,6.35,,CROSS CHANNEL NETWORK SDN. BHD.,retail,General Retail
dataset/temp_sroie/image/X51005230657.jpg,SROIE,CROSS CHANNEL NETWORK SDN. BHD.,"47, JALAN MERANTI 1, SEK. 3, BANDAR UTAMA BATANG KALI, 44300 BATANG KALI, SELANGOR.",2017-12-31,7.95,,CROSS CHANNEL NETWORK SDN. BHD.,retail,General Retail
dataset/temp_sroie/image/X51005230659.jpg,SROIE,SWC ENTERPRISE SDN BHD,"NO. 5-7, JALAN MAHAGONI 7/1, SEKYSEN 4, BANDAR UTAMA, 44300 BATANG KALI, SELANGOR.",2018-01-08,8.00,,SWC ENTERPRISE SDN BHD,retail,General Retail
dataset/temp_sroie/image/X51005255805.jpg,SROIE,SAM SAM TRADING CO,"67,JLN MEWAH 25/63 TMN SRI MUDA, 40400 SHAH ALAM.",2017-12-29,14.10,,SAM SAM TRADING CO,retail,General Retail
dataset/temp_sroie/image/X51005268200.jpg,SROIE,AIK HUAT HARDWARE ENTERPRISE (SETIA ALAM) SDN BHD,"NO. 17-G, JALAN SETIA INDAH (X) U13/X, SETIA ALAM, SEKSYEN U13, 40170 SHAH ALAM,",2017-06-15,15.00,,AIK HUAT HARDWARE ENTERPRISE (SETIA ALAM) SDN BHD,retail,General Retail
dataset/temp_sroie/image/X51005268262.jpg,SROIE,HOME MASTER HARDWARE & ELECTRICAL,"NO.113G & 115G, JALAN SETIA GEMBILANG U13/BG BANDAR SETIA ALAM, 40170 BANDAR SETIA ALAM, SELANGOR.",2017-12-22,15.90,,HOME MASTER HARDWARE & ELECTRICAL,retail,General Retail
dataset/temp_sroie/image/X51005268275.jpg,SROIE,LIGHTROOM GALLERY SDN BHD,"NO: 28, JALAN ASTANA 1C, BANDAR BUKIT RAJA, 41050 KLANG SELANGOR D.E, MALAYSIA",2017-11-20,278.80,,LIGHTROOM GALLERY SDN BHD,retail,General Retail
dataset/temp_sroie/image/X51005268400.jpg,SROIE,RESTORAN HASSANBISTRO,NO.2-1-1 JALAN SEITA PRIMA Q U 13/Q SEITA ALAM 40170 SHAN ALAM SELANGOR,,15.00,,RESTORAN HASSANBISTRO,retail,Food & Beverage
dataset/temp_sroie/image/X51005268408.jpg,SROIE,99 SPEED MART S/B,"LOT P.T. 2811, JALAN ANGSA, TAMAN BERKELEY 41150 KLANG, SELANGOR 1413-SETIA ALAM 2",,169.80,,99 SPEED MART S/B,retail,Supermarket / Grocery
dataset/temp_sroie/image/X51005268472.jpg,SROIE,ASIA MART,"NO.23 BATU 10, TAMAN SENTOSA, JALAN KAPAR, 42200 KLANG, SELANGOR.",2017-12-22,32.70,,ASIA MART,retail,Supermarket / Grocery
dataset/temp_sroie/image/X51005288570.jpg,SROIE,SECURE PARKING CORPORATION S/B,"RIVERWALK VILLAGE BATU 3, JALAN IPOH 51200 KL.",,1.00,,SECURE PARKING CORPORATION S/B,retail,General Retail
dataset/temp_sroie/image/X51005301659.jpg,SROIE,HOME MASTER HARDWARE & ELECTRICAL,"NO.113G & 115G, JALAN SETIA GEMBILANG U13/BG BANDAR SETIA ALAM, 40170 BANDAR SETIA ALAM, SELANGOR.",2017-12-22,15.90,,HOME MASTER HARDWARE & ELECTRICAL,retail,General Retail
dataset/temp_sroie/image/X51005301661.jpg,SROIE,LIGHTROOM GALLERY SDN BHD,"NO: 28, JALAN ASTANA 1C, BANDAR BUKIT RAJA, 41050 KLANG SELANGOR D.E, MALAYSIA",2017-12-20,73.00,,LIGHTROOM GALLERY SDN BHD,retail,General Retail
dataset/temp_sroie/image/X51005301666.jpg,SROIE,LIGHTROOM GALLERY SDN BHD,"NO: 28, JALAN ASTANA 1C, BANDAR BUKIT RAJA, 41050 KLANG SELANGOR D.E, MALAYSIA",2017-11-20,278.80,,LIGHTROOM GALLERY SDN BHD,retail,General Retail
dataset/temp_sroie/image/X51005301667.jpg,SROIE,LIGHTROOM GALLERY SDN BHD,"NO: 28, JALAN ASTANA 1C, BANDAR BUKIT RAJA, 41050 KLANG SELANGOR D.E, MALAYSIA",2017-11-20,39.80,,LIGHTROOM GALLERY SDN BHD,retail,General Retail
dataset/temp_sroie/image/X51005303661.jpg,SROIE,LIGHTROOM GALLERY SDN BHD,"NO: 28,JALAN ASTANA 1C, BANDAR BUKIT RAJA, 41050 KLANG SELANGOR D.E, MALAYSIA",2017-12-20,73.00,,LIGHTROOM GALLERY SDN BHD,retail,General Retail
dataset/temp_sroie/image/X51005306399.jpg,SROIE,SHELL ISNI PETRO TRADING,LOT 2685 JLN GENTING KLANG 53300 KL SITE 1066,2018-03-18,86.00,,SHELL ISNI PETRO TRADING,retail,General Retail
dataset/temp_sroie/image/X51005337867.jpg,SROIE,OLD TOWN KOPITAM SND BHD,SRI RAMPAI,,30.25,,OLD TOWN KOPITAM SND BHD,retail,General Retail
dataset/temp_sroie/image/X51005337872.jpg,SROIE,SYL ROASTED DELIGHTS SDN. BHD.,"75. JALAN SS 22/19, DAMANSARA JAYA, 47400 PJ",2018-03-06,54.50,,SYL ROASTED DELIGHTS SDN. BHD.,retail,General Retail
dataset/temp_sroie/image/X51005337877.jpg,SROIE,UROKO JAPANESE CUISINE SDN BHD,"22A-1, JALAN 17/54, SECTION 17, 46400 PETALING JAYA, SELANGOR.",2018-03-20,53.00,,UROKO JAPANESE CUISINE SDN BHD,retail,General Retail
dataset/temp_sroie/image/X51005361883.jpg,SROIE,TEO HENG STATIONERY & BOOKS,"NO. 53, JALAN BESAR, 45600 BATANG BERJUNTAI SELANGOR DARUL EHSAN",2018-01-18,4.90,,TEO HENG STATIONERY & BOOKS,retail,General Retail
dataset/temp_sroie/image/X51005361895.jpg,SROIE,FUYI MINI MARKET,"NO 43-45-47G, TAMAN SEJATI, IJOK, 45600 BESTARI JAYA, KUALA SELANGOR.",2018-01-25,9.00,,FUYI MINI MARKET,retail,Supermarket / Grocery
dataset/temp_sroie/image/X51005361897.jpg,SROIE,TEO HENG STATIONERY & BOOKS,"NO.53, JALAN BESAR, 45600 BATANG BERJUNTAI SELANGOR DARUL EHSAN",2018-01-17,27.55,,TEO HENG STATIONERY & BOOKS,retail,General Retail
dataset/temp_sroie/image/X51005361898.jpg,SROIE,TEO HENG STATIONERY & BOOKS,"NO.53, JALAN BESAR, 45600 BATANG BEJUNTAL SELANGOR DARUL EHSAN",2018-01-15,55.10,,TEO HENG STATIONERY & BOOKS,retail,General Retail
dataset/temp_sroie/image/X51005361900.jpg,SROIE,TEO HENG STATIONERY & BOOKS,"NO.53,JALAN BESAR,45600 BATANG BERJUNTAI SELANGOR DARUL EHSAN",2018-01-23,18.00,,TEO HENG STATIONERY & BOOKS,retail,General Retail
dataset/temp_sroie/image/X51005361906.jpg,SROIE,TED HENG STATIONERY & BOOKS,"NO. 53, JALAN BESAR, 45600 BATANG BERJUNTAI SELANGOR DARUL EHSAN",2018-01-27,27.35,,TED HENG STATIONERY & BOOKS,retail,General Retail
dataset/temp_sroie/image/X51005361907.jpg,SROIE,TED HENG STATIONERY & BOOKS,"NO. 53, JALAN BESAR, 45600 BATANG BERJUNTAI SELANGOR DARUL EHSAN",2018-02-12,153.35,,TED HENG STATIONERY & BOOKS,retail,General Retail
dataset/temp_sroie/image/X51005361908.jpg,SROIE,TEO HENG STATIONERY & BOOKS,"NO. 53, JALAN BESAR, 45600 BATANG BERJUNTAI SELANGOR DARUL EHSAN",2018-03-15,127.20,,TEO HENG STATIONERY & BOOKS,retail,General Retail
dataset/temp_sroie/image/X51005361912.jpg,SROIE,TEO HENG STATIONERY & BOOKS,"NO. 53, JALAN BESAR, 45600 BATANG BERJUNTAI SELANGOR DARUL EHSAN",2018-01-29,1.05,,TEO HENG STATIONERY & BOOKS,retail,General Retail
dataset/temp_sroie/image/X51005361923.jpg,SROIE,SWC ENTERPRISE SDN BHD,"8 & 10, JALAN IJOK PERMAI 1, PUSAT NIAGA IJOK PERMAI, 48000 IJOK, SELANGOR.",2018-01-02,4.20,,SWC ENTERPRISE SDN BHD,retail,General Retail
dataset/temp_sroie/image/X51005361946.jpg,SROIE,MR. D.I.Y. (M) SDN BHD,"LOT 1851-A & 1851-B, JALAN KPB 6, KAWASAN PERINDUSTRIAN BALAKONG, 43300 SERI KEMBANGAN, SELANGOR",,37.10,,MR. D.I.Y. (M) SDN BHD,retail,General Retail
dataset/temp_sroie/image/X51005361950.jpg,SROIE,99 SPEED MART S/B,"LOT P.T. 2811, JALAN ANGSA, TAMAN BERKELEY 41150 KLANG, SELANGOR 1076-IJOK",,2.50,,99 SPEED MART S/B,retail,Supermarket / Grocery
dataset/temp_sroie/image/X51005365179.jpg,SROIE,C W KHOO HARDWARE SDN BHD,"NO.50,JALAN PBS 14/11, KAWASAN PERINDUSTRIAN BUKIT SERDANG,",,21.20,,C W KHOO HARDWARE SDN BHD,retail,General Retail
dataset/temp_sroie/image/X51005365187.jpg,SROIE,F&P PHARMACY,"NO.20. GROUND FLOOR, JALAN BS 10/6 TAMAN BUKIT SERDANG, SEKSYEN 10, 43300 SERI KEMBANGAN. SELANGOR DARUL EHSAN",2018-03-02,31.90,,F&P PHARMACY,retail,General Retail
dataset/temp_sroie/image/X51005433492.jpg,SROIE,UNIHAKKA INTERNATIONAL SDN BHD,"12, JALAN TAMPOI 7/4,KAWASAN PERINDUSTRIAN TAMPOI,81200 JOHOR BAHRU,JOHOR",2018-03-05,8.20,,UNIHAKKA INTERNATIONAL SDN BHD,retail,General Retail
dataset/temp_sroie/image/X51005433494.jpg,SROIE,AEON CO. (M) BHD,"3RD FLR, AEON TAMAN MALURI SD JLN JEJAKA, TAMAN MALURI CHERAS, 55100 KUALA LUMPUR",2018-03-06,75.00,,AEON CO. (M) BHD,retail,General Retail
dataset/temp_sroie/image/X51005433514.jpg,SROIE,UNIHAKKA INTERNATIONAL SDN BHD,"12, JALAN TAMPOI 7/4,KAWASAN PERINDUSTRIAN TAMPOI 81200 JOHOR BAHRU,JOHOR",2018-03-03,8.20,,UNIHAKKA INTERNATIONAL SDN BHD,retail,General Retail
dataset/temp_sroie/image/X51005433518.jpg,SROIE,UNIHAKKA INTERNATIONAL SDN BHD,"12, JALAN TAMPOI 7/4,KAWASAN PERINDUSTRIAN TAMPOI,81200 JOHOR BAHRU,JOHOR",2018-03-07,8.20,,UNIHAKKA INTERNATIONAL SDN BHD,retail,General Retail
dataset/temp_sroie/image/X51005433522.jpg,SROIE,UNIHAKKA INTERNATIONAL SDN BHD,"12, JALAN TAMPOI 7/4,KAWASAN PERINDUSTRIAN TAMPOI,81200 JOHOR BAHRU,JOHOR",2018-03-10,,,UNIHAKKA INTERNATIONAL SDN BHD,retail,General Retail
dataset/temp_sroie/image/X51005433533.jpg,SROIE,PERNIAGAAN ZHENG HUI,NO.59 JALAN PERMAS 9/5 BANDAR BARU PERMAS JAYA 81750 JOHOR BAHRU,2018-03-09,332.30,,PERNIAGAAN ZHENG HUI,retail,General Retail
dataset/temp_sroie/image/X51005433538.jpg,SROIE,UNIHAKKA INTERNATIONAL SDN BHD,"12, JALAN TAMPOI 7/4,KAWASAN PERINDUSTRIAN TAMPOI,81200 JOHOR BAHRU,JOHOR",2018-03-12,8.20,,UNIHAKKA INTERNATIONAL SDN BHD,retail,General Retail
dataset/temp_sroie/image/X51005433541.jpg,SROIE,UNIHAKKA INTERNATIONAL SDN BHD,"12, JALAN TAMPOI 7/4,KAWASAN PERINDUSTRIAN TAMPOI,81200 JOHOR BAHRU,JOHOR",2018-03-14,8.20,,UNIHAKKA INTERNATIONAL SDN BHD,retail,General Retail
dataset/temp_sroie/image/X51005433543.jpg,SROIE,UNIHAKKA INTERNATIONAL SDN BHD,"12, JALAN TAMPOI 7/4,KAWASAN PERINDUSTRIAN TAMPOI,81200 JOHOR BAHRU,JOHOR",2018-03-13,8.20,,UNIHAKKA INTERNATIONAL SDN BHD,retail,General Retail
dataset/temp_sroie/image/X51005433548.jpg,SROIE,PASAR MINI JIN SENG,"379, JALAN PERMAS SATU, BANDAR BARU PERMAS JAYA 81750 PLENTONG, JOHOR.",2018-03-03,33.80,,PASAR MINI JIN SENG,retail,General Retail
dataset/temp_sroie/image/X51005433552.jpg,SROIE,WARAKUYA PERMAS CITY SDN BHD,JALAN PERMAS UTARA 1 PERMAS JAYA 81750 MASAI JOHOR,2018-03-10,57.80,,WARAKUYA PERMAS CITY SDN BHD,retail,General Retail
dataset/temp_sroie/image/X51005433553.jpg,SROIE,YHM AEON TEBRAU CITY,"S117, SECOND FLOOR, AEON TEBRAU CITY, 1, JALAN DESA TEBRAU, TAMAN DESA TEBRAU, 81100 JOHOR BAHRU, JOHOR.",2018-03-11,13.10,,YHM AEON TEBRAU CITY,retail,General Retail
dataset/temp_sroie/image/X51005433556.jpg,SROIE,YHM AEON TEBRAU CITY,"S117, SECOND FLOOR, AEON TEBRAU CITY, 1, JALAN DESA TEBRAU, TAMAN DESA TEBRAU, 81100 JOHOR BAHRU, JOHOR.",2018-03-11,49.70,,YHM AEON TEBRAU CITY,retail,General Retail
dataset/temp_sroie/image/X51005441398.jpg,SROIE,OWNER BY CASTLE BLUE S/B,"AVTIVO PLAZA,LOT B-F-11, BLOCK B NO1.JALAN PJU 9/1,D'SARA AVEVUE BANDAR SRI D'SARA, 52000 KL",2018-03-30,189.75,,OWNER BY CASTLE BLUE S/B,retail,General Retail
dataset/temp_sroie/image/X51005441401.jpg,SROIE,THREE STOOGES,"109, SS21/1A, DAMANSARA UTAMA",2018-03-12,343.95,,THREE STOOGES,retail,General Retail
dataset/temp_sroie/image/X51005441402.jpg,SROIE,THREE STOOGES,"109, SS21/1A, DAMANSARA UTAMA",2018-03-03,174.90,,THREE STOOGES,retail,General Retail
dataset/temp_sroie/image/X51005441407.jpg,SROIE,TASTE OF THE WORLD SDN BHD,"LOT 38, 39 101 BOULEVARD, JALAN KENARI 5, BANDAR PUCHONG JAYA, 47170 PUCHONG, SELANGOR",2018-03-05,64.15,,TASTE OF THE WORLD SDN BHD,retail,General Retail
dataset/temp_sroie/image/X51005441408.jpg,SROIE,32 PUB & BISTRO OWN BY CNU TRADING,"78G, JALAN SS21/62, DAMANSARA UTAMA, 47400 PETALING JAYA.",2018-03-10,190.00,,32 PUB & BISTRO OWN BY CNU TRADING,retail,Food & Beverage
dataset/temp_sroie/image/X51005442322.jpg,SROIE,GRAND COMPANIONS SDN BHD,"LOT G112, AEON MALL TEBRAU CITY NO 1 JALAN DESA TEBRAU 81100 JOHOR BAHRU",,269.40,,GRAND COMPANIONS SDN BHD,retail,General Retail
dataset/temp_sroie/image/X51005442327.jpg,SROIE,UNIHAKKA INTERNATIONAL SDN BHD,"12, JALAN TAMPOI 7/4,KAWASAN PARINDUSTRIAN TAMPOI,81200 JOHOR BAHRU,JOHOR",2018-03-18,8.60,,UNIHAKKA INTERNATIONAL SDN BHD,retail,General Retail
dataset/temp_sroie/image/X51005442333.jpg,SROIE,UNIHAKKA INTERNATIONAL SDN BHD,"12, JALAN TAMPOI 7/4,KAWASAN PARINDUSTRIAN TAMPOI,81200 JOHOR BAHRU,JOHOR",2018-03-27,6.90,,UNIHAKKA INTERNATIONAL SDN BHD,retail,General Retail
dataset/temp_sroie/image/X51005442334.jpg,SROIE,UNIHAKKA INTERNATIONAL SDN BHD,"12, JALAN TAMPOI 7/4,KAWASAN PARINDUSTRIAN TAMPOI,81200 JOHOR BAHRU,JOHOR",2018-03-26,8.20,,UNIHAKKA INTERNATIONAL SDN BHD,retail,General Retail
dataset/temp_sroie/image/X51005442338.jpg,SROIE,PASAR MINI JIN SENG,"379, JALAN PERMAS SATU, BANDAR BARU PERMAS JAYA 81750 PLENTONG, JOHOR.",2018-03-18,28.60,,PASAR MINI JIN SENG,retail,General Retail
dataset/temp_sroie/image/X51005442341.jpg,SROIE,RESTAURANT SIN DU,"K3-113, JL IBRAHIM SULTAN 80300 JOHOR BAHRU JOHOR",2018-03-09,170.00,,RESTAURANT SIN DU,retail,Food & Beverage
dataset/temp_sroie/image/X51005442343.jpg,SROIE,YONG TAT HARDWARE TRADING,"NO 4,JALAN PERJIRANAN 10, TAMAN AIR BIRU, 81700 PASIR GUDANG, JOHOR.",2018-03-13,72.00,,YONG TAT HARDWARE TRADING,retail,General Retail
dataset/temp_sroie/image/X51005442344.jpg,SROIE,YONG TAT HARDWARE TRADING,"NO 4,JALAN PERJIRANAN 10, TAMAN AIR BIRU, 81700 PASIR GUDANG, JOHOR.",2018-03-13,100.90,,YONG TAT HARDWARE TRADING,retail,General Retail
dataset/temp_sroie/image/X51005442346.jpg,SROIE,PERNIAGAAN ZHENG HUI,NO.59 JALAN PERMAS 9/5 BANDAR BARU PERMAS JAYA 81750 JOHOR BAHRU,2018-03-15,8.00,,PERNIAGAAN ZHENG HUI,retail,General Retail
dataset/temp_sroie/image/X51005442361.jpg,SROIE,TIMELESS KITCHENETTE SDN BHD,"LOT 50, FLOOR T2,SKY AVENUE GENTING HIGHLANDS PAHANG, 69000 PAHANG MALAYSIA",2018-03-23,593.10,,TIMELESS KITCHENETTE SDN BHD,retail,Food & Beverage
dataset/temp_sroie/image/X51005442366.jpg,SROIE,TRIPLE SIX POINT ENTERPRISE 666,NO 14& 16 JALAN PERMAS 4/3 BANDAR BARU PERMAS JAY,2018-03-22,22.60,,TRIPLE SIX POINT ENTERPRISE 666,retail,General Retail
dataset/temp_sroie/image/X51005442375.jpg,SROIE,UNIHAKKA INTERNATIONAL SDN BHD,"12, JALAN TAMPOI 7/4,KAWASAN PERINDUSTRIAN TAMPOI,81200 JOHOR BAHRU,JOHOR",2018-03-25,8.50,,UNIHAKKA INTERNATIONAL SDN BHD,retail,General Retail
dataset/temp_sroie/image/X51005442376.jpg,SROIE,UNIHAKKA INTERNATIONAL SDN BHD,"12, JALAN TAMPOI 7/4,KAWASAN PERINDUSTRIAN TAMPOI,81200 JOHOR BAHRU,JOHOR",2018-03-22,7.60,,UNIHAKKA INTERNATIONAL SDN BHD,retail,General Retail
dataset/temp_sroie/image/X51005442378.jpg,SROIE,PAGOH REST AND SERVICE AREA,"LOT R1, KWS REHAT & RAWAT PAGOH ARAH UTARA, SIMPANG AMPAT PAGOH, LEBUHRAYA UTARA SELATAN, 84600,PAGOH,JOHOR",2018-03-23,10.00,,PAGOH REST AND SERVICE AREA,retail,General Retail
dataset/temp_sroie/image/X51005442379.jpg,SROIE,UNIHAKKA INTERNATIONAL SDN BHD,"12, JALAN TAMPOI 7/4,KAWASAN PERINDUSTRIAN TAMPOI,81200 JOHOR BAHRU,JOHOR",2018-03-24,9.20,,UNIHAKKA INTERNATIONAL SDN BHD,retail,General Retail
dataset/temp_sroie/image/X51005442382.jpg,SROIE,UNIHAKKA INTERNATIONAL SDN BHD,"12, JALAN TAMPOI 7/4,KAWASAN PERINDUSTRIAN TAMPOI,81200 JOHOR BAHRU,JOHOR",2018-03-20,6.60,,UNIHAKKA INTERNATIONAL SDN BHD,retail,General Retail
dataset/temp_sroie/image/X51005442383.jpg,SROIE,CARREFOUR RESTAURANT,"18,JALAN PERMAS 10/7 BANDAR BARU PERMAS JAYA, MASAI,JOHOR",2018-03-20,13.80,,CARREFOUR RESTAURANT,retail,Food & Beverage
dataset/temp_sroie/image/X51005442384.jpg,SROIE,UNIHAKKA INTERNATIONAL SDN BHD,"12, JALAN TAMPOI 7/4,KAWASAN PERINDUSTRIAN TAMPOI,81200 JOHOR BAHRU,JOHOR",2018-03-19,8.20,,UNIHAKKA INTERNATIONAL SDN BHD,retail,General Retail
dataset/temp_sroie/image/X51005442386.jpg,SROIE,UNIHAKKA INTERNATIONAL SDN BHD,"12, JALAN TAMPOI 7/4,KAWASAN PERINDUSTRIAN TAMPOI,81200 JOHOR BAHRU,JOHOR",2018-03-21,8.70,,UNIHAKKA INTERNATIONAL SDN BHD,retail,General Retail
dataset/temp_sroie/image/X51005442388.jpg,SROIE,CONTENTO,"15, JALAN PERMAS 10/7,PERMAS 81750 MASAI JOHOR",2018-03-20,21.60,,CONTENTO,retail,General Retail
dataset/temp_sroie/image/X51005442392.jpg,SROIE,UNIHAKKA INTERNATIONAL SDN BHD,"12 JALAN TAMPOI 7/4,KAWASAN PERINDUSTRIAN TAMPOI,81200 JOHOR BAHRU,JOHOR",2018-03-29,7.10,,UNIHAKKA INTERNATIONAL SDN BHD,retail,General Retail
dataset/temp_sroie/image/X51005442394.jpg,SROIE,UNIHAKKA INTERNATIONAL SDN BHD,"12, JALAN TAMPOI 7/4,KAWASAN PERINDUSTRIAN TAMPOI,81200 JOHOR BAHRU,JOHOR",2018-03-30,8.20,,UNIHAKKA INTERNATIONAL SDN BHD,retail,General Retail
dataset/temp_sroie/image/X51005442397.jpg,SROIE,TRIPLE SIX POINT ENTERPRISE 666,NO 14 & 16 JALAN PERMAS 4/3 BANDAR BARU PERMAS JAY,2018-03-25,7.60,,TRIPLE SIX POINT ENTERPRISE 666,retail,General Retail
dataset/temp_sroie/image/X51005444033.jpg,SROIE,BENS INDEPENDENT GROCER SDN. BHD,"LOT 6, JALAN BATAI, PLAZA BATAI, DAMANSARA HEIGHTS 50490, KUALA LUMPUR",2018-03-12,77.20,,BENS INDEPENDENT GROCER SDN. BHD,retail,Supermarket / Grocery
dataset/temp_sroie/image/X51005444037.jpg,SROIE,NANDO'S CHICKENLAND MALAYSIA SDN BHD,"UNIT G-13, GROUND FLOOR, NO.1 JLN KIARA, MONT KIARA 50480 KUALA LUMPUR",,129.30,,NANDO'S CHICKENLAND MALAYSIA SDN BHD,retail,Food & Beverage
dataset/temp_sroie/image/X51005444040.jpg,SROIE,BENS INDEPENDENT GROCER SDN. BHD,"LOT 6, JALAN BATAI, PLAZA BATAI, DAMANSARA HEIGHTS 50490, KUALA LUMPUR",2018-03-09,133.70,,BENS INDEPENDENT GROCER SDN. BHD,retail,Supermarket / Grocery
dataset/temp_sroie/image/X51005444041.jpg,SROIE,BENS INDEPENDENT GROCER SDN. BHD,"LOT 6, JALAN BATAI, PLAZA BATAI, DAMANSARA HEIGHTS 50490, KUALA LUMPUR",2018-03-08,81.00,,BENS INDEPENDENT GROCER SDN. BHD,retail,Supermarket / Grocery
dataset/temp_sroie/image/X51005444044.jpg,SROIE,99 SPEED MART S/B,"LOT P.T. 2811, JALAN ANGSA, TAMAN BERKELEY 41150 KLANG, SELANGOR 1572-TMN BKT PANDAN",,5.35,,99 SPEED MART S/B,retail,Supermarket / Grocery
dataset/temp_sroie/image/X51005444045.jpg,SROIE,99 SPEED MART S/B,"LOT P.T. 2811, JALAN ANGSA, TAMAN BERKELEY 41150 KLANG, SELANGOR 1245-DESA SRI HARTAMAS",,11.40,,99 SPEED MART S/B,retail,Supermarket / Grocery
dataset/temp_sroie/image/X51005444046.jpg,SROIE,STAR GROCER SDN BHD,"NO 4, DESA PANDAN, OFF KAMPONG PANDAN, 55100 KUALA LUMPUR",2018-03-25,66.15,,STAR GROCER SDN BHD,retail,Supermarket / Grocery
dataset/temp_sroie/image/X51005447832.jpg,SROIE,PETRODELI ENTERPRISE,"LOT 485, TMN LEMBAH KERAMAT JLN ULU KELANG, 54200 KUALA LUMPUR",2018-02-26,85.54,,PETRODELI ENTERPRISE,retail,General Retail
dataset/temp_sroie/image/X51005447833.jpg,SROIE,SUN WONG KUT SDN BHD,176 JLN SUNGEI BESI 57100 KUALA LUMPUR.,2018-02-21,88.17,,SUN WONG KUT SDN BHD,retail,General Retail
dataset/temp_sroie/image/X51005447839.jpg,SROIE,RESTAURANT JIAWEI JIAWEI HOUSE,"13, JLN TASIK UTAMA 8 MEDAN NIAGA DAMAI SG BESI 57000 KL",2018-03-09,65.20,,RESTAURANT JIAWEI JIAWEI HOUSE,retail,Food & Beverage
dataset/temp_sroie/image/X51005447840.jpg,SROIE,PASARAYA BORONG PINTAR SDN BHD,"NO 19-G& 19-1& 19-2 JALAN TASIK UTAMA 4, MEDAN NIAGA TASIK DAMAI",2018-03-14,8.20,,PASARAYA BORONG PINTAR SDN BHD,retail,General Retail
dataset/temp_sroie/image/X51005447841.jpg,SROIE,PASARAYA BORONG PINTAR SDN BHD,"NO 19-G& 19-1& 19-2 JALAN TASIK UTAMA 4, MEDAN NIAGA TASIK DAMAI",2018-03-09,10.40,,PASARAYA BORONG PINTAR SDN BHD,retail,General Retail
dataset/temp_sroie/image/X51005447842.jpg,SROIE,PASARAYA BORONG PINTAR SDN BHD,"NO 19-G& 19-1& 19-2 JALAN TASIK UTAMA 4, MEDAN NIAGA TASIK DAMAI",2018-03-14,0.90,,PASARAYA BORONG PINTAR SDN BHD,retail,General Retail
dataset/temp_sroie/image/X51005447844.jpg,SROIE,RESTAURANT JIAWEI JIAWEI HOUSE,"13, JLN TASIK UTAMA 8 MEDAN NIAGA DAMAI SG BESI",2018-02-23,110.00,,RESTAURANT JIAWEI JIAWEI HOUSE,retail,Food & Beverage
dataset/temp_sroie/image/X51005447848.jpg,SROIE,LIAN CHI PU TIAN VEGETARIAN RESTAURANT SDN BHD,"54,JALAN SS23/11 TAMAN SEA,47400 PETALING JAYA,SELANGOR",2018-01-06,53.55,,LIAN CHI PU TIAN VEGETARIAN RESTAURANT SDN BHD,retail,Food & Beverage
dataset/temp_sroie/image/X51005447850.jpg,SROIE,PASARAYA BORONG PINTAR SDN BHD,"NO 19-G& 19-1& 19-2 JALAN TASIK UTAMA 4, MEDAN NIAGA TASIK DAMAI",,3.20,,PASARAYA BORONG PINTAR SDN BHD,retail,General Retail
dataset/temp_sroie/image/X51005447851.jpg,SROIE,PASARAYA BORONG PINTAR SDN BHD,"NO 19-G&19-1&19-2 JALAN TASIK UTAMA 4, MEDAN NIAGA TASIK DAMAI",2018-01-30,1.70,,PASARAYA BORONG PINTAR SDN BHD,retail,General Retail
dataset/temp_sroie/image/X51005447852.jpg,SROIE,99 SPEED MART S/B,"LOT P.T. 2811, JALAN ANGSA, TAMAN BERKELEY 41150 KLANG, SELANGOR 1249-TMN PANDAN CAHAYA",,9.90,,99 SPEED MART S/B,retail,Supermarket / Grocery
dataset/temp_sroie/image/X51005447853.jpg,SROIE,99 SPEED MART S/B,"LOT P.T. 2811, JALAN ANGSA, TAMAN BERKELEY 41150 KLANG, SELANGOR 1317 TRILLIUM S6 BESI",,141.50,,99 SPEED MART S/B,retail,Supermarket / Grocery
dataset/temp_sroie/image/X51005447859.jpg,SROIE,PASARAYA BORONG PINTAR SDN BHD,"NO 19-G& 19-1& 19-2 JALAN TASIK UTAMA 4, MEDAN NIAGA TASIK DAMAI",2018-02-14,1.45,,PASARAYA BORONG PINTAR SDN BHD,retail,General Retail
dataset/temp_sroie/image/X51005447860.jpg,SROIE,AEON CO. (M) BHD,"3RD FLR, AEON TAMAN MALURI SC JLN JEJAKA, TAMAN MALURI CHERAS, 55100 KUALA LUMPUR",2018-02-19,17.70,,AEON CO. (M) BHD,retail,General Retail
dataset/temp_sroie/image/X51005447861.jpg,SROIE,POPULAR BOOK CO. (M) SDN BHD,"NO 8, JALAN 7/118B, DESA TUN RAZAK 56000 KUALA LUMPUR, MALAYSIA",2018-03-01,49.40,,POPULAR BOOK CO. (M) SDN BHD,retail,General Retail
dataset/temp_sroie/image/X51005453729.jpg,SROIE,LIAN HING STATIONERY SDN BHD,"NO.32 & 33, JALAN SR 1/9, SEKSYEN 9, TAMAN SERDANG RAYA, 43300 SERI KEMBANGAN, SELANGOR DARUL EHSAN",2018-03-27,79.50,,LIAN HING STATIONERY SDN BHD,retail,General Retail
dataset/temp_sroie/image/X51005453801.jpg,SROIE,GL HANDICRAFT & TAIL ORING,"19, JALAN KANCIL, OFF JALAN PUDU, 55100 KUALA LUMPUR MALAYSIA",2018-03-20,102.00,,GL HANDICRAFT & TAIL ORING,retail,General Retail
dataset/temp_sroie/image/X51005453802.jpg,SROIE,LIAN HING STATIONERY SDN BHD,"NO.32 & 33, JALAN SR 1/9, SEKSYEN 9, TAMAN SERDANG RAYA, 43300 SERI KEMBANGAN, SELANGOR DARUL EHSAN",2018-03-30,159.00,,LIAN HING STATIONERY SDN BHD,retail,General Retail
dataset/temp_sroie/image/X51005453804.jpg,SROIE,LIAN HING STATIONERY SDN BHD,"NO.32 & 33, JALAN SR 1/9, SEKSYEN 9, TAMAN SERDANG RAYA, 43300 SERI KEMBANGAN, SELANGOR DARUL EHSAN",2018-03-27,12.00,,LIAN HING STATIONERY SDN BHD,retail,General Retail
dataset/temp_sroie/image/X51005568827.jpg,SROIE,BANH MI CAFE SDN BHD,"NO,1 JALAN PUTERI 7/10 BANDAR PUTERI, 47100 PUCHONG SELANGOR, MALAYSIA",2017-10-29,23.25,,BANH MI CAFE SDN BHD,retail,Food & Beverage
dataset/temp_sroie/image/X51005568829.jpg,SROIE,THAI DELICIOUS RESTAURANT,"NO.22 JALAN PUTERI 2/4 BANDAR PUTERI 47100 PUCHONG, SELANGOR",2017-02-02,92.80,,THAI DELICIOUS RESTAURANT,retail,Food & Beverage
dataset/temp_sroie/image/X51005568855.jpg,SROIE,POPULAR BOOK CO. (M) SDN BHD,"NO 8, JALAN 7/118B, DESA TUN RAZAK 56000 KUALA LUMPUR, MALAYSIA",2017-12-23,140.65,,POPULAR BOOK CO. (M) SDN BHD,retail,General Retail
dataset/temp_sroie/image/X51005568866.jpg,SROIE,POPULAR BOOK CO. (M) SDN BHD,"NO 8, JALAN 7/118B, DESA TUN RAZAK 56000 KUALA LUMPUR, MALAYSIA",2017-08-20,5.05,,POPULAR BOOK CO. (M) SDN BHD,retail,General Retail
dataset/temp_sroie/image/X51005568880.jpg,SROIE,MR.D.I.Y(M)SDN BHD,"LOT 1851-A & 1851-B, JALAN KPB 6, KAWASAN PERINDUSTRIAN BALAKONG, 43300 SERI KEMBANGAN, SELANGOR",,15.90,,MR.D.I.Y(M)SDN BHD,retail,General Retail
dataset/temp_sroie/image/X51005568881.jpg,SROIE,HON HWA HARDWARE TRADING,"NO 37, JALAN MANIS 7, TAMAN SEGAR, 56100 CHERAS, KUALA LUMPUR.",2017-09-21,10.40,,HON HWA HARDWARE TRADING,retail,General Retail
dataset/temp_sroie/image/X51005568884.jpg,SROIE,MR. D.I.Y. SDN BHD,"LOT 1851-A & 1851-B, JALAN KPB 6, KAWASAN PERINDUSTRIAN BALAKONG, 43300 SERI KEMBANGAN, SELANGOR",,3.90,,MR. D.I.Y. SDN BHD,retail,General Retail
dataset/temp_sroie/image/X51005568885.jpg,SROIE,EVERGREEN LIGHT SDN BHD,"NO.7-1, JALAN PUTERI 7/11, BANDAR PUTERI, 47100 PUCHONG, BELANGOR",2017-07-10,56.00,,EVERGREEN LIGHT SDN BHD,retail,General Retail
dataset/temp_sroie/image/X51005568887.jpg,SROIE,HON HWA HARDWARE TRADING,"NO 37, JALAN MANIS 7, TAMAN SEGAR, 56100 CHERAS, KUALA LUMPUR.",2017-04-26,7.20,,HON HWA HARDWARE TRADING,retail,General Retail
dataset/temp_sroie/image/X51005568889.jpg,SROIE,HON HWA HARDWARE TRADING,"NO 37, JALAN MANIS 7, TAMAN SEGAR, 56100 CHERAS, KUALA LUMPUR.",2017-02-11,19.60,,HON HWA HARDWARE TRADING,retail,General Retail
dataset/temp_sroie/image/X51005568890.jpg,SROIE,HON HWA HARDWARE TRADING,"NO 37, JALAN MANIS 7, TAMAN SEGAR, 56100 CHERAS, KUALA LUMPUR.",2017-01-05,5.00,,HON HWA HARDWARE TRADING,retail,General Retail
dataset/temp_sroie/image/X51005568891.jpg,SROIE,HON HWA HARDWARE TRADING,"NO 37, JALAN MANIS 7, TAMAN SEGAR, 56100 CHERAS, KUALA LUMPUR.",2017-02-08,277.00,,HON HWA HARDWARE TRADING,retail,General Retail
dataset/temp_sroie/image/X51005568892.jpg,SROIE,EVERGREEN LIGHT SDN BHD,"NO.7-1, JALAN PUTERI 7/11, BANDAR PUTERI, 47100 PUCHONG, BELANGOR",2017-09-18,26.00,,EVERGREEN LIGHT SDN BHD,retail,General Retail
dataset/temp_sroie/image/X51005568894.jpg,SROIE,VIVOPAC MARKETING SDN BHD,14 JALAN MANIS 4 TAMAN SEGAR 56100 KL,2017-01-17,46.65,,VIVOPAC MARKETING SDN BHD,retail,Supermarket / Grocery
dataset/temp_sroie/image/X51005568895.jpg,SROIE,VIVOPAC MARKETING SDN BHD,14 JALAN MANIS 4 TAMAN SEGAR 56100 KL,2017-09-13,52.45,,VIVOPAC MARKETING SDN BHD,retail,Supermarket / Grocery
dataset/temp_sroie/image/X51005568898.jpg,SROIE,VIVOPAC MARKETING SDN BHD,14 JALAN MANIS 4 TAMAN SEGAR 56100 KL,2017-05-30,18.80,,VIVOPAC MARKETING SDN BHD,retail,Supermarket / Grocery
dataset/temp_sroie/image/X51005568899.jpg,SROIE,MR. D.I.Y. SDN BHD,"LOT 1851-A & 1851-B, JALAN KPB 6, KAWASAN PERINDUSTRIAN BALAKONG, 43300 SERI KEMBANGAN, SELANGOR",,5.90,,MR. D.I.Y. SDN BHD,retail,General Retail
dataset/temp_sroie/image/X51005568900.jpg,SROIE,MR. D.I.Y. SDN BHD,"LOT 1851-A & 1851-B, JALAN KPB 6, KAWASAN PERINDUSTRIAN BALAKONG, 43300 SERI KEMBANGAN, SELANGOR",,9.90,,MR. D.I.Y. SDN BHD,retail,General Retail
dataset/temp_sroie/image/X51005568911.jpg,SROIE,MR. D.I.Y. (KUCHAI) SDN BHD,"LOT 1851-A & 1851-B, JALAN KPB 6, KAWASAN PERINDUSTRIAN BALAKONG, 43300 SERI KEMBANGAN, SELANGOR",,37.80,,MR. D.I.Y. (KUCHAI) SDN BHD,retail,General Retail
dataset/temp_sroie/image/X51005568913.jpg,SROIE,IKANO HANDEL SDN BHD,NO 2A JALAN COCHRANE TAMAN MALURI 55100 KUALA LUMPUR,2017-07-27,538.00,,IKANO HANDEL SDN BHD,retail,General Retail
dataset/temp_sroie/image/X51005568914.jpg,SROIE,IKANO HANDEL SDN BHD,NO 2A JALAN COCHRANE TAMAN MALURI 55100 KUALA LUMPUR,2017-08-09,99.80,,IKANO HANDEL SDN BHD,retail,General Retail
dataset/temp_sroie/image/X51005577191.jpg,SROIE,FY EAGLE ENTERPRISE,"NO. 42, JALAN PBS 14/11, TAMAN PERINDUSTRIAN BUKIT SERDANG, 43300 SERI KEMBANGAN, SELANGOR",2017-12-07,10.00,,FY EAGLE ENTERPRISE,retail,General Retail
dataset/temp_sroie/image/X51005577192.jpg,SROIE,FY EAGLE ENTERPRISE,"NO. 42, JALAN PBS 14/11, TAMAN PERINDUSTRIAN BUKIT SERDANG, 43300 SERI KEMBANGAN, SELANGOR",2017-12-04,7.00,,FY EAGLE ENTERPRISE,retail,General Retail
dataset/temp_sroie/image/X51005582745.jpg,SROIE,MODERN DEPOT SDN BHD,"NO.19, PT18685, JALAN JAMBU MELAKA 2, JINJANG SELATAN, KEPONG.",2016-12-04,150.00,,MODERN DEPOT SDN BHD,retail,General Retail
dataset/temp_sroie/image/X51005587254.jpg,SROIE,TRI SHAAS SDN BHD,"4-20, JALAN RIA 25/62 TAMAN SRI MUDA SEKSYEN 25, 40400 SHAH ALAM SELANGOR",2017-03-13,5.00,,TRI SHAAS SDN BHD,retail,General Retail
dataset/temp_sroie/image/X51005587261.jpg,SROIE,CHOP YEW LIAN,"LOT PT 5121, PER. KLANG, SEK. 27 40000 SHAH ALAM, SELANGOR",2017-03-23,30.00,,CHOP YEW LIAN,retail,General Retail
dataset/temp_sroie/image/X51005587267.jpg,SROIE,TRI SHAAS SDN BHD,"4-20, JALAN RIA 25/62 TAMAN SRI MUDA SEKSYEN 25, 40400 SHAH ALAM SELANGOR",2017-02-04,85.10,,TRI SHAAS SDN BHD,retail,General Retail
dataset/temp_sroie/image/X51005605284.jpg,SROIE,ADVANCO COMPANY,"NO 1&3, JALAN WANGSA DELIMA 12, WANGSA LINK, WANGSA MAJU, 53300 KUALA LUMPUR",2018-03-23,83.00,,ADVANCO COMPANY,retail,General Retail
dataset/temp_sroie/image/X51005605285.jpg,SROIE,AEON CO. (M) BHD.,"3 FLOOR, AEON TAMAN MALURI SC JLN JEJAKA, TAMAN MALURI CHERAS, 55100 KUALA LUMPUR",2018-03-22,5.90,,AEON CO. (M) BHD.,retail,General Retail
dataset/temp_sroie/image/X51005605286.jpg,SROIE,AEON CO. (M) BHD,"3RD FLR, AEON TAMAN MALURI SC JLN JEJAKA, TAMAN MALURI CHERAS, 55100 KUALA LUMPUR",2018-02-09,5.90,,AEON CO. (M) BHD,retail,General Retail
dataset/temp_sroie/image/X51005605287.jpg,SROIE,AEON CO. (M) BHD,"3RD FLR, AEON TAMAN MALURI SC JLN JEJAKA, TAMAN MALURI CHERAS, 55100 KUALA LUMPUR",2018-03-14,12.25,,AEON CO. (M) BHD,retail,General Retail
dataset/temp_sroie/image/X51005605295.jpg,SROIE,ECONSAVE CASH & CARRY (FC) S/B,"LOT GO1, KL FESTIVAL CITY, NO. 67 JIN IBU KOTA TMN DANAU KOTA, KL",2018-03-22,5.15,,ECONSAVE CASH & CARRY (FC) S/B,retail,General Retail
dataset/temp_sroie/image/X51005605332.jpg,SROIE,POPULAR BOOK CO. (M) SDN BHD,"NO 8, JALAN 7/118B, DESA TUN RAZAK 56000 KUALA LUMPUR, MALAYSIA",2018-03-14,7.95,,POPULAR BOOK CO. (M) SDN BHD,retail,General Retail
dataset/temp_sroie/image/X51005605333.jpg,SROIE,POPULAR BOOK CO. (M) SDN BHD,"NO 8, JALAN 7/118B, DESA TUN RAZAK 56000 KUALA LUMPUR, MALAYSIA KL FESTIVAL CITY MALL",2018-01-07,31.45,,POPULAR BOOK CO. (M) SDN BHD,retail,General Retail
dataset/temp_sroie/image/X51005605334.jpg,SROIE,POPULAR BOOK CO. (M) SDN BHD,"NO 8, JALAN 7/118B, DESA TUN RAZAK 56000 KUALA LUMPUR, MALAYSIA",2018-03-29,9.65,,POPULAR BOOK CO. (M) SDN BHD,retail,General Retail
dataset/temp_sroie/image/X51005605335.jpg,SROIE,POPULAR BOOK CO. (M) SDN BHD,"NO 8, JALAN 7/118B, DESA TUN RAZAK 56000 KUALA LUMPUR, MALAYSIA",2018-01-12,21.00,,POPULAR BOOK CO. (M) SDN BHD,retail,General Retail
dataset/temp_sroie/image/X51005621482.jpg,SROIE,PREMIO STATIONERY SDN BHD,"NO 57, JALAN SS 3/29, 47300 PETALING JAYA, SELANGOR",2018-03-20,13.40,,PREMIO STATIONERY SDN BHD,retail,General Retail
dataset/temp_sroie/image/X51005663272.jpg,SROIE,WAHIN HARDWARE SDN BHD,"425, JALAN PAHANG, SETAPAK, 53000 KUALA LUMPUR.",2017-12-04,42.40,,WAHIN HARDWARE SDN BHD,retail,General Retail
dataset/temp_sroie/image/X51005663273.jpg,SROIE,SYARIKAT PERNIAGAAN GIN KEE,"NO 290, JALAN AIR PANAS. SETAPAK, 53200, KUALA LUMPUR",2017-12-04,47.70,,SYARIKAT PERNIAGAAN GIN KEE,retail,General Retail
dataset/temp_sroie/image/X51005663274.jpg,SROIE,LIM SENG THO HARDWARE TRADING,"NO 7, SIMPANG OFF BATU VILLAGE, JALAN IPOH BATU 5, 51200 KUALA LUMPUR. MALAYSIA",2018-02-08,10.50,,LIM SENG THO HARDWARE TRADING,retail,General Retail
dataset/temp_sroie/image/X51005663276.jpg,SROIE,SYARIKAT PERNIAGAAN GIN KEE,"NO 290, JALAN AIR PANAS. SETAPAK. 53200, KUALA LUMPUR.",2017-12-02,7.42,,SYARIKAT PERNIAGAAN GIN KEE,retail,General Retail
dataset/temp_sroie/image/X51005663277.jpg,SROIE,SYARIKAT PERNIAGAAN GIN KEE,"NO 290, JALAN AIR PANAS. SETAPAK, 53200, KUALA LUMPUR.",2017-12-02,29.68,,SYARIKAT PERNIAGAAN GIN KEE,retail,General Retail
dataset/temp_sroie/image/X51005663278.jpg,SROIE,IKANO HANDEL SDN BHD,NO 2A JALAN COCHRANE TAMAN MALURI 55100 KUALA LUMPUR,2017-12-23,73.30,,IKANO HANDEL SDN BHD,retail,General Retail
dataset/temp_sroie/image/X51005663279.jpg,SROIE,SYARIKAT PERNIAGAAN GIN KEE,"NO 290, JALAN AIR PANAS. SETAPAK, 53200, KUALA LUMPUR",2017-12-28,148.40,,SYARIKAT PERNIAGAAN GIN KEE,retail,General Retail
dataset/temp_sroie/image/X51005663280.jpg,SROIE,T.A.S LEISURE SDN BHD,,,102.40,,T.A.S LEISURE SDN BHD,retail,General Retail
dataset/temp_sroie/image/X51005663293.jpg,SROIE,SWEET FOREST CAFE,"NO 21, JLN BUNGA KANTAN TAMAN P. RAMLEE SETAPAK 53000 KUALA LUMPUR",2018-02-14,30.30,,SWEET FOREST CAFE,retail,Food & Beverage
dataset/temp_sroie/image/X51005663297.jpg,SROIE,BEYOND BROTHERS HARDWARE,"LOT 1-0-2, JLN 1/50, DIAMOND SQUARE, OFF JLN GOMBAK 53000 KUALA LUMPUR",2018-03-14,599.45,,BEYOND BROTHERS HARDWARE,retail,General Retail
dataset/temp_sroie/image/X51005663298.jpg,SROIE,ZAWIAJAYA FOOD N BEVERAGE SDN BHD,"106-107, LEVEL 1 THE MINES MALL SERDANG SRI KEMBANGAN, 43300 SELANGOR DARUL EHSAN.",2018-03-21,48.15,,ZAWIAJAYA FOOD N BEVERAGE SDN BHD,retail,Food & Beverage
dataset/temp_sroie/image/X51005663300.jpg,SROIE,LIM SENG THO HARDWARE TRADING,"NO 7, SIMPANG OFF BATU VILLAGE, JALAN IPOH BATU 5, 51200 KUALA LUMPUR MALAYSIA",2018-02-02,7.00,,LIM SENG THO HARDWARE TRADING,retail,General Retail
dataset/temp_sroie/image/X51005663301.jpg,SROIE,LIM SENG THO HARDWARE TRADING,"NO 7. SIMPANG OFF BATU VILLAGE, JALAN IPOH BATU 5, 51200 KUALA LUMPUR MALAYSIA",2018-02-03,7.00,,LIM SENG THO HARDWARE TRADING,retail,General Retail
dataset/temp_sroie/image/X51005663307.jpg,SROIE,LA STATIONERY SDN BHD,"NO.8, JALAN 46/26, TAMAN SRI RAMPAI, 53300 KUALA LUMPUR.",2018-02-09,56.80,,LA STATIONERY SDN BHD,retail,General Retail
dataset/temp_sroie/image/X51005663309.jpg,SROIE,KOH SENG HARDWARE,"NO. 939, BATU LIMA, JALAN IPOH, 51200 KUALA LUMPUR.",2018-02-01,5.30,,KOH SENG HARDWARE,retail,General Retail
dataset/temp_sroie/image/X51005663310.jpg,SROIE,LIM SENG THO HARDWARE TRADING,"NO 7, SIMPANG OFF BATU VILLAGE, JALAN IPOH BATU 5, 51200 KUALA LUMPUR MALAYSIA",2018-02-09,8.40,,LIM SENG THO HARDWARE TRADING,retail,General Retail
dataset/temp_sroie/image/X51005663311.jpg,SROIE,LIM SENG THO HARDWARE TRADING,"NO 7, SIMPANG OFF BATU VILLAGE, JALAN IPOH BATU 5, 51200 KUALA LUMPUR MALAYSIA",2018-02-09,7.00,,LIM SENG THO HARDWARE TRADING,retail,General Retail
dataset/temp_sroie/image/X51005663317.jpg,SROIE,LIM SENG THO HARDWARE TRADING,"NO 7, SIMPANG OFF BATU VILLAGE, JALAN IPOH BATU 5, 51200 KUALA LUMPUR MALAYSIA",2017-12-29,6.00,,LIM SENG THO HARDWARE TRADING,retail,General Retail
dataset/temp_sroie/image/X51005663323.jpg,SROIE,KOH SENG HARDWARE,"NO. 939, BATU LIMA, JALAN IPOH, 51200 KUALA LUMPUR.",2017-12-04,848.00,,KOH SENG HARDWARE,retail,General Retail
dataset/temp_sroie/image/X51005663324.jpg,SROIE,SYARIKAT PERNIAGAAN GIN KEE,"NO 290, JALAN AIR PANAS, SETAPAK, 53200, KUALA LUMPUR.",2017-12-28,465.34,,SYARIKAT PERNIAGAAN GIN KEE,retail,General Retail
dataset/temp_sroie/image/X51005675095.jpg,SROIE,SUN VICTORY SDN BHD,"LEVEL G2, BLOCK D1, SOLARIS DUTAMAS, NO.1, JALAN DUTAMAS 1, 50480 KUALA LUMPUR",2018-01-14,4.00,,SUN VICTORY SDN BHD,retail,General Retail
dataset/temp_sroie/image/X51005675099.jpg,SROIE,SUPER TERMINAL SDN BHD,"NO. 18 & 19, TAMAN CITY, JALAN KUCHING, 52100 KUALA LUMPUR",2018-01-20,132.50,,SUPER TERMINAL SDN BHD,retail,General Retail
dataset/temp_sroie/image/X51005675103.jpg,SROIE,SYARIKAT PERNIAGAAN GIN KEE,"NO 290, JALAN AIR PANAS, SETAPAK, 53200, KUALA LUMPUR.",2018-01-04,100.17,,SYARIKAT PERNIAGAAN GIN KEE,retail,General Retail
dataset/temp_sroie/image/X51005675104.jpg,SROIE,SYARIKAT PERNIAGAAN GIN KEE,"NO 290, JALAN AIR PANAS, SETAPAK, 53200, KUALA LUMPUR.",2018-01-25,190.80,,SYARIKAT PERNIAGAAN GIN KEE,retail,General Retail
dataset/temp_sroie/image/X51005675914.jpg,SROIE,BEYOND BROTHERS HARDWARE,"LOT 1-0-2, JLN 1/50, DIAMOND SQUARE, OFF JLN GOMBAK 53000 KUALA LUMPUR",2017-11-10,67.85,,BEYOND BROTHERS HARDWARE,retail,General Retail
dataset/temp_sroie/image/X51005676534.jpg,SROIE,SYARIKAT PERNIAGAAN GIN KEE,"NO 290, JALAN AIR PANAS, SETAPAK, 53200, KUALA LUMPUR.",2018-01-03,72.08,,SYARIKAT PERNIAGAAN GIN KEE,retail,General Retail
dataset/temp_sroie/image/X51005676535.jpg,SROIE,SYARIKAT PERNIAGAAN GIN KEE,"NO 290, JALAN AIR PANAS, SETAPAK, 53200, KUALA LUMPUR",2017-12-30,89.04,,SYARIKAT PERNIAGAAN GIN KEE,retail,General Retail
dataset/temp_sroie/image/X51005676536.jpg,SROIE,SYARIKAT PERNIAGAAN GIN KEE,"NO 290, JALAN AIR PANAS, SETAPAK, 53200, KUALA LUMPUR.",2018-01-02,93.07,,SYARIKAT PERNIAGAAN GIN KEE,retail,General Retail
dataset/temp_sroie/image/X51005676537.jpg,SROIE,SYARIKAT PERNIAGAAN GIN KEE,"NO 290, JALAN AIR PANAS, SETAPAK, 53200, KUALA LUMPUR.",2018-01-03,94.34,,SYARIKAT PERNIAGAAN GIN KEE,retail,General Retail
dataset/temp_sroie/image/X51005676538.jpg,SROIE,SYARIKAT PERNIAGAAN GIN KEE,"NO 290, JALAN AIR PANAS, SETAPAK, 53200, KUALA LUMPUR.",2018-01-04,44.73,,SYARIKAT PERNIAGAAN GIN KEE,retail,General Retail
dataset/temp_sroie/image/X51005676539.jpg,SROIE,SYARIKAT PERNIAGAAN GIN KEE,"NO 290, JALAN AIR PANAS, SETAPAK, 53200, KUALA LUMPUR.",2018-01-10,23.32,,SYARIKAT PERNIAGAAN GIN KEE,retail,General Retail
dataset/temp_sroie/image/X51005676540.jpg,SROIE,SYARIKAT PERNIAGAAN GIN KEE,"NO 290, JALAN AIR PANAS, SETAPAK, 53200, KUALA LUMPUR.",2018-01-11,116.28,,SYARIKAT PERNIAGAAN GIN KEE,retail,General Retail
dataset/temp_sroie/image/X51005676541.jpg,SROIE,SYARIKAT PERNIAGAAN GIN KEE,"NO 290, JALAN AIR PANAS, SETAPAK, 53200, KUALA LUMPUR.",2018-01-03,94.87,,SYARIKAT PERNIAGAAN GIN KEE,retail,General Retail
dataset/temp_sroie/image/X51005676542.jpg,SROIE,SYARIKAT PERNIAGAAN GIN KEE,"NO 290, JALAN AIR PANAS, SETAPAK, 53200, KUALA LUMPUR.",2017-12-29,10.60,,SYARIKAT PERNIAGAAN GIN KEE,retail,General Retail
dataset/temp_sroie/image/X51005676543.jpg,SROIE,SYARIKAT PERNIAGAAN GIN KEE,"NO 290, JALAN AIR PANAS, SETAPAK, 53200, KUALA LUMPUR.",2018-01-02,13.25,,SYARIKAT PERNIAGAAN GIN KEE,retail,General Retail
dataset/temp_sroie/image/X51005676544.jpg,SROIE,SYARIKAT PERNIAGAAN GIN KEE,"NO 290, JALAN AIR PANAS, SETAPAK, 53200, KUALA LUMPUR.",2018-01-02,2.12,,SYARIKAT PERNIAGAAN GIN KEE,retail,General Retail
dataset/temp_sroie/image/X51005676545.jpg,SROIE,SYARIKAT PERNIAGAAN GIN KEE,"NO 290, JALAN AIR PANAS, SETAPAK, 53200, KUALA LUMPUR.",2018-01-13,6.36,,SYARIKAT PERNIAGAAN GIN KEE,retail,General Retail
dataset/temp_sroie/image/X51005676546.jpg,SROIE,SYARIKAT PERNIAGAAN GIN KEE,"NO 290, JALAN AIR PANAS, SETAPAK, 53200, KUALA LUMPUR.",2018-01-11,21.20,,SYARIKAT PERNIAGAAN GIN KEE,retail,General Retail
dataset/temp_sroie/image/X51005676547.jpg,SROIE,SYARIKAT PERNIAGAAN GIN KEE,"NO 290, JALAN AIR PANAS, SETAPAK, 53200, KUALA LUMPUR.",2018-01-13,12.72,,SYARIKAT PERNIAGAAN GIN KEE,retail,General Retail
dataset/temp_sroie/image/X51005676548.jpg,SROIE,SYARIKAT PERNIAGAAN GIN KEE,"NO 290, JALAN AIR PANAS, SETAPAK, 53200, KUALA LUMPUR.",2018-01-15,11.13,,SYARIKAT PERNIAGAAN GIN KEE,retail,General Retail
dataset/temp_sroie/image/X51005676549.jpg,SROIE,SYARIKAT PERNIAGAAN GIN KEE,"NO 290, JALAN AIR PANAS, SETAPAK, 53200, KUALA LUMPUR.",2018-01-02,39.75,,SYARIKAT PERNIAGAAN GIN KEE,retail,General Retail
dataset/temp_sroie/image/X51005677327.jpg,SROIE,SYARIKAT PERNIAGAAN GIN KEE,"NO 290, JALAN AIR PANAS, SETAPAK, 53200, KUALA LUMPUR.",2018-02-01,36.04,,SYARIKAT PERNIAGAAN GIN KEE,retail,General Retail
dataset/temp_sroie/image/X51005677328.jpg,SROIE,SYARIKAT PERNIAGAAN GIN KEE,"NO 290, JALAN AIR PANAS, SETAPAK, 53200, KUALA LUMPUR.",2018-02-12,5.30,,SYARIKAT PERNIAGAAN GIN KEE,retail,General Retail
dataset/temp_sroie/image/X51005677329.jpg,SROIE,SYARIKAT PERNIAGAAN GIN KEE,"NO 290, JALAN AIR PANAS, SETAPAK, 53200, KUALA LUMPUR.",2018-02-12,270.30,,SYARIKAT PERNIAGAAN GIN KEE,retail,General Retail
dataset/temp_sroie/image/X51005677331.jpg,SROIE,SYARIKAT PERNIAGAAN GIN KEE,"NO 290, JALAN AIR PANAS, SETAPAK, 53200, KUALA LUMPUR.",2018-02-03,60.95,,SYARIKAT PERNIAGAAN GIN KEE,retail,General Retail
dataset/temp_sroie/image/X51005677332.jpg,SROIE,SYARIKAT PERNIAGAAN GIN KEE,"NO 290, JALAN AIR PANAS, SETAPAK, 53200, KUALA LUMPUR.",2018-01-12,7.95,,SYARIKAT PERNIAGAAN GIN KEE,retail,General Retail
dataset/temp_sroie/image/X51005677333.jpg,SROIE,SYARIKAT PERNIAGAAN GIN KEE,"NO 290, JALAN AIR PANAS, SETAPAK, 53200, KUALA LUMPUR.",2018-01-31,101.76,,SYARIKAT PERNIAGAAN GIN KEE,retail,General Retail
dataset/temp_sroie/image/X51005677334.jpg,SROIE,SYARIKAT PERNIAGAAN GIN KEE,"NO 290, JALAN AIR PANAS, SETAPAK, 53200, KUALA LUMPUR.",2018-01-31,82.68,,SYARIKAT PERNIAGAAN GIN KEE,retail,General Retail
dataset/temp_sroie/image/X51005677335.jpg,SROIE,SYARIKAT PERNIAGAAN GIN KEE,"NO 290, JALAN AIR PANAS, SETAPAK, 53200, KUALA LUMPUR.",2018-01-24,74.20,,SYARIKAT PERNIAGAAN GIN KEE,retail,General Retail
dataset/temp_sroie/image/X51005677336.jpg,SROIE,SYARIKAT PERNIAGAAN GIN KEE,"NO 290, JALAN AIR PANAS, SETAPAK, 53200, KUALA LUMPUR.",2018-01-27,22.26,,SYARIKAT PERNIAGAAN GIN KEE,retail,General Retail
dataset/temp_sroie/image/X51005677337.jpg,SROIE,SYARIKAT PERNIAGAAN GIN KEE,"NO 290, JALAN AIR PANAS, SETAPAK, 53200, KUALA LUMPUR.",2018-02-02,94.13,,SYARIKAT PERNIAGAAN GIN KEE,retail,General Retail
dataset/temp_sroie/image/X51005677339.jpg,SROIE,BEYOND BROTHERS HARDWARE,"LOT 1-0-2, JLN 1/50, DIAMOND SQUARE, OFF JLN GOMBAK 53000 KUALA LUMPUR",2018-02-05,63.60,,BEYOND BROTHERS HARDWARE,retail,General Retail
dataset/temp_sroie/image/X510056849111.jpg,SROIE,WESTERN EASTERN STATIONERY SDN. BHD,"42-46, JLN SULTAN AZLAN SHAH 51200 KUALA LUMPUR",2018-02-26,7.42,,WESTERN EASTERN STATIONERY SDN. BHD,retail,General Retail
dataset/temp_sroie/image/X51005684949.jpg,SROIE,WESTERN EASTERN STATIONERY SDN. BHD,"42-46, JLN SULTAN AZLAN SHAH 51200 KUALA LUMPUR",2018-02-26,7.42,,WESTERN EASTERN STATIONERY SDN. BHD,retail,General Retail
dataset/temp_sroie/image/X51005685355.jpg,SROIE,RESTORAN IBRAHIM MAJU SB,"NO.2, GROUND FLOOR, JALAN REKO SENTRAL 8 TAMAN REKO SENTRAL, 43000 KAJANG SELANGOR DE",2018-03-19,5.30,,RESTORAN IBRAHIM MAJU SB,retail,Food & Beverage
dataset/temp_sroie/image/X51005685357.jpg,SROIE,FARMASI MALURI S/B,"23, JIN BURUNG JENTAYU, TMN BUKIT MALURI, KEPONG, 52100 KL.",2018-03-02,79.35,,FARMASI MALURI S/B,retail,General Retail
dataset/temp_sroie/image/X51005705722.jpg,SROIE,ASO ELECTRICAL TRADING SDN BHD,"NO 31G, JALAN SEPADU C 25/C, SECTION 25, TAMAN INDUSTRIES, AXIS 40400 SHAH ALAM, SELANGIR.",2017-09-27,248.05,,ASO ELECTRICAL TRADING SDN BHD,retail,General Retail
dataset/temp_sroie/image/X51005705727.jpg,SROIE,KEDAI BUKU NEW ACHEIVERS,"NO. 12 & 14, JALAN JINJANG 27/54 TAMAN ALAM MEGAH, SEKSYEN 27 40400 SHAH ALAM, SELANGOR D. E.",2017-12-28,38.15,,KEDAI BUKU NEW ACHEIVERS,retail,General Retail
dataset/temp_sroie/image/X51005705729.jpg,SROIE,ASO ELECTRICAL TRADING SDN BHD,"NO 31G, JALAN SEPADU C 25/C, SECTION 25, TAMAN INDUSTRIES, AXIS 40400 SHAH ALAM, SELANGOR.",2017-10-13,94.60,,ASO ELECTRICAL TRADING SDN BHD,retail,General Retail
dataset/temp_sroie/image/X51005705760.jpg,SROIE,TRI SHAAS SDN BHD,"4-20, JALAN RIA 25/62 TAMAN SRI MUDA SEKSYEN 25, 40400 SHAH ALAM SELANGOR",2017-08-10,21.40,,TRI SHAAS SDN BHD,retail,General Retail
dataset/temp_sroie/image/X51005705784.jpg,SROIE,KEDAI BUKU NEW ACHEIVERS,"NO. 12 & 14, JALAN JINJANG 27/54 TAMAN ALAM MEGAH, SEKSYEN 27 40400 SHAH ALAM, SELANGOR D. E.",2017-09-15,48.00,,KEDAI BUKU NEW ACHEIVERS,retail,General Retail
dataset/temp_sroie/image/X51005705804.jpg,SROIE,ASO ELECTRICAL TRADING SDN BHD,"NO 31G, JALAN SEPADU C 25/C, SECTION 25, TAMAN INDUSTRIES, AXIS 40400 SHAH ALAM, SELANGOR.",2017-12-04,99.00,,ASO ELECTRICAL TRADING SDN BHD,retail,General Retail
dataset/temp_sroie/image/X51005710963.jpg,SROIE,TS TOOLS HARDWARE & MACHINERY SDN BHD,"59, JALAN BANDAR SATU, PUSAT BANDAR PUCHONG 47160, PUCHONG, SELANGOR",2018-03-21,7.40,,TS TOOLS HARDWARE & MACHINERY SDN BHD,retail,General Retail
dataset/temp_sroie/image/X51005711401.jpg,SROIE,RESTORAN WAN SHENG,"NO.2, JALAN TEMENGGUNG 19/9, SEKSYEN 9, BANDAR MAHKOTA CHERAS, 43200 CHERAS, SELANGOR",2018-03-19,6.00,,RESTORAN WAN SHENG,retail,Food & Beverage
dataset/temp_sroie/image/X51005711402.jpg,SROIE,RESTORAN WAN SHENG,"NO.2, JALAN TEMENGGUNG 19/9, SEKSYEN 9, BANDAR MAHKOTA CHERAS, 43200 CHERAS, SELANGOR",2018-03-17,9.60,,RESTORAN WAN SHENG,retail,Food & Beverage
dataset/temp_sroie/image/X51005711403.jpg,SROIE,RESTORAN WAN SHENG,"NO.2, JALAN TEMENGGUNG 19/9, SEKSYEN 9, BANDAR MAHKOTA CHERAS, 43200 CHERAS, SELANGOR",2018-03-19,9.10,,RESTORAN WAN SHENG,retail,Food & Beverage
dataset/temp_sroie/image/X51005711404.jpg,SROIE,RESTORAN WAN SHENG,"NO.2, JALAN TEMENGGUNG 19/9, SEKSYEN 9, BANDAR MAHKOTA CHERAS, 43200 CHERAS, SELANGOR",2018-03-14,4.80,,RESTORAN WAN SHENG,retail,Food & Beverage
dataset/temp_sroie/image/X51005711441.jpg,SROIE,RESTORAN WAN SHENG,"NO.2, JALAN TEMENGGUNG 19/9, SEKSYEN 9, BANDAR MAHKOTA CHERAS, 43200 CHERAS, SELANGOR",2018-03-21,6.70,,RESTORAN WAN SHENG,retail,Food & Beverage
dataset/temp_sroie/image/X51005711442.jpg,SROIE,RESTORAN WAN SHENG,"NO.2, JALAN TEMENGGUNG 19/9, SEKSYEN 9, BANDAR MAHKOTA CHERAS, 43200 CHERAS, SELANGOR",2018-03-16,9.60,,RESTORAN WAN SHENG,retail,Food & Beverage
dataset/temp_sroie/image/X51005711443.jpg,SROIE,RESTORAN WAN SHENG,"NO.2, JALAN TEMENGGUNG 19/9, SEKSYEN 9, BANDAR MAHKOTA CHERAS, 43200 CHERAS, SELANGOR",2018-03-23,6.70,,RESTORAN WAN SHENG,retail,Food & Beverage
dataset/temp_sroie/image/X51005711444.jpg,SROIE,RESTORAN WAN SHENG,"NO.2, JALAN TEMENGGUNG 19/9, SEKSYEN 9, BANDAR MAHKOTA CHERAS, 43200 CHERAS, SELANGOR",2018-03-21,4.80,,RESTORAN WAN SHENG,retail,Food & Beverage
dataset/temp_sroie/image/X51005711445.jpg,SROIE,RESTORAN WAN SHENG,"NO.2, JALAN TEMENGGUNG 19/9, SEKSYEN 9, BANDAR MAHKOTA CHERAS, 43200 CHERAS, SELANGOR",2018-03-12,7.00,,RESTORAN WAN SHENG,retail,Food & Beverage
dataset/temp_sroie/image/X51005711446.jpg,SROIE,RESTORAN WAN SHENG,"NO.2, JALAN TEMENGGUNG 19/9, SEKSYEN 9, BANDAR MAHKOTA CHERAS, 43200 CHERAS, SELANGOR",2018-03-10,7.20,,RESTORAN WAN SHENG,retail,Food & Beverage
dataset/temp_sroie/image/X51005711447.jpg,SROIE,RESTORAN WAN SHENG,"NO.2, JALAN TEMENGGUNG 19/9, SEKSYEN 9, BANDAR MAHKOTA CHERAS, 43200 CHERAS, SELANGOR",2018-03-14,2.30,,RESTORAN WAN SHENG,retail,Food & Beverage
dataset/temp_sroie/image/X51005711449.jpg,SROIE,RESTORAN WAN SHENG,"NO.2, JALAN TEMENGGUNG 19/9, SEKSYEN 9, BANDAR MAHKOTA CHERAS, 43200 CHERAS, SELANGOR",2018-03-07,4.80,,RESTORAN WAN SHENG,retail,Food & Beverage
dataset/temp_sroie/image/X51005711451.jpg,SROIE,RSTORAN WAN SHENG,"NO.2, JALAN TEMENGGUNG 19/9, SEKSYEN 9, BANDAR MAHKOTA CHERAS, 43200 CHERAS, SELANGOR",2018-03-05,6.00,,RSTORAN WAN SHENG,retail,General Retail
dataset/temp_sroie/image/X51005711452.jpg,SROIE,GERBANG ALAF RESTAURANTS SDN BHD,"LEVEL 6, BANGUNAN TH, DAMANSARA UPTOWN3 NO.3, JALAN SS21/39, 47400 PETALING JAYA SELANGOR",2018-03-21,25.40,,GERBANG ALAF RESTAURANTS SDN BHD,retail,Food & Beverage
dataset/temp_sroie/image/X51005711453.jpg,SROIE,GERBANG ALAF RESTAURANTS SDN BHD,"LEVEL 6, BANGUNAN TH, DAMANSARA UPTOWN3 NO.3, JALAN SS21/39, 47400 PETALING JAYA SELANGOR",2018-03-10,8.50,,GERBANG ALAF RESTAURANTS SDN BHD,retail,Food & Beverage
dataset/temp_sroie/image/X51005711454.jpg,SROIE,PAPPARICH BMC,"JALAN TEMENGGUNG 23/9 BANDAR MAHKOTA CHERAS 43200 SELANGOR DARUL EHSAN, MALAYSIA",,72.93,,PAPPARICH BMC,retail,General Retail
dataset/temp_sroie/image/X51005711456.jpg,SROIE,MIZU MENTAI SDN. BHD.,"NO: 1-1&2 GROUND FLOOR, JLN TEMENGGUNG 13/9, 43200 CHERAS SELANGOR",2018-03-31,65.55,,MIZU MENTAI SDN. BHD.,retail,General Retail
dataset/temp_sroie/image/X51005712017.jpg,SROIE,GERBANG ALAF RESTAURANTS SDN BHD,"LEVEL 6, BANGUNAN TH, DAMANSARA UPTOWN3 NO.3, JALAN SS21/39, 47400 PETALING JAYA SELANGOR",2018-03-18,13.10,,GERBANG ALAF RESTAURANTS SDN BHD,retail,Food & Beverage
dataset/temp_sroie/image/X51005712021.jpg,SROIE,HAPPY SNACKS ENTERPRISE,"19 & 19A, JALAN MERANTI 2A, SEKSYEI BANDAR BARU BATANG KALI, 44300",2018-03-20,26.82,,HAPPY SNACKS ENTERPRISE,retail,Food & Beverage
dataset/temp_sroie/image/X51005712038.jpg,SROIE,SWC ENTERPRISE SDN BHD,"5-7, JALAN MAHAGONI 7/1 SEKSYEN 4, BANDAR UTAMA, 44300 BATANG KALI, SELANGOR",2018-03-28,30.00,,SWC ENTERPRISE SDN BHD,retail,General Retail
dataset/temp_sroie/image/X51005712039.jpg,SROIE,L TWO FLORIST & HANDICRAFT,"NO.49, JALAN MAHAGONI 7/2, SEKSYEN 4 BANDAR UTAMA, 44300 BATANG KALI, SELANGOR.",2018-03-21,9.00,,L TWO FLORIST & HANDICRAFT,retail,General Retail
dataset/temp_sroie/image/X51005715007.jpg,SROIE,KAISON FURNISHING SDN BHD,"LOT NO. L3-012, LEVEL 3, MYTOWN SHOPPING CENTRE, NO. 6, JALAN COCHRANE, SEKSYEN 90 55100 KUALA LUMPUR.",,18.70,,KAISON FURNISHING SDN BHD,retail,General Retail
dataset/temp_sroie/image/X51005715010.jpg,SROIE,WATSON'S PERSONAL CARE STORES SDN BHD,"USJ SUMMIT, SUBANG (SS)",,41.45,,WATSON'S PERSONAL CARE STORES SDN BHD,retail,General Retail
dataset/temp_sroie/image/X51005715451.jpg,SROIE,POPULAR BOOK CO. (M) SDN BHD,"NO 8, JALAN 7/118B, DESA TAN RAZAH 56000 KUALA LUMPUR, MALAYSIA KSL CITY",2018-02-06,14.65,,POPULAR BOOK CO. (M) SDN BHD,retail,General Retail
dataset/temp_sroie/image/X51005715455.jpg,SROIE,99 SPEED MART S/B,"LOT P.T. 2811, JALAN ANGSA, TAMAN BERKELEY 41150 KLANG, SELANGOR 1330 JLN KENANGA",,10.60,,99 SPEED MART S/B,retail,Supermarket / Grocery
dataset/temp_sroie/image/X51005715456.jpg,SROIE,KHE ELECTRICAL TRADING,"33-G JALAN MAJU 3/1 TAMAN LEMBAH MAJU CHERAS, 56100 KL",2018-03-22,101.75,,KHE ELECTRICAL TRADING,retail,General Retail
dataset/temp_sroie/image/X51005717526.jpg,SROIE,GERBANG ALAF RESTAURANTS SDN BHD,"LEVEL 6, BANGUNAN TH, DAMANSARA UPTOWN3 NO.3, JALAN SS21/39, 47400 PETALING JAYA SELANGOR",2018-03-02,28.50,,GERBANG ALAF RESTAURANTS SDN BHD,retail,Food & Beverage
dataset/temp_sroie/image/X51005719814.jpg,SROIE,TK DIVISION KITCHEN SDN BHD,"19-1. JALAN MALINJA 2, TAMAN BUNGA RAYA, 53100 SETAPAK, KUALA LUMPUR.",2018-01-17,29.70,,TK DIVISION KITCHEN SDN BHD,retail,Food & Beverage
dataset/temp_sroie/image/X51005719823.jpg,SROIE,AA PHARMACY,"NO.47, JALAN 3/36, BUKIT SRI BINTANG, KEPONG 52100, KUALA LUMPUR",2018-01-29,46.20,,AA PHARMACY,retail,General Retail
dataset/temp_sroie/image/X51005719855.jpg,SROIE,CPI ROCKU SDN. BHD.,"LOT F355/356/357, FIRST FLOOR, RAINFOREST, 1 UTAMA SHOPPING CENTRE, LEBUH BANDAR UTAMA, 47800 PETALING JAYA",2018-02-19,181.55,,CPI ROCKU SDN. BHD.,retail,General Retail
dataset/temp_sroie/image/X51005719856.jpg,SROIE,GOLDEN SCOOP SDN BHD,"A-16-1, TOWER A, NORTHPOINT OFFICE, MID VALLEY CITY, NO1, MEDAN SYED PUTRA UTARA KUALA LUMPUR MALAYSIA",2018-02-16,21.50,,GOLDEN SCOOP SDN BHD,retail,General Retail
dataset/temp_sroie/image/X51005719857.jpg,SROIE,ALI BABA INTERNATIONAL SDN BHD,"PUBLIKA SHOPPING GALLERY LOT 26-27 ,LEVEL G2,JLN DUTAMAS 1, SOLARIS DUTAMAS,50480 KL.",2018-02-19,23.80,,ALI BABA INTERNATIONAL SDN BHD,retail,General Retail
dataset/temp_sroie/image/X51005719862.jpg,SROIE,99 SPEED MART S/B,"LOT P. T. 2811, JALAN ANGSA, TAMAN BERKELEY 41150 KLANG, SELANGOR 1934-LAMAN RIMBUNAN",,3.70,,99 SPEED MART S/B,retail,Supermarket / Grocery
dataset/temp_sroie/image/X51005719863.jpg,SROIE,SEN LEE HEONG RESTAURANT,"G-0-1 ,M.AVENUE NO.1 ,JLN 1/38A, SEGAMBUT BAHAGIA,51200, K.LUMPUL",2018-01-12,77.40,,SEN LEE HEONG RESTAURANT,retail,Food & Beverage
dataset/temp_sroie/image/X51005719864.jpg,SROIE,FUN N CHEER (MALURI),"LOT 37636 , JALAN 6/37A, TAMAN BUKIT MALURI , 52100 KUALA LUMPUR",2018-01-05,29.80,,FUN N CHEER (MALURI),retail,General Retail
dataset/temp_sroie/image/X51005719873.jpg,SROIE,CT281 - TEALIVE SHELL KEPONG OTTOGO ENTERPRISE,"SHELL STATION PT15944, MUKIM BATU, JLN BESAR KEPONG",2018-01-21,8.60,,CT281 - TEALIVE SHELL KEPONG OTTOGO ENTERPRISE,retail,Food & Beverage
dataset/temp_sroie/image/X51005719874.jpg,SROIE,NADEJE PRESTIGE SDN BHD,"LOT NO. : G1 . 116A,GROUND FLOOR , SUNWAY PYRAMID , NO.3, JALAN PJS 11/15, BANDAR SUNWAY , 47500 PETALING JAYA.",,39.00,,NADEJE PRESTIGE SDN BHD,retail,General Retail
dataset/temp_sroie/image/X51005719882.jpg,SROIE,99 SPEED MART S/B,"LOT P. T. 2811, JALAN ANGSA, TAMAN BERKELEY 41150 KLANG, SELANGOR 1181-TMN SRI SINAR",,213.00,,99 SPEED MART S/B,retail,Supermarket / Grocery
dataset/temp_sroie/image/X51005719883.jpg,SROIE,99 SPEED MART S/B,"LOT P. T. 2811, JALAN ANGSA, TAMAN BERKELEY 41150 KLANG, SELANGOR 1362-JLN DEVELOPMENT",,108.50,,99 SPEED MART S/B,retail,Supermarket / Grocery
dataset/temp_sroie/image/X51005719886.jpg,SROIE,SUNFISH,22 LRG PERUSAHAAN 4 KIMPAL INDS.PARK B.CAVES,2018-01-05,28.70,,SUNFISH,retail,General Retail
dataset/temp_sroie/image/X51005719888.jpg,SROIE,POTTERS GARDEN SDN BHD,"BATU 11 . SG BULOH , 47000 SELANGOR .",2018-01-04,39.80,,POTTERS GARDEN SDN BHD,retail,General Retail
dataset/temp_sroie/image/X51005719889.jpg,SROIE,HENG KEE DELIGHTS BAK KUT TEH.,"NO31 , JALAN 3/62A , BANDAR MENJALARA KEPONG. 52100 KUALA LUMPUR",2018-01-04,42.00,,HENG KEE DELIGHTS BAK KUT TEH.,retail,General Retail
dataset/temp_sroie/image/X51005719893.jpg,SROIE,MR . DAKGALBI SOLARIS,"NO.J-G-02, SOHO KI, SOLARIS MONT KIERA, 50 480 KL",2018-01-05,71.00,,MR . DAKGALBI SOLARIS,retail,General Retail
dataset/temp_sroie/image/X51005719895.jpg,SROIE,GREEN LANE PHARMACY SDN BHD,"33 JLN BANGAU 1,KEPONG BARU, 52100 KEPONG,KL",2018-08-01,34.80,,GREEN LANE PHARMACY SDN BHD,retail,General Retail
dataset/temp_sroie/image/X51005719896.jpg,SROIE,THE STORE (MALAYSIA) SDN BHD,"LOT 34817 JALAN BATU AMBAR TAMAN KOK LIAN 51200 KUALA LUMPUR,",2018-01-14,35.80,,THE STORE (MALAYSIA) SDN BHD,retail,General Retail
dataset/temp_sroie/image/X51005719898.jpg,SROIE,MR. D. I. Y. (KUCHAI) SDN BHD,"LOT 1851-A & 1851-B, JALAN KPB 6, KAWASAN PERINDUSTRIAN BALAKONG, 43300 SERI KEMBANGAN, SELANGOR",,11.90,,MR. D. I. Y. (KUCHAI) SDN BHD,retail,General Retail
dataset/temp_sroie/image/X51005719899.jpg,SROIE,LITTLE CRAVINGS SDN BHD,"HQ: 7, JLN SS21/34, 47400 PJ",2018-03-18,53.60,,LITTLE CRAVINGS SDN BHD,retail,General Retail
dataset/temp_sroie/image/X51005719902.jpg,SROIE,KING'S CONFECTIONERY S/B,"NO.41, JALAN SERI BINTANG 2 TAMAN SRI BINTANG, 52100 KUALA LUMPUR.",2018-03-11,25.15,,KING'S CONFECTIONERY S/B,retail,General Retail
dataset/temp_sroie/image/X51005719903.jpg,SROIE,GERBANG ALAF RESTAURANTS SDN BHD,"LEVEL 6, BANGUNAN TH, DAMANSARA UPTOWN3 NO.3, JALAN SS21/39,47400 PETALING JAYA SELANGOR",2018-03-11,8.50,,GERBANG ALAF RESTAURANTS SDN BHD,retail,Food & Beverage
dataset/temp_sroie/image/X51005719904.jpg,SROIE,YAM FRESH,"NO. 145G, JALAN RIMBUNAN RAYA 1, LAMAN RIMBUNAN KEPONG, 52100 KUALA LUMPUR",2018-03-18,29.30,,YAM FRESH,retail,Supermarket / Grocery
dataset/temp_sroie/image/X51005719905.jpg,SROIE,SAINT HEART PASTRY,"29,JLN SJ 17, TMN SELAYANG JAYA, 68100 BATU CAVES, SELANGOR",2018-03-25,8.20,,SAINT HEART PASTRY,retail,General Retail
dataset/temp_sroie/image/X51005719906.jpg,SROIE,ZEN AND COFFEE 28 S/B,"NO 53, JALAN 3/62A, BANDAR MENJALARA, 52200 KUALA LUMPUR.",2018-03-25,105.00,,ZEN AND COFFEE 28 S/B,retail,Food & Beverage
dataset/temp_sroie/image/X51005719912.jpg,SROIE,GUARDIAN HEALTH AND BEAUTY SDN BHD,GUARDIAN GIANT BREM MALL G-19 LEVEL G BREM MALL,2018-03-04,12.00,,GUARDIAN HEALTH AND BEAUTY SDN BHD,retail,General Retail
dataset/temp_sroie/image/X51005719914.jpg,SROIE,MR. D. I. Y. (KUCHAI) SDN BHD,"LOT 1851-A & 1851-B, JALAN KPB 6, KAWASAN PERINDUSTRIAN BALAKONG, 43300 SERI KEMBANGAN, SELANGOR",,53.30,,MR. D. I. Y. (KUCHAI) SDN BHD,retail,General Retail
dataset/temp_sroie/image/X51005719917.jpg,SROIE,DOMMAL FOOD SERVICES SDN BHD,"D-08, M AVENUE , JLN 1 / 38A SEGAMBUT BAHAGIA 51200 KUALA LUMPUR",2018-03-26,60.60,,DOMMAL FOOD SERVICES SDN BHD,retail,Food & Beverage
dataset/temp_sroie/image/X51005722668.jpg,SROIE,MY HAPPY PHARMACY PLT,"NO 12 GF, JALAN MAMANDA 5, TAMAN DATO AHMAD RAZALI, JALAN AMPANG, 68000 AMPANG, SELANGOR.",2018-02-01,20.50,,MY HAPPY PHARMACY PLT,retail,General Retail
dataset/temp_sroie/image/X51005722699.jpg,SROIE,POPULAR BOOK CO. (M) SDN BHD,"NO 8, JALAN 7/118B, DESA TUN RAZAK 56000 KUALA LUMPUR, MALAYSIA AMPANG POINT CENTRE",2018-02-11,11.80,,POPULAR BOOK CO. (M) SDN BHD,retail,General Retail
dataset/temp_sroie/image/X51005724552.jpg,SROIE,KEDAI PAPAN YEW CHUAN,"LOT 276 JALAN BANTING 43800 DENGKIL, SELANGOR.",2018-03-21,68.90,,KEDAI PAPAN YEW CHUAN,retail,General Retail
dataset/temp_sroie/image/X51005724554.jpg,SROIE,KEDAI PAPAN YEW CHUAN,"LOT 276 JALAN BANTING 43800 DENGKIL, SELANGOR.",2018-02-28,101.76,,KEDAI PAPAN YEW CHUAN,retail,General Retail
dataset/temp_sroie/image/X51005724611.jpg,SROIE,KEDAI PAPAN YEW CHUAN,"LOT 276 JALAN BANTING 43800 DENGKIL, SELANGOR.",2018-03-21,144.16,,KEDAI PAPAN YEW CHUAN,retail,General Retail
dataset/temp_sroie/image/X51005724621.jpg,SROIE,KEDAI PAPAN YEW CHUAN,"LOT 276 JALAN BANTING 43800 DENGKIL, SELANGOR.",2018-03-06,127.20,,KEDAI PAPAN YEW CHUAN,retail,General Retail
dataset/temp_sroie/image/X51005724622.jpg,SROIE,KEDAI PAPAN YEW CHUAN,"LOT 276 JALAN BANTING 43800 DENGKIL, SELANGOR.",2018-03-07,91.16,,KEDAI PAPAN YEW CHUAN,retail,General Retail
dataset/temp_sroie/image/X51005724623.jpg,SROIE,KEDA PAPAN YEW CHJAN,LOT 276 JALAN BANTING 800 DEN SELANGOR.,2018-03-08,312.70,,KEDA PAPAN YEW CHJAN,retail,General Retail
dataset/temp_sroie/image/X51005724624.jpg,SROIE,KEDAI PAPAN YEW CHUAN,"LOT 276 JALAN BANTING 43800 DENGKIL, SELANGOR.",2018-03-16,135.68,,KEDAI PAPAN YEW CHUAN,retail,General Retail
dataset/temp_sroie/image/X51005724625.jpg,SROIE,KEDAI PAPAN YEW CHUAN,"LOT 276 JALAN BANTING 43800 DENGKIL, SELANGOR.",2018-03-12,283.55,,KEDAI PAPAN YEW CHUAN,retail,General Retail
dataset/temp_sroie/image/X51005724626.jpg,SROIE,KEDAI PAPAN YEW CHUAN,"LOT 276 JALAN BANTING 43800 DENGKIL, SELANGOR.",2018-04-02,270.30,,KEDAI PAPAN YEW CHUAN,retail,General Retail
dataset/temp_sroie/image/X51005724627.jpg,SROIE,KEDAI PAPAN YEW CHUAN,"LOT 276 JALAN BANTING 43800 DENGKIL, SELANGOR.",2018-03-31,174.90,,KEDAI PAPAN YEW CHUAN,retail,General Retail
dataset/temp_sroie/image/X51005724628.jpg,SROIE,KEDAI PAPAN YEW CHUAN,"LOT 276 JALAN BANTING 43800 DENGKIL, SELANGOR.",2018-03-10,84.80,,KEDAI PAPAN YEW CHUAN,retail,General Retail
dataset/temp_sroie/image/X51005724629.jpg,SROIE,KEDAI PAPAN YEW CHUAN,"LOT 276 JALAN BANTING 43800 DENGKIL, SELANGOR.",2018-03-17,174.90,,KEDAI PAPAN YEW CHUAN,retail,General Retail
dataset/temp_sroie/image/X51005741929.jpg,SROIE,MY MYDIN SDN BHD,"NO 13, 15, 17 & 19 JALAN NOVA Q U5/Q, SEKSYEN U5, SUBANG BESTARI 40150 SHAH ALA SELANGOR DARUL EHSAN",2018-01-15,5.50,,MY MYDIN SDN BHD,retail,General Retail
dataset/temp_sroie/image/X51005741944.jpg,SROIE,BHPETROL SUBANG AIRPORT,JALAN LAPANGAN TERBANG SUBANG 47200 SUBANG SELANGOR,2018-01-18,41.95,,BHPETROL SUBANG AIRPORT,retail,General Retail
dataset/temp_sroie/image/X51005742068.jpg,SROIE,BHPETROL PALEKBANG,"LOT 1626, MUKIM KAMPUNG LAUT TUMPAT 16200 PALEKBANG, KELANTAN",2018-03-24,6.00,,BHPETROL PALEKBANG,retail,General Retail
dataset/temp_sroie/image/X51005742110.jpg,SROIE,YONG CEN ENTERPRISE,"9, JALAN SUBANG JASA 3, 40150 SHAH ALAM, SELANGOR.",2018-01-06,65.70,,YONG CEN ENTERPRISE,retail,General Retail
dataset/temp_sroie/image/X51005745183.jpg,SROIE,BILLION SIX ENTERPRISE,"NO 3, JALAN TAMAN JAS'A 2; . SECTION U6, 40150 SHAH ALAM.",2018-02-22,63.80,,BILLION SIX ENTERPRISE,retail,General Retail
dataset/temp_sroie/image/X51005745187.jpg,SROIE,SLF CASH & CARRY,"NO. 15. JLN TSJ2,TMN SUBANG JASA, OFF JLN BT 3 SUBANG. 40000 SHAH ALAM. SEL.",2018-02-03,21.20,,SLF CASH & CARRY,retail,General Retail
dataset/temp_sroie/image/X51005745188.jpg,SROIE,SLF CASH & CARRY,"NO.15, JLN TSJ2,TMN SUBANG JASA, OFF JLN BT 3 SUBANG, 40000 SHAH ALAM, SEL.",2018-02-02,48.00,,SLF CASH & CARRY,retail,General Retail
dataset/temp_sroie/image/X51005745190.jpg,SROIE,SUPER SEVEN CASH & CARRY SDN BHD,"NO. 1 JALAN EURO 1 OFF JALAN BATU TIGA SUNGAI BULOH SEKSYEN U3 SHAH ALAM, 40150",2018-02-12,367.10,,SUPER SEVEN CASH & CARRY SDN BHD,retail,General Retail
dataset/temp_sroie/image/X51005745213.jpg,SROIE,MUN HENG ELECTRICAL & HARDWARE SUPPLY,"NO.52, JALAN BULAN U5/BT, BANDAR PINGGLRAN SUBANG, SUNGAL BULOH, 40150 SHAH ALAM, SEL.",2018-02-01,7.00,,MUN HENG ELECTRICAL & HARDWARE SUPPLY,retail,General Retail
dataset/temp_sroie/image/X51005745214.jpg,SROIE,99 SPEED MART S/B,"LOT P.T. 2811, JALAN ANGSA, TAMAN BERKELEY 41150 KLANG, SELANGOR",,45.35,,99 SPEED MART S/B,retail,Supermarket / Grocery
dataset/temp_sroie/image/X51005745244.jpg,SROIE,URBAN IDEA SDN BHD,"A-G-06, DATARAN GLOMAC, JALAN SS6/5A, PUSAT BANDAR KELANA JAYA, 47301 PETALING JAYA, SELANGOR, MALAYSIA",2018-02-14,11.90,,URBAN IDEA SDN BHD,retail,General Retail
dataset/temp_sroie/image/X51005745249.jpg,SROIE,URBAN IDEA SDN BHD,"A-G-06, DATARAN GLOMAC, JALAN SS6/5A, PUSAT BANDAR KELANA JAYA, 47301 PETALING JAYA, SELANGOR, MALAYSIA",2018-02-27,22.65,,URBAN IDEA SDN BHD,retail,General Retail
dataset/temp_sroie/image/X51005745296.jpg,SROIE,KMF FOODICIOUS SDN BHD,"NO. 9-G, JALAN PERUBATAN 2, PANDAN INDAH, 55100 KUALA LUMPUR.",2018-04-09,31.00,,KMF FOODICIOUS SDN BHD,retail,Food & Beverage
dataset/temp_sroie/image/X51005745298.jpg,SROIE,99 SPEED MART S/B,"LOT P.T. 2811, JALAN ANGSA, TAMAN BERKELEY 41150 KLANG, SELANGOR 1317-TRILLIUM SG BESI",,4.00,,99 SPEED MART S/B,retail,Supermarket / Grocery
dataset/temp_sroie/image/X51005746140.jpg,SROIE,YONG CEN ENTERPRISE,"9, JALAN SUBANG JASA 3, 40150 SHAN ALAM, SELANGOR.",2018-03-02,63.35,,YONG CEN ENTERPRISE,retail,General Retail
dataset/temp_sroie/image/X51005746203.jpg,SROIE,SUPER SEVEN CASH & CARRY SDN BHD,"NO. 1 JALAN EURO 1 OFF JALAN BATU TIGA SUNGAI BULOH SEKSYEN U3 SHAH ALAM, 40150",2018-03-01,408.45,,SUPER SEVEN CASH & CARRY SDN BHD,retail,General Retail
dataset/temp_sroie/image/X51005746204.jpg,SROIE,BEMED (SP) SDN BHD.,"NO.49, JALAN DLNARG U3/G, SUBANG PERDANA, 40150 SHAH ALAM, SELANGOR D.E.",,308.70,,BEMED (SP) SDN BHD.,retail,General Retail
dataset/temp_sroie/image/X51005746206.jpg,SROIE,PANA JAYA ENTERPRISE,"NO. 10-G, GROUND FLOOR. JALAN DINAR D, U3/D. TAMAN SUBANG PEADANA. SEK U3. 40150 SHAH ALAM, SELANGOR.",2018-03-21,105.00,,PANA JAYA ENTERPRISE,retail,General Retail
dataset/temp_sroie/image/X51005746207.jpg,SROIE,SUPER SEVEN CASH & CARRY SDN BHD,"NO. 1 JALAN EURO 1 OFF JALAN BATU TIGA SUNGAI BULOH SEKSYEN U3 SHAH ALAM, 40150",2018-03-21,18.30,,SUPER SEVEN CASH & CARRY SDN BHD,retail,General Retail
dataset/temp_sroie/image/X51005746210.jpg,SROIE,SEGI CASH & CARRY SDN. BHD.,"PT17920 SEK U9, SHAH ALAM",2018-03-12,145.10,,SEGI CASH & CARRY SDN. BHD.,retail,General Retail
dataset/temp_sroie/image/X51005749895.jpg,SROIE,MR. D. I. Y. (M) SDN BHD,"LOT 1851-A & 1851-B, JALAN KPB 6, KAWASAN PERINDUSTRIAN BALAKONG, 43300 SERI KEMBANGAN, SELANGOR",,71.90,,MR. D. I. Y. (M) SDN BHD,retail,General Retail
dataset/temp_sroie/image/X51005749904.jpg,SROIE,SWC ENTERPRISE SDN BHD,"28-G, GROUND FLOOR, JALAN DINAR A U3/A, TMN SUBANG PERDANA, 40150 SHAN ALAM, SELANGOR.",2018-03-06,4.00,,SWC ENTERPRISE SDN BHD,retail,General Retail
dataset/temp_sroie/image/X51005749905.jpg,SROIE,ENW HARDWARE CENTRE (M) SDN BHD,"NO: G3, BLK G, JIN PJU 1A/3, ARA DAMANSARA, 47301 PETALING JAYA, SELANGOR DARUL EHSAN.",2018-03-10,34.00,,ENW HARDWARE CENTRE (M) SDN BHD,retail,General Retail
dataset/temp_sroie/image/X51005749912.jpg,SROIE,MR. D.I.Y. (M) SDN BHD,"LOT 1851-A & 1851-B, JALAN KPB 6, KAWASAN PERINDUSTRIAN BALAKONG, 43300 SERI KEMBANGAN, SELANGOR",2018-03-28,38.80,,MR. D.I.Y. (M) SDN BHD,retail,General Retail
dataset/temp_sroie/image/X51005757199.jpg,SROIE,POPULAR BOOK CO. (M) SDN BHD,"NO 8. JALAN 7/118B, DESA TUN RAZAK 56000 KUALA LUMPUR, MALAYSIA",2018-03-01,4.00,,POPULAR BOOK CO. (M) SDN BHD,retail,General Retail
dataset/temp_sroie/image/X51005757201.jpg,SROIE,AEON CO. (M) BHD.,"3RD FLR, AEON TAMAN MALURI SC JLN JEJAKA, TAMAN MALURI CHERAS ,55100 KUALA LUMPUR",2018-02-28,88.95,,AEON CO. (M) BHD.,retail,General Retail
dataset/temp_sroie/image/X51005757233.jpg,SROIE,GUARDIAN HEALTH AND BEAUTY SDN BHD,"G31 & G32, GRD FLR, IOI MALL BANDAR PUCHONG JAYA",2018-03-09,9.95,,GUARDIAN HEALTH AND BEAUTY SDN BHD,retail,General Retail
dataset/temp_sroie/image/X51005757235.jpg,SROIE,AEON CO. (M) BHD,"3RD FLR, AEON TAMAN MALURI SC JLN JEJAKA, TAMAN MALURI CHERAS, 55100 KUALA LUMPUR",2018-03-09,31.00,,AEON CO. (M) BHD,retail,General Retail
dataset/temp_sroie/image/X51005757243.jpg,SROIE,POPULAR BOOK CO. (M) SDN BHD,"NO 8, JALAN 7/118B, DESA TUN RAZAK 56000 KUALA LUMPUR, MALAYSI.",2018-03-11,5.75,,POPULAR BOOK CO. (M) SDN BHD,retail,General Retail
dataset/temp_sroie/image/X51005757248.jpg,SROIE,AEON CO. (M) BHD,"3RD FLR, AEON TAMAN MALURI SC JLN JEJAKA, TAMAN MALURI CHERAS, 55100 KUALA LUMPUR",2018-03-12,42.50,,AEON CO. (M) BHD,retail,General Retail
dataset/temp_sroie/image/X51005757273.jpg,SROIE,MR. D.I.Y. (KUCHAI) SDN BHD,"LOT 1851-A & 1851-B, JALAN KPB 6, KAWASAN PERINDUSTRIAN BALAKONG, 43300 SERI KEMBANGAN, SELANGOR",,45.00,,MR. D.I.Y. (KUCHAI) SDN BHD,retail,General Retail
dataset/temp_sroie/image/X51005757282.jpg,SROIE,TSH POWER HARDWARE TRADING,"13-1, JALAN PJU 5/10, DATARAN SUNWAY, KOTA DAMANSARA, 47810, PETALING JAYA, SELANGOR",2017-09-12,24.50,,TSH POWER HARDWARE TRADING,retail,General Retail
dataset/temp_sroie/image/X51005757286.jpg,SROIE,TSH POWER HARDWARE TRADING,"13-1, JALAN PJU 5/10, DATARAN SUNWAY, KOTA DAMANSARA, 47810, PETALING JAYA, SELANGOR",2017-10-10,8.00,,TSH POWER HARDWARE TRADING,retail,General Retail
dataset/temp_sroie/image/X51005757290.jpg,SROIE,MR. D.I.Y. (M) SDN BHD,"LOT 1851-A & 1851-B, JALAN KPB 6, KAWASAN PERINDUSTRIAN BALAKONG, 43300 SERI KEMBANGAN, SELANGOR",,42.90,,MR. D.I.Y. (M) SDN BHD,retail,General Retail
dataset/temp_sroie/image/X51005757292.jpg,SROIE,MR. D.I.Y. (M) SDN BHD,"LOT 1851-A & 1851-B, JALAN KPB 6, KAWASAN PERINDUSTRIAN BALAKONG, 43300 SERI KEMBANGAN, SELANGOR",,6.60,,MR. D.I.Y. (M) SDN BHD,retail,General Retail
dataset/temp_sroie/image/X51005757294.jpg,SROIE,MR. D.I.Y. (M) SDN BHD,"LOT 1851-A & 1851-B, JALAN KPB 6, KAWASAN PERINDUSTRIAN BALAKONG, 43300 SERI KEMBANGAN, SELANGOR",,10.60,,MR. D.I.Y. (M) SDN BHD,retail,General Retail
dataset/temp_sroie/image/X51005757304.jpg,SROIE,BAIFU (M) SDN BHD,"DAISO JAPAN, IOI MALL",2018-03-20,35.40,,BAIFU (M) SDN BHD,retail,General Retail
dataset/temp_sroie/image/X51005757308.jpg,SROIE,MR. D.I.Y. (M) SDN BHD,"LOT 1851-A & 1851-B, JALAN KPB 6, KAWASAN PERINDUSTRIAN BALAKONG, 43300 SERI KEMBANGAN, SELANGOR",,21.50,,MR. D.I.Y. (M) SDN BHD,retail,General Retail
dataset/temp_sroie/image/X51005757323.jpg,SROIE,MR. D.I.Y. (M) SDN BHD,"LOT 1851-A & 1851-B, JALAN KPB 6, KAWASAN PERINDUSTRIAN BALAKONG, 43300 SERI KEMBANGAN, SELANGOR",,28.00,,MR. D.I.Y. (M) SDN BHD,retail,General Retail
dataset/temp_sroie/image/X51005757324.jpg,SROIE,MR. D.I.Y. (M) SDN BHD,"LOT 1851-A & 1851-B, JALAN KPB 6, KAWASAN PERINDUSTRIAN BALAKONG, 43300 SERI KEMBANGAN, SELANGOR",,50.80,,MR. D.I.Y. (M) SDN BHD,retail,General Retail
dataset/temp_sroie/image/X51005757342.jpg,SROIE,MR. D.I.Y. (M) SDN BHD,"LOT 1851-A & 1851-B, JALAN KPB 6, KAWASAN PERINDUSTRIAN BALAKONG, 43300 SERI KEMBANGAN, SELANGOR",,6.20,,MR. D.I.Y. (M) SDN BHD,retail,General Retail
dataset/temp_sroie/image/X51005757346.jpg,SROIE,MR. D.I.Y. (M) SDN BHD,"LOT 1851-A & 1851-B, JALAN KPB 6, KAWASAN PERINDUSTRIAN BALAKONG, 43300 SERI KEMBANGAN, SELANGOR",,26.10,,MR. D.I.Y. (M) SDN BHD,retail,General Retail
dataset/temp_sroie/image/X51005757349.jpg,SROIE,GOLDEN KEY MAKER,"NO 5, JALAN KENARI 2, BANDAR PUCHONG JAYA, 47100 PUCHONG, SELANGOR",,21.00,,GOLDEN KEY MAKER,retail,General Retail
dataset/temp_sroie/image/X51005757351.jpg,SROIE,MR. D.I.Y. (M) SDN BHD,"LOT 1851-A & 1851-B, JALAN KPB 6, KAWASAN PERINDUSTRIAN BALAKONG, 43300 SERI KEMBANGAN, SELANGOR",,14.90,,MR. D.I.Y. (M) SDN BHD,retail,General Retail
dataset/temp_sroie/image/X51005757353.jpg,SROIE,MR. D.I.Y. (M) SDN BHD,"LOT 1851-A & 1851-B, JALAN KPB 6, KAWASAN PERINDUSTRIAN BALAKONG, 43300 SERI KEMBANGAN, SELANGOR",,12.30,,MR. D.I.Y. (M) SDN BHD,retail,General Retail
dataset/temp_sroie/image/X51005763940.jpg,SROIE,ELITETRAX MARKETING SDN BHD,"LOT 1F-01&02,1ST FLR,PARADIGM MALL, NO. 1 JALAN SS 7/26A, KELANA JAYA, 47301 PETALING JAYA",,60.00,,ELITETRAX MARKETING SDN BHD,retail,Supermarket / Grocery
dataset/temp_sroie/image/X51005763958.jpg,SROIE,SUPER SEVEN CASH & CARRY SDN BHD,"NO. 1 JALAN EURO 1 OFF JALAN BATU TIGA SUNGAI BULOH SEKSYEN U3 SHAH ALAM, 40150",2018-01-27,59.00,,SUPER SEVEN CASH & CARRY SDN BHD,retail,General Retail
dataset/temp_sroie/image/X51005763964.jpg,SROIE,YONG CEN ENTERPRISE,"9, JALAN SUBANG JASA 3, 40150 SHAH ALAM, SELANGOR",2018-01-06,65.70,,YONG CEN ENTERPRISE,retail,General Retail
dataset/temp_sroie/image/X51005763999.jpg,SROIE,SEGI CASH & CARRY SDN. BHD.,"PT17920 SEK U9, SHAH ALAM",2018-01-06,674.00,,SEGI CASH & CARRY SDN. BHD.,retail,General Retail
dataset/temp_sroie/image/X51005764031.jpg,SROIE,SUPER SEVEN CASH & CARRY SDN BHD,"NO. 1 JALAN EURO 1 OFF JALAN BATU TIGA SUNGAI BULOH SEKSYEN U3 SHAH ALAM, 40150",2018-02-01,42.10,,SUPER SEVEN CASH & CARRY SDN BHD,retail,General Retail
dataset/temp_sroie/image/X51005764154.jpg,SROIE,PANA JAYA ENTERPRISE,NO . 10-G. GROUND FLOOR. JALAN DINAR D. U3/D TAMAN SUBANG PERDANA. SEK U3. 40150 SHAH ALAM. SELANGOR,2018-01-25,205.50,,PANA JAYA ENTERPRISE,retail,General Retail
dataset/temp_sroie/image/X51005764161.jpg,SROIE,99 SPEED MART S/B,"LOT P.T. 2811, JALAN ANGSA, TAMAN BERKELEY 41150 KLANG, SELANGOR 1313-SUBANG BESTARI",,98.90,,99 SPEED MART S/B,retail,Supermarket / Grocery
dataset/temp_sroie/image/X51005806678.jpg,SROIE,KAISON FURNISHING SDN BHD,"L4-17 (B), LEVEL 4, UP2-01, MELAWATI MALL, 355, JALAN BANDAR MELAWATI, PUSAT BANDAR MELAWATI, 53100 KUALA LUMPUR.",,7838.80,,KAISON FURNISHING SDN BHD,retail,General Retail
dataset/temp_sroie/image/X51005806679.jpg,SROIE,LEE WAH FLORIST SDN BHD,"129, JALAN TUN H.S LEE, 50000 KUALA LUMPUR.",2018-02-02,374.20,,LEE WAH FLORIST SDN BHD,retail,General Retail
dataset/temp_sroie/image/X51005806685.jpg,SROIE,ADVANCO COMPANY,"NO 1&3, JALAN WANGSA DELIMA 12, WANGSA LINK, WANGSA MAJU, 53300 KUALA LUMPUR",2018-01-17,29.00,,ADVANCO COMPANY,retail,General Retail
dataset/temp_sroie/image/X51005806692.jpg,SROIE,GREAT ZONE HOUSEHOLD CENTRE SDN BHD,"60 & 62. JALAN CIKU, 86000,KLUANG",2018-02-18,367.30,,GREAT ZONE HOUSEHOLD CENTRE SDN BHD,retail,General Retail
dataset/temp_sroie/image/X51005806695.jpg,SROIE,SAYANG YOU STATION SDN BHD,"LOT G18 & G19, JLN 8/27A WANGSA MAJU (AEON BIG SHOPPING CENTER) 53300 KUALA LUMPUR",,4.10,,SAYANG YOU STATION SDN BHD,retail,General Retail
dataset/temp_sroie/image/X51005806696.jpg,SROIE,IMAGE PRINTEC (M) SDN BHD,"NO. 12A-G, JALAN WANGSA DELIMA 11, D'WANGSA WANGSA MAJU, 53300 KUALA LUMPUR.",2018-02-23,7.20,,IMAGE PRINTEC (M) SDN BHD,retail,General Retail
dataset/temp_sroie/image/X51005806698.jpg,SROIE,ADVANCO COMPANY,"NO 1&3, JALAN WANGSA DELIMA 12, WANGSA LINK, WANGSA MAJU, 53300 KUALA LUMPUR",2018-02-28,10.45,,ADVANCO COMPANY,retail,General Retail
dataset/temp_sroie/image/X51005806702.jpg,SROIE,SINNATHAMBY HOLDINGS SDN. BHD.,"NO.17, 18 & 41, JALAN BESAR, 39100 BRINCHANG, CAMERON HIGHLANDS, PAHANG",2018-02-06,13.50,,SINNATHAMBY HOLDINGS SDN. BHD.,retail,General Retail
dataset/temp_sroie/image/X51005806703.jpg,SROIE,SINNATHAMBY HOLDINGS SDN. BHD.,"NO.17,18 & 41,JALAN BESAR,39100 BRINCHANG, CAMERON HIGHLANDS, PAHANG",2018-02-06,109.70,,SINNATHAMBY HOLDINGS SDN. BHD.,retail,General Retail
dataset/temp_sroie/image/X51005806716.jpg,SROIE,ADVANCO COMPANY,"NO 1&3, JALAN WANGSA DELIMA 12, WANGSA LINK, WANGSA MAJU, 53300 KUALA LUMPUR",2018-01-17,7.00,,ADVANCO COMPANY,retail,General Retail
dataset/temp_sroie/image/X51005806718.jpg,SROIE,HUGO TRADING SDN BHD,"LOT 8&9, KOMPLEKS PASAR BORONG SELANGOR, 43300 SERI KEMBANGAN, SEL",2018-01-13,40.80,,HUGO TRADING SDN BHD,retail,General Retail
dataset/temp_sroie/image/X51005806719.jpg,SROIE,SATU KAMPUNG ENTERPRISE SDN BHD,"NO. 42, PASAR BORONG SELANGOR JALAN PUTRA PERMAI, 43300 SERI KEMBANGAN. SELANGOR.",2018-01-13,63.00,,SATU KAMPUNG ENTERPRISE SDN BHD,retail,General Retail
dataset/temp_sroie/image/X51005806720.jpg,SROIE,SATU KAMPUNG ENTERPRISE SDN BHD,"NO.42, PASAR BORONG SELANGOR. JALAN PUTRA PERMAI, 43300 SERI KEMBANGAN. SELANGOR.",2018-01-13,20.00,,SATU KAMPUNG ENTERPRISE SDN BHD,retail,General Retail
dataset/temp_sroie/image/X51005889296.jpg,SROIE,IKANO HANDEL SDN BHD,NO 2A JALAN COCHRANE TAMAN MALURI 55100 KUALA LUMPUR,2018-04-25,22.00,,IKANO HANDEL SDN BHD,retail,General Retail
dataset/temp_sroie/image/X51006008057.jpg,SROIE,TRENDYMAX (M) SDN. BHD.,"P6, BLOCK C, GM KLANG WHOLESALE CITY, JALAN KASUARINA 1, 41200 KLANG, SELANGOR D.E.",2018-01-15,329.10,,TRENDYMAX (M) SDN. BHD.,retail,General Retail
dataset/temp_sroie/image/X51006008073.jpg,SROIE,PRINT EXPERT SDN BHD,"NO 18, 20, 22, JALAN BUNGA TANJONG 2/16, 40000 SHAH ALAM, SELANGOR",2018-01-12,100.00,,PRINT EXPERT SDN BHD,retail,General Retail
dataset/temp_sroie/image/X51006008074.jpg,SROIE,PRINT EXPERT SDN BHD,"NO 18, 20, 22, JALAN BUNGA TANJONG 2/16, 40000 SHAH ALAM, SELANGOR",2018-01-12,4.25,,PRINT EXPERT SDN BHD,retail,General Retail
dataset/temp_sroie/image/X51006008081.jpg,SROIE,PRINT EXPERT SDN BHD,"NO 18, 20, 22, JALAN BUNGA TANJONG 2/16, 40000 SHAH ALAM, SELANGOR",2018-03-19,226.60,,PRINT EXPERT SDN BHD,retail,General Retail
dataset/temp_sroie/image/X51006008082.jpg,SROIE,PRINT EXPERT SDN BHD,"NO 18, 20, 22, JALAN BUNGA TANJONG 2/16, 40000 SHAH ALAM, SELANGOR",2018-03-25,204.20,,PRINT EXPERT SDN BHD,retail,General Retail
dataset/temp_sroie/image/X51006008083.jpg,SROIE,PRINT EXPERT SDN BHD,"NO 18, 20, 22, JALAN BUNGA TANJONG 2/16, 40000 SHAH ALAM, SELANGOR",2018-03-25,119.55,,PRINT EXPERT SDN BHD,retail,General Retail
dataset/temp_sroie/image/X51006008086.jpg,SROIE,POPULAR BOOK CO. (M) SDN BHD,"NO 8, JALAN 7/118B, DESA TUN RAZAK 56000 KUALA LUMPUR, MALAYSIA",2018-01-24,30.10,,POPULAR BOOK CO. (M) SDN BHD,retail,General Retail
dataset/temp_sroie/image/X51006008089.jpg,SROIE,POPULAR BOOK CO. (M) SDN BHD,"NO 8, JALAN 7/118B, DESA TUN RAZAK 56000 KUALA LUMPUR, MALAYSIA",2018-02-27,41.00,,POPULAR BOOK CO. (M) SDN BHD,retail,General Retail
dataset/temp_sroie/image/X51006008090.jpg,SROIE,POPULAR BOOK CO. (M) SDN BHD,"NO 8, JALAN 7/118B, DESA TUN RAZAK 56000 KUALA LUMPUR, MALAYSIA",2018-03-05,30.50,,POPULAR BOOK CO. (M) SDN BHD,retail,General Retail
dataset/temp_sroie/image/X51006008091.jpg,SROIE,POPULAR BOOK CO. (M) SDN BHD,"NO 8, JALAN 7/118B, DESA TUN RAZAK 56000 KUALA LUMPUR, MALAYSIA",2018-03-05,9.90,,POPULAR BOOK CO. (M) SDN BHD,retail,General Retail
dataset/temp_sroie/image/X51006008092.jpg,SROIE,POPULAR BOOK CO. (M) SDN BHD,"NO 8, JALAN 7/118B, DESA TUN RAZAK 56000 KUALA LUMPUR, MALAYSIA",2018-03-06,30.70,,POPULAR BOOK CO. (M) SDN BHD,retail,General Retail
dataset/temp_sroie/image/X51006008093.jpg,SROIE,POPULAR BOOK CO. (M) SDN BHD,"NO 8, JALAN 7/118B, DESA TUN RAZAK 56000 KUALA LUMPUR, MALAYSIA",2018-03-06,12.15,,POPULAR BOOK CO. (M) SDN BHD,retail,General Retail
dataset/temp_sroie/image/X51006008095.jpg,SROIE,BOON SENG PAPER SDN BHD,"12, JALAN BUNGA TANJUNG,2/16 SEKSYEN 2,40000 SHAH ALAM, SELANGOR",2018-03-19,31.80,,BOON SENG PAPER SDN BHD,retail,General Retail
dataset/temp_sroie/image/X51006008105.jpg,SROIE,AEON CO. (M) BHD,"3RD FLR, AEON TAMAN MALURI SC JLN JEJAKA, TAMAN MALURI CHERAS, 55100 KUALA LUMPUR",2018-03-21,65.10,,AEON CO. (M) BHD,retail,General Retail
dataset/temp_sroie/image/X51006008166.jpg,SROIE,FLORISM DE ART,"LOT 2.70.00,LEVEL 2, PAVILION KUALA LUMPUR, 168, JALAN BUKIT BINTANG, 55100 KUALA LUMPUR, MALAYSIA.",2018-01-14,750.00,,FLORISM DE ART,retail,General Retail
dataset/temp_sroie/image/X51006008197.jpg,SROIE,RELAIS TOTAL OULMES,AUTOROUTE RABAT MEKNES 15000 KHEMISSET,2018-03-30,56.00,,RELAIS TOTAL OULMES,retail,General Retail
dataset/temp_sroie/image/X51006008206.jpg,SROIE,DEWINA HOST SDN BHD,"LOT SATMZ 23, MEZZANINE LEVEL SATELLITE BUILDING KUALA LUMPUR INTERNATIONAL AIRPORT",,63.90,,DEWINA HOST SDN BHD,retail,General Retail
dataset/temp_sroie/image/X51006248253.jpg,SROIE,DREAM ARTS,"L 2-047, LEVEL 2, VIVACITY MEGAMALL, JALAN WAN ALWI, 93350 KUCHING",2018-03-29,15.00,,DREAM ARTS,retail,General Retail
dataset/temp_sroie/image/X51006311714.jpg,SROIE,GUARDIAN HEALTH AND BEAUTY SDN BHD,"SOLARIS MOUNT KIARA NO.8 & 10, GF SOLARIS MOUNT KUARA JLN SOLARIS 5",2018-01-01,22.45,,GUARDIAN HEALTH AND BEAUTY SDN BHD,retail,General Retail
dataset/temp_sroie/image/X51006311758.jpg,SROIE,TONYMOLY VIVA CITY,"UNIT L1-044B, VIVACITY MEGAMALL, JALAN WAN ALWI, 93350 KUCHING, SARAWAK.",2018-03-29,100.60,,TONYMOLY VIVA CITY,retail,General Retail
dataset/temp_sroie/image/X51006311764.jpg,SROIE,TONYMOLY VIVA CITY,"UNIT L1-044B, VIVACITY MEGAMALL, JALAN WAN ALWI, 93350 KUCHING, SARAWAK.",2018-03-29,39.90,,TONYMOLY VIVA CITY,retail,General Retail
dataset/temp_sroie/image/X51006311767.jpg,SROIE,TONYMOLY VIVA CITY,"UNIT L1-044B, VIVACITY MEGAMALL, JALAN WAN ALWI, 93350 KUCHING, SARAWAK.",2018-03-29,48.95,,TONYMOLY VIVA CITY,retail,General Retail
dataset/temp_sroie/image/X51006311778.jpg,SROIE,ANZEL ADVERTISING (M) SDN BHD,"UNIT G-5B, GROUND FLOOR, WISMA UOA II, NO 21, JALAN PINANG, 50450 KUALA LUMPUR, MALAYSIA",2018-03-21,7.40,,ANZEL ADVERTISING (M) SDN BHD,retail,General Retail
dataset/temp_sroie/image/X51006311779.jpg,SROIE,ANZEL ADVERTISING (M) SDN BHD,"UNIT G-5B, GROUND FLOOR, WISMA UOA II, NO 21, JALAN PINANG, 50450 KUALA LUMPUR, MALAYSIA",2018-03-27,8.50,,ANZEL ADVERTISING (M) SDN BHD,retail,General Retail
dataset/temp_sroie/image/X51006311780.jpg,SROIE,MR. D.I.Y. (KUCHAI) SDN BHD,"LOT 1851-A & 1851-B, JALAN KPB 6, KAWASAN PERINDUSTRIAN BALAKONG, 43300 SERI KEMBANGAN, SELANGOR",,119.70,,MR. D.I.Y. (KUCHAI) SDN BHD,retail,General Retail
dataset/temp_sroie/image/X51006327953.jpg,SROIE,MEI LET RESTAURANT,"NO 2, JALAN BULAN BM U5/BM, SEKSYEN U5, 40150 SHAH ALAM, SELANGOR",2017-02-03,68.90,,MEI LET RESTAURANT,retail,Food & Beverage
dataset/temp_sroie/image/X51006327960.jpg,SROIE,KING'S CONFECTIONERY S/B,"LOT NO. G23, GIANT KELANA JAYA LOT PT244, JLN PERBANDARAN SS6/4 PUSAT BANDAR KELANA JAYA, PETALING",2017-02-07,9.90,,KING'S CONFECTIONERY S/B,retail,General Retail
dataset/temp_sroie/image/X51006327976.jpg,SROIE,PREMIO STATIONERY SDN BHD,F-G-01 JALAN SS 6/5B DATARAN GLOMAC. KELANA JAYA 47301 PETALING JAYA. SELANGOR,2017-02-08,25.45,,PREMIO STATIONERY SDN BHD,retail,General Retail
dataset/temp_sroie/image/X51006327978.jpg,SROIE,Y SOON FATT S/B,"LOT 1504, BATU 8 1/2, JALAN KLANG LAMA, 46000 PETALING JAYA, SELANGOR.",2017-02-09,362.50,,Y SOON FATT S/B,retail,General Retail
dataset/temp_sroie/image/X51006328345.jpg,SROIE,KING'S CONFECTIONERY S/B,"NO. 20-A1, JALAN SS6/3, KELANA JAYA, 473 PETALING JAYA SELANGOR D.E.",2017-02-23,7.20,,KING'S CONFECTIONERY S/B,retail,General Retail
dataset/temp_sroie/image/X51006328913.jpg,SROIE,BEMED (SP) SDN BHD,"NO.49, JALAN DINAR G U3/G, SUBANG PERDANA, 40150 SHAH ALAM, SELANGOR D.E.",,165.00,,BEMED (SP) SDN BHD,retail,General Retail
dataset/temp_sroie/image/X51006328919.jpg,SROIE,B & BEST RESTAURANT,"NO.12, JALAN SS4C/5,PETALING JAYA SELANGOR DARUL EHSAN",2017-02-10,7.40,,B & BEST RESTAURANT,retail,Food & Beverage
dataset/temp_sroie/image/X51006328920.jpg,SROIE,B & BEST RESTAURANT,"NO.12, JALAN SS4C/5,PETALING JAYA SELANGOR DARUL EHSAN",2017-03-20,14.85,,B & BEST RESTAURANT,retail,Food & Beverage
dataset/temp_sroie/image/X51006328937.jpg,SROIE,OLIVE9 PHARMACY SDN BHD,"69 JALAN NOVA U5/N, SEKSYEN U5 SUBANG BE",2017-03-31,12.15,,OLIVE9 PHARMACY SDN BHD,retail,General Retail
dataset/temp_sroie/image/X51006328967.jpg,SROIE,TANJONGMAS BOOKCENTRE (PJ) SDN BHD,"LOT F15, GIANT BANDAR PUTERI JALAN PUTERI 1/1, BDR PUTERI 47100 PUCHONG, SELANGOR",2017-03-17,62.00,,TANJONGMAS BOOKCENTRE (PJ) SDN BHD,retail,General Retail
dataset/temp_sroie/image/X51006329183.jpg,SROIE,SEMBOYAN TEGAS SDN BHD,"NO.5 & 7 , JALAN TSJ 2. TAMAN SUBANG JASA KG. BARU SUBANG. 40150 SHAH ALAM SELANGOR DARUL EHSAN",2018-03-06,27.00,,SEMBOYAN TEGAS SDN BHD,retail,General Retail
dataset/temp_sroie/image/X51006329388.jpg,SROIE,BEMED (SP) SDN. BHD.,"NO.49, JALAN DINAR G U3/G, SUBANG PERDANA, 40150 SHAH ALAM, SELANGOR D.E.",,165.00,,BEMED (SP) SDN. BHD.,retail,General Retail
dataset/temp_sroie/image/X51006329395.jpg,SROIE,B & BEST RESTAURANT,"NO.12,JALAN SS4C/5,PETALING JAYA SELANGOR DARUL EHSAN",2017-02-10,7.40,,B & BEST RESTAURANT,retail,Food & Beverage
dataset/temp_sroie/image/X51006329399.jpg,SROIE,OLIVE9 PHARMACY SDN BHD,"69 JALAN NOVA U5/N, SEKSYEN U5 SUBANG BE",2017-03-31,12.15,,OLIVE9 PHARMACY SDN BHD,retail,General Retail
dataset/temp_sroie/image/X51006329402.jpg,SROIE,SEGI CASH & CARRY SDN. BHD.,"PT17920 SEK U9, SHAH ALAM",2017-04-06,50.45,,SEGI CASH & CARRY SDN. BHD.,retail,General Retail
dataset/temp_sroie/image/X51006332575.jpg,SROIE,TANJONGMAS BOOKCENTRE (PJ) SDN BHD,"LOT F15, GIANT BANDAR PUTERI JALAN PUTERI 1/1, BDR PUTERI 47100 PUCHONG, SELANGOR",2017-03-17,62.00,,TANJONGMAS BOOKCENTRE (PJ) SDN BHD,retail,General Retail
dataset/temp_sroie/image/X51006332641.jpg,SROIE,YONG CEN ENTERPRISE,"9, JALAN SUBANG JASA 3, 40150 SHAH ALAM. SELANGOR.",2017-02-11,19.10,,YONG CEN ENTERPRISE,retail,General Retail
dataset/temp_sroie/image/X51006332649.jpg,SROIE,BEMED (SP) SDN. BHD.,"NO.49, JALAN DINAR G U3/G, SUBANG PERDANA, 40150 SHAH ALAM, SELANGOR D.E.",,217.00,,BEMED (SP) SDN. BHD.,retail,General Retail
dataset/temp_sroie/image/X51006334139.jpg,SROIE,FIVE STAR CASH & CARRY,"G.23 & G.22, PLAZA SERI SETIA, NO.1 JALAN SS 9/1, 47300 PJ, SELANGOR.",2017-01-05,90.00,,FIVE STAR CASH & CARRY,retail,General Retail
dataset/temp_sroie/image/X51006334699.jpg,SROIE,SEGI CASH & CARRY SDN.BHD,"PT17920, SEKSYEN U9, 40150 SHAH ALAM, SELANGOR DARUL EHSAN.",2017-01-05,12.60,,SEGI CASH & CARRY SDN.BHD,retail,General Retail
dataset/temp_sroie/image/X51006334741.jpg,SROIE,SEGI CASH & CARRY SDN.BHD,"PT17920, SEKSYEN U9, 40150 SHAH ALAM, SELANGOR DARUL EHSAN.",2017-01-04,20.05,,SEGI CASH & CARRY SDN.BHD,retail,General Retail
dataset/temp_sroie/image/X51006334742.jpg,SROIE,THE CUT STEAKHOUSE &BURGERS,"LOT L1-4 STAR AVENUE MALL JALAN ZUHAL U5/179 SEKSYEN U5 PUSAT KOMERSIAL ARENA BINTANG 40150 SHAH ALAM, SELANGOR",2017-01-01,167.55,,THE CUT STEAKHOUSE &BURGERS,retail,Food & Beverage
dataset/temp_sroie/image/X51006334766.jpg,SROIE,MEI LET RESTAURANT,"NO 2, JALAN BULAN BM U5/BM, SEKSYEN U5, 40150 SHAH ALAM, SELANGOR",2017-01-12,59.35,,MEI LET RESTAURANT,retail,Food & Beverage
dataset/temp_sroie/image/X51006334770.jpg,SROIE,S&Y STATIONERY,"NO.36G JALAN BULAN BM U5/BM, BANDAR PINGGIRAN SUBANG, SEKSYEN U5, 40150 SHAH ALAM, SELANGOR.",,1.40,,S&Y STATIONERY,retail,General Retail
dataset/temp_sroie/image/X51006334819.jpg,SROIE,BEMED (SP) SDN. BHD.,"NO.49, JALAN DINAR G U3/G, SUBANG PERDANA, 40150 SHAH ALAM, SELANGOR D.E.",,203.00,,BEMED (SP) SDN. BHD.,retail,General Retail
dataset/temp_sroie/image/X51006334926.jpg,SROIE,GOLDEN ARCHES RESTAURANTS SDN BHD,"LEVEL 6, BANGUNAN TH, DAMANSARA UPTOWN3 NO.3, JALAN SS21/39,47400 PETALING JAYA SELANGOR",2016-12-25,29.30,,GOLDEN ARCHES RESTAURANTS SDN BHD,retail,Food & Beverage
dataset/temp_sroie/image/X51006334927.jpg,SROIE,BIRU PETROLEUM,KELANA JAYA. 47301 PETALING SELANGOR DARUL EHSAN.,2016-11-11,6.40,,BIRU PETROLEUM,retail,General Retail
dataset/temp_sroie/image/X51006335314.jpg,SROIE,MEI LET RESTAURANT,"NO 2, JALAN BULAN BM U5/BM, SEKSYEN U5, 40150 SHAH ALAM, SELANGOR",2017-01-22,67.85,,MEI LET RESTAURANT,retail,Food & Beverage
dataset/temp_sroie/image/X51006335547.jpg,SROIE,KING'S CONFECTIONERY S/B,"LOT NO. G23, GIANT KELANA JAYA LOT PT244, JLN PERBANDARAN SS6/4 PUSAT BANDAR KELANA JAYA, PETALING",2017-02-02,7.50,,KING'S CONFECTIONERY S/B,retail,General Retail
dataset/temp_sroie/image/X51006335552.jpg,SROIE,YONG SOON FATT S/B,"LOT 1504, BATU 8 1/2, JALAN KLANG LAMA, 46000 PETALING JAYA, SELANGOR.",2017-02-06,758.70,,YONG SOON FATT S/B,retail,General Retail
dataset/temp_sroie/image/X51006335818.jpg,SROIE,SEGI CASH & CARRY SDN.BHD,"PT17920, SEKSYEN U9, 40150 SHAH ALAM, SELANGOR DARUL EHSAN.",2017-02-06,27.00,,SEGI CASH & CARRY SDN.BHD,retail,General Retail
dataset/temp_sroie/image/X51006349081.jpg,SROIE,C W KHOO HARDWARE SDN BHD,"NO.50 ,JALAN PBS 14/11 , KAWASAN PERINDUSTRIAN BUKIT SERDANG,",2018-04-26,84.80,,C W KHOO HARDWARE SDN BHD,retail,General Retail
dataset/temp_sroie/image/X51006349083.jpg,SROIE,CHA FOR TEA,"1-1, CENTRAL PARK , JALAN PJU5/13, DATARAN SUNWAY, 47810 KOTA DAMANSARA, SELANGOR",2018-04-19,46.25,,CHA FOR TEA,retail,Food & Beverage
dataset/temp_sroie/image/X51006349085.jpg,SROIE,PLATINUM RACKING SDN BHD,"8B, JALAN LUMPUR,OFF JALAN PUTRA,05100 ALOR SETAR,KEDAH,",2018-04-22,23.00,,PLATINUM RACKING SDN BHD,retail,General Retail
dataset/temp_sroie/image/X51006349086.jpg,SROIE,AMPANG 210 FIRST CITY PARKING SDN BHD,"A-09-10 PRIMA AVENUE THE TUBE, 1/39, DATARAN PRIMA 47301 PETALING JAYA SELANGOR DE",2018-04-16,7.00,,AMPANG 210 FIRST CITY PARKING SDN BHD,retail,General Retail
dataset/temp_sroie/image/X51006350737.jpg,SROIE,C W KHOO HARDWARE SDN BHD,"NO.50 , JALAN PBS 14/11 , KAWASAN PERINDUSTRIAN BUKIT SERDANG,",2018-03-31,14.65,,C W KHOO HARDWARE SDN BHD,retail,General Retail
dataset/temp_sroie/image/X51006350750.jpg,SROIE,GL HANDICRAFT & TAII ORING,"19, JALAN KANCIL, OFF JALAN PUDU, 55100 KUALA LUMPUR MALAYSIA",2018-03-27,130.00,,GL HANDICRAFT & TAII ORING,retail,General Retail
dataset/temp_sroie/image/X51006350763.jpg,SROIE,GL HANDICRAFT & TAII ORING,"19, JALAN KANCIL, OFF JALAN PUDU, 55100 KUALA LUMPUR MALAYSIA",2018-04-09,104.00,,GL HANDICRAFT & TAII ORING,retail,General Retail
dataset/temp_sroie/image/X51006387660.jpg,SROIE,TANJONGMAS BOOKCENTRE (PJ) SDN BHD,"LOT F15, GIANT BANDAR PUTERI JALAN PUTERI 1/1, BDR PUTERI 47100 PUCHONG, SELANGOR",2017-04-02,4.30,,TANJONGMAS BOOKCENTRE (PJ) SDN BHD,retail,General Retail
dataset/temp_sroie/image/X51006387737.jpg,SROIE,BEMED (SP) SDN. BHD.,"NO.49, JALAN DINAR G U3/G, SUBANG PERDANA, 40150 SHAH ALAM, SELANGOR D.E.",,165.00,,BEMED (SP) SDN. BHD.,retail,General Retail
dataset/temp_sroie/image/X51006387740.jpg,SROIE,ARTRANGE STATIONERS & PRINT SDN BHD,44 JALAN SS21/58 DAMANSARA UTAMA 47400 PETALING JAYA,2017-04-10,15.40,,ARTRANGE STATIONERS & PRINT SDN BHD,retail,General Retail
dataset/temp_sroie/image/X51006387812.jpg,SROIE,TIMES BOOKSTORES,"LOT F21 & 22, CITTA MALL NO 1, JLN PJU 1A/4 47301",2017-04-23,12.37,,TIMES BOOKSTORES,retail,General Retail
dataset/temp_sroie/image/X51006387813.jpg,SROIE,TOKYO KITCHEN (CITTA MALL) TOKYO KITCHEN SDN BHD,"G-26, GRD FLOOR,CITTA MALL, NO 1, JALAN PJU, 1A/4B, JLN PJU 1,ARA DAMANSARA, 47301 PETALING JAYA, SELANGOR.",2017-04-23,113.80,,TOKYO KITCHEN (CITTA MALL) TOKYO KITCHEN SDN BHD,retail,Food & Beverage
dataset/temp_sroie/image/X51006387847.jpg,SROIE,BEMED (SP) SDN. BHD.,"NO.49, JALAN DINAR G U3/G, SUBANG PERDANA, 40150 SHAH ALAM, SELANGOR D.E.",,635.00,,BEMED (SP) SDN. BHD.,retail,General Retail
dataset/temp_sroie/image/X51006387850.jpg,SROIE,YONG CEN ENTERPRISE,"9, JALAN SUBANG JASA 3, 40150 SHAH ALAM, SELANGOR.",2017-04-25,94.00,,YONG CEN ENTERPRISE,retail,General Retail
dataset/temp_sroie/image/X51006387931.jpg,SROIE,AMANO MALAYSIA SDN BHD,12 JALAN PENGACARA U1/48 TEMASYA INDUSTRIAL PARK 40150 SHAH ALAM SELANGOR,2017-04-30,3.00,,AMANO MALAYSIA SDN BHD,retail,General Retail
dataset/temp_sroie/image/X51006387932.jpg,SROIE,BILLION SIX ENTERPRISE,"NO 3, JALAN TAMAN JASA 2, SECTION U6, 40150 SHAH ALAM.",2017-05-04,12.00,,BILLION SIX ENTERPRISE,retail,General Retail
dataset/temp_sroie/image/X51006387950.jpg,SROIE,AMANO MALAYSIA SDN BHD,12 JALAN PENGACARA U1/48 TEMASYA INDUSTRIAL PARK 40150 SHAH ALAM SELANGOR,2017-04-30,1.00,,AMANO MALAYSIA SDN BHD,retail,General Retail
dataset/temp_sroie/image/X51006387951.jpg,SROIE,AMANO MALAYSIA SDN BHD,12 JALAN PENGACARA U1/48 TEMASYA INDUSTRIAL PARK 40150 SHAH ALAM SELANGOR,2017-04-30,3.00,,AMANO MALAYSIA SDN BHD,retail,General Retail
dataset/temp_sroie/image/X51006387953.jpg,SROIE,AMANO MALAYSIA SDN BHD,12 JALAN PENGACARA U1/48 TEMASYA INDUSTRIAL PARK 40150 SHAH ALAM SELANGOR,2017-04-30,1.00,,AMANO MALAYSIA SDN BHD,retail,General Retail
dataset/temp_sroie/image/X51006387971.jpg,SROIE,99 SPEED MART S/B,"LOT P.T. 2811, JALAN ANGSA, TAMAN BERKELEY 41150 KLANG, SELANGOR 1313-SUBANG BESTARI",,42.35,,99 SPEED MART S/B,retail,Supermarket / Grocery
dataset/temp_sroie/image/X51006387973.jpg,SROIE,GERBANG ALAF RESTAURANTS SDN BHD,"LEVEL 6, BANGUNAN TH, DAMANSARA UPTOWN3 NO.3, JALAN SS21/39,47400 PETALING JAYA SELANGOR",2017-04-30,47.15,,GERBANG ALAF RESTAURANTS SDN BHD,retail,Food & Beverage
dataset/temp_sroie/image/X51006388044.jpg,SROIE,PERNIAGAAN RIANG RIA,"NO7,JLN UERO,SHAH ALAM.",2017-05-10,22.60,,PERNIAGAAN RIANG RIA,retail,General Retail
dataset/temp_sroie/image/X51006388064.jpg,SROIE,BEMED (SP) SDN. BHD.,"NO.49, JALAN DINAR G U3/G, SUBANG PERDANA, 40150 SHAH ALAM, SELANGOR D.E.",,191.20,,BEMED (SP) SDN. BHD.,retail,General Retail
dataset/temp_sroie/image/X51006388065.jpg,SROIE,99 SPEED MART S/B,"LOT P.T. 2811, JALAN ANGSA, TAMAN BERKELEY 41150 KLANG, SELANGOR 1032-SUBANG PERDANA",,20.80,,99 SPEED MART S/B,retail,Supermarket / Grocery
dataset/temp_sroie/image/X51006388066.jpg,SROIE,HERO DISTRIBUTION SDN BHD,"4243,COMPLEKS PERNIAGAAN SRI GAYA, JLN TMN SUBANG JASA 3, 40150 SELANGOR",2017-05-17,41.50,,HERO DISTRIBUTION SDN BHD,retail,General Retail
dataset/temp_sroie/image/X51006388068.jpg,SROIE,SEGI CASH & CARRY SDN. BHD.,"PT17920 SEK U9, SHAH ALAM",2017-05-11,83.55,,SEGI CASH & CARRY SDN. BHD.,retail,General Retail
dataset/temp_sroie/image/X51006388069.jpg,SROIE,SEGI CASH & CARRY SDN. BHD.,"PT17920 SEK U9, SHAH ALAM",2017-05-25,118.35,,SEGI CASH & CARRY SDN. BHD.,retail,General Retail
dataset/temp_sroie/image/X51006388081.jpg,SROIE,KING'S CONFECTIONERY S/B,"NO. 20-A1, JALAN SS6/3, KELANA JAYA, 47301 PETALING JAYA SELANGOR D.E.",2017-05-21,27.50,,KING'S CONFECTIONERY S/B,retail,General Retail
dataset/temp_sroie/image/X51006388082.jpg,SROIE,BROADVIEW MARKETING SDN BHD,"NO. 9-G, JALAN DINAR D U3/D TAMAN SUBANG PERDANA, SEK,U3, 40150 SHAH ALAM,SELANGOR D.E.",2017-05-15,4.70,,BROADVIEW MARKETING SDN BHD,retail,Supermarket / Grocery
dataset/temp_sroie/image/X51006388089.jpg,SROIE,YONG CEN ENTERPRISE,"9, JALAN SUBANG JASA 3, 40150 SHAH ALAM, SELANGOR.",2017-05-21,108.00,,YONG CEN ENTERPRISE,retail,General Retail
dataset/temp_sroie/image/X51006389865.jpg,SROIE,RESTORAN WAN SHENG,"NO. 2, JALAN TEMENGGUNG 19/9, SEKSYEN 9, BANDAR MAHKOTA CHERAS, 43200 CHERAS, SELANGOR",2017-11-12,62.80,,RESTORAN WAN SHENG,retail,Food & Beverage
dataset/temp_sroie/image/X51006389884.jpg,SROIE,99 SPEED MART S/B,"LOT P.T. 2811, JALAN ANGSA, TAMAN BERKELEY 41150 KLANG, SELANGOR 1214-JINJANG UTARA",,182.00,,99 SPEED MART S/B,retail,Supermarket / Grocery
dataset/temp_sroie/image/X51006389888.jpg,SROIE,99 SPEED MART S/B,"LOT P.T. 2811, JALAN ANGSA, TAMAN BERKELEY 41150 KLANG, SELANGOR 1214-JINJANG UTARA",,52.10,,99 SPEED MART S/B,retail,Supermarket / Grocery
dataset/temp_sroie/image/X51006389893.jpg,SROIE,IN-SPARKLE TRADING SDN BHD,"NO.LOT 24, BATU 11 KAMPUNG DATO, UJANG BALAKONG, 43200 CHERAS, SEL.",2017-10-21,250.00,,IN-SPARKLE TRADING SDN BHD,retail,General Retail
dataset/temp_sroie/image/X51006389894.jpg,SROIE,KING'S CONFECTIONERY S/B,"3425, GR. FLOOR JLN THEATER, JINJANG UTARA 52100 K.L.",2017-10-10,70.00,,KING'S CONFECTIONERY S/B,retail,General Retail
dataset/temp_sroie/image/X51006389898.jpg,SROIE,RESTORAN WAN SHE,"NO. 2, JALAN TEMENGGUNG 19/9, SEKSYEN 9, BANDAR MAHKOTA CHERAS, 43200 CHERAS, SELANGOR",2017-09-29,164.40,,RESTORAN WAN SHE,retail,Food & Beverage
dataset/temp_sroie/image/X51006389963.jpg,SROIE,ELKEN SERVICE SDN BHD,NO 2-1 JALAN 3/137B BATU 5 JALAN KELANG LAMA 58000 KUALA LUMPUR,2017-10-10,250.00,,ELKEN SERVICE SDN BHD,retail,General Retail
dataset/temp_sroie/image/X51006392122.jpg,SROIE,FIVE STAR CASH & CARRY,"G.23 & G.22, PLAZA SERI SETIA, NO.1 JALAN SS 9/1, 47300 PJ, SELANGOR.",2017-06-19,45.00,,FIVE STAR CASH & CARRY,retail,General Retail
dataset/temp_sroie/image/X51006392167.jpg,SROIE,ANEKA INTERTRADE MARKETING SDN BHD,"150B, JALAN TUDM,KG BARU SUBANG 40150 SHAH ALAM, SELANGOR DARUL EHSAN, MALAYSIA.",2017-06-19,23.80,,ANEKA INTERTRADE MARKETING SDN BHD,retail,Supermarket / Grocery
dataset/temp_sroie/image/X51006392273.jpg,SROIE,BROADVIEW MARKETING SDN BHD,"NO. 9-G, JALAN DINAR D U3/D TAMAN SUBANG PERDANA, SEK,U3, 40150 SHAH ALAM,SELANGOR D.E.",2017-06-03,18.00,,BROADVIEW MARKETING SDN BHD,retail,Supermarket / Grocery
dataset/temp_sroie/image/X51006392299.jpg,SROIE,BEMED (SP) SDN. BHD.,"NO.49, JALAN DINAR G U3/G, SUBANG PERDANA, 40150 SHAH ALAM, SELANGOR D.E.",,165.00,,BEMED (SP) SDN. BHD.,retail,General Retail
dataset/temp_sroie/image/X51006392313.jpg,SROIE,SUPER.SEVEN CASH & CARRY SDN BHD,"NO. 1 JALAN EURO 1 OFF JALAN BATU TIGA SUNGAI BULOH SEKSYEN U3 SHAH ALAM,40150",2017-06-22,28.05,,SUPER.SEVEN CASH & CARRY SDN BHD,retail,General Retail
dataset/temp_sroie/image/X51006393376.jpg,SROIE,99 SPEED MART S/B,"LOT P.T. 2811, JALAN ANGSA, TAMAN BERKELEY 41150 KLANG, SELANGOR 1214-JINJANG UTARA",,11.50,,99 SPEED MART S/B,retail,Supermarket / Grocery
dataset/temp_sroie/image/X51006393377.jpg,SROIE,99 SPEED MART S/B,"LOT P.T. 2811, JALAN ANGSA, TAMAN BERKELEY 41150 KLANG, SELANGOR 1422-TMN DESA JAYA",,72.75,,99 SPEED MART S/B,retail,Supermarket / Grocery
dataset/temp_sroie/image/X51006401723.jpg,SROIE,S&Y STATIONERY,"NO. 36G JALAN BULAN BM U5/BM, BANDAR PINGGIRAN SUBANG, SEKSYEN U5, 40150 SHAH ALAM, SELANGOR.",,72.00,,S&Y STATIONERY,retail,General Retail
dataset/temp_sroie/image/X51006401836.jpg,SROIE,FIVE STAR CASH & CARRY,"G.23 & G.22, PLAZA SERI SETIA, NO.1 JALAN SS 9/1, 47300 PJ, SELANGOR.",2017-01-19,19.80,,FIVE STAR CASH & CARRY,retail,General Retail
dataset/temp_sroie/image/X51006401845.jpg,SROIE,BUY SELL TRADE SDN. BHD.,"2 & 2A, JALAN KASUARINA 1/KS 7, BANDAR BOTANIK, 41200 KLANG, SELANGOR",2017-02-04,26.90,,BUY SELL TRADE SDN. BHD.,retail,General Retail
dataset/temp_sroie/image/X51006401853.jpg,SROIE,99 SPEED MART S/B,"LOT P.T. 2811, JALAN ANGSA, TAMAN BERKELEY 41150 KLANG, SELANGOR 1299-SUBANG PERMAI",,37.45,,99 SPEED MART S/B,retail,Supermarket / Grocery
dataset/temp_sroie/image/X51006401869.jpg,SROIE,KING'S CONFECTIONERY S/B,"NO. 20-A1, JALAN SS6/3, KELANA JAYA, 47301 PETALING JAYA SELANGOR D.E.",2017-02-09,19.20,,KING'S CONFECTIONERY S/B,retail,General Retail
dataset/temp_sroie/image/X51006401977.jpg,SROIE,B & BEST RESTAURANT,"NO.12,JALAN SS4C/5,PETALING JAYA SELANGOR DARUL EHSAN",2017-04-19,14.85,,B & BEST RESTAURANT,retail,Food & Beverage
dataset/temp_sroie/image/X51006401978.jpg,SROIE,B & BEST RESTAURANT,"NO.12,JALAN SS4C/5,PETALING JAYA SELANGOR DARUL EHSAN",2017-04-22,22.25,,B & BEST RESTAURANT,retail,Food & Beverage
dataset/temp_sroie/image/X51006414392.jpg,SROIE,DI HUAN YA RESTAURANT,"5,JALAN PERMAS 10/5, BANDAR BARU PERMAS JAYA, 81750 JOHOR BAHRU,JOHOR",2018-04-07,35.00,,DI HUAN YA RESTAURANT,retail,Food & Beverage
dataset/temp_sroie/image/X51006414394.jpg,SROIE,RESTORAN SIAM VILLAGE,"NO.8,JALAN PERMAS 10/7, PERMAS JAYA, 81750 JOHOR BAHRU.",2018-04-27,275.90,,RESTORAN SIAM VILLAGE,retail,Food & Beverage
dataset/temp_sroie/image/X51006414425.jpg,SROIE,UNIHAKKA INTERNATIONAL SDN BHD,"12, JALAN TAMPOI 7/4,KAWASAN PERINDUSTRIAN TAMPOI,81200 JOHOR BAHRU,JOHOR",2018-04-05,6.90,,UNIHAKKA INTERNATIONAL SDN BHD,retail,General Retail
dataset/temp_sroie/image/X51006414427.jpg,SROIE,UNIHAKKA INTERNATIONAL SDN BHD,"12, JALAN TAMPOI 7/4,KAWASAN PERINDUSTRIAN TAMPOI,81200 JOHOR BAHRU,JOHOR",2018-04-04,7.60,,UNIHAKKA INTERNATIONAL SDN BHD,retail,General Retail
dataset/temp_sroie/image/X51006414429.jpg,SROIE,UNIHAKKA INTERNATIONAL SDN BHD,"12, JALAN TAMPOI 7/4,KAWASAN PERINDUSTRIAN TAMPOI,81200 JOHOR BAHRU,JOHOR",2018-04-02,8.20,,UNIHAKKA INTERNATIONAL SDN BHD,retail,General Retail
dataset/temp_sroie/image/X51006414431.jpg,SROIE,UNIHAKKA INTERNATIONAL SDN BHD,"12, JALAN TAMPOI 7/4,KAWASAN PERINDUSTRIAN TAMPOI,81200 JOHOR BAHRU,JOHOR",2018-04-03,7.10,,UNIHAKKA INTERNATIONAL SDN BHD,retail,General Retail
dataset/temp_sroie/image/X51006414433.jpg,SROIE,UNIHAKKA INTERNATIONAL SDN BHD,"12, JALAN TAMPOI 7/4,KAWASAN PERINDUSTRIAN TAMPOI,81200 JOHOR BAHRU,JOHOR",2018-04-06,7.60,,UNIHAKKA INTERNATIONAL SDN BHD,retail,General Retail
dataset/temp_sroie/image/X51006414470.jpg,SROIE,UNIHAKKA INTERNATIONAL SDN BHD,"12, JALAN TAMPOI 7/4,KAWASAN PERINDUSTRIAN TAMPOI,81200 JOHOR BAHRU,JOHOR",2018-04-09,8.20,,UNIHAKKA INTERNATIONAL SDN BHD,retail,General Retail
dataset/temp_sroie/image/X51006414483.jpg,SROIE,UNIHAKKA INTERNATIONAL SDN BHD,"12, JALAN TAMPOI 7/4,KAWASAN PERINDUSTRIAN TAMPOI,81200 JOHOR BAHRU,JOHOR",2018-04-10,7.60,,UNIHAKKA INTERNATIONAL SDN BHD,retail,General Retail
dataset/temp_sroie/image/X51006414485.jpg,SROIE,UNIHAKKA INTERNATIONAL SDN BHD,"12, JALAN TAMPOI 7/4,KAWASAN PERINDUSTRIAN TAMPOI,81200 JOHOR BAHRU,JOHOR",2018-04-11,8.20,,UNIHAKKA INTERNATIONAL SDN BHD,retail,General Retail
dataset/temp_sroie/image/X51006414512.jpg,SROIE,BHPETROL PERMAS JAYA 2,"LOT PTD 101051 JALAN PERMAS 10/10 81750 MASAI, JOHOR",2018-04-03,50.00,,BHPETROL PERMAS JAYA 2,retail,General Retail
dataset/temp_sroie/image/X51006414519.jpg,SROIE,HASHA PETROKIOSK,LOT PTD 198718 TMN SIERRA P 81750 MASAI JOHOR,2018-04-06,50.00,,HASHA PETROKIOSK,retail,General Retail
dataset/temp_sroie/image/X51006414532.jpg,SROIE,FREEDOM OPTIMUM SDN BHD,"C1 SEAFRONT, BER JAYA WATERFRONT COMPLEX, 88 JALAN IBRAHIM SULTAN, STULANG LAUT 80300, JOHOR BAHRU, JOHOR.",2018-04-06,98.00,,FREEDOM OPTIMUM SDN BHD,retail,General Retail
dataset/temp_sroie/image/X51006414533.jpg,SROIE,BHPETROL PERMAS JAYA 2,"LOT PTD 101051 JALAN PERMAS 10/10 81750 MASAI, JOHOR",2018-04-10,50.00,,BHPETROL PERMAS JAYA 2,retail,General Retail
dataset/temp_sroie/image/X51006414593.jpg,SROIE,UNIHAKKA INTERNATIONAL SDN BHD,"12, JALAN TAMPOI 7/4,KAWASAN PERINDUSTRIAN TAMPOI,81200 JOHOR BAHRU,JOHOR",2018-04-14,8.90,,UNIHAKKA INTERNATIONAL SDN BHD,retail,General Retail
dataset/temp_sroie/image/X51006414599.jpg,SROIE,LAVENDER CONFECTIONERY & BAKERY S/B,"LOT G29 & G30, AEON MALL TEBRAU CITY, NO. 1, JALAN DESA TEBRAU, TAMAN DESA TEBRAU, 81100 JOHOR BAHRU.",2018-04-14,12.30,,LAVENDER CONFECTIONERY & BAKERY S/B,retail,Food & Beverage
dataset/temp_sroie/image/X51006414600.jpg,SROIE,AEON CO. (M) SDN BHD,"3RD FLR, AEON TAMAN MALURI SC JLN JEJAKA, TAMAN MALURI CHERAS, 55100 KUALA LUMPUR",2018-04-14,50.90,,AEON CO. (M) SDN BHD,retail,General Retail
dataset/temp_sroie/image/X51006414631.jpg,SROIE,UNIHAKKA INTERNATIONAL SDN BHD,"12, JALAN TAMPOI 7/4,KAWASAN PERINDUSTRIAN TAMPOI,81200 JOHOR BAHRU,JOHOR",2018-04-18,7.00,,UNIHAKKA INTERNATIONAL SDN BHD,retail,General Retail
dataset/temp_sroie/image/X51006414633.jpg,SROIE,UNIHAKKA INTERNATIONAL SDN BHD,"12, JALAN TAMPOI 7/4,KAWASAN PERINDUSTRIAN TAMPOI,81200 JOHOR BAHRU,JOHOR",2018-04-16,8.20,,UNIHAKKA INTERNATIONAL SDN BHD,retail,General Retail
dataset/temp_sroie/image/X51006414636.jpg,SROIE,SELASIH EKSLUSIF SDN BHD,88 JALAN IBRAHIM SULTAN STULANG LAUT 80300 JOHOR BAHRU,2018-04-06,270.00,,SELASIH EKSLUSIF SDN BHD,retail,General Retail
dataset/temp_sroie/image/X51006414638.jpg,SROIE,PASAR MINI JIN SENG,"379, JALAN PERMAS SATU, BANDAR BARU PERMAS JAYA 81750 PLENTONG, JOHOR.",2018-04-15,44.90,,PASAR MINI JIN SENG,retail,General Retail
dataset/temp_sroie/image/X51006414671.jpg,SROIE,UNIHAKKA INTERNATIONAL SDN BHD,"12, JALAN TAMPOI 7/4,KAWASAN PERINDUSTRIAN TAMPOI,81200 JOHOR BAHRU,JOHOR",2018-04-19,9.90,,UNIHAKKA INTERNATIONAL SDN BHD,retail,General Retail
dataset/temp_sroie/image/X51006414674.jpg,SROIE,DOMINO'S PIZZA,"NO.12, JALAN PERMAS JAYA 10, BANDAR BARU PERMAS JAYA, 81750 MASAI JOHOR",2018-04-17,25.60,,DOMINO'S PIZZA,retail,Food & Beverage
dataset/temp_sroie/image/X51006414675.jpg,SROIE,DOMINO'S PIZZA,"NO.12, JALAN PERMAS JAYA 10, BANDAR BARU PERMAS JAYA, 81750 MASAI JOHOR",2018-04-11,21.60,,DOMINO'S PIZZA,retail,Food & Beverage
dataset/temp_sroie/image/X51006414677.jpg,SROIE,THE COFFEE BEAN & TEA LEAF (M) SDN. BHD.,"LOT F36, FIRST FLOOR, AEON MALL BDR DATO' ONN, NO.3 JLN DATO' ONN 3, BDR DATO' ONN 81100 JOHOR BAHRU, JOHOR",2018-04-08,12.00,,THE COFFEE BEAN & TEA LEAF (M) SDN. BHD.,retail,Food & Beverage
dataset/temp_sroie/image/X51006414679.jpg,SROIE,DE MAXIMUM THAI EXPRESS SDN BHD,"BLK 2, UNIT G1 & G2, BESTARI TERRACE, LOT PTD 182908 & PTD 143216, JALAN DANGA, TAMAN NUSA BESTARI, 81300",2018-04-14,21.80,,DE MAXIMUM THAI EXPRESS SDN BHD,retail,General Retail
dataset/temp_sroie/image/X51006414680.jpg,SROIE,AEON CO. (M) BHD,"3RD FLR, AEON TAMAN MALURI SC JLN JEJAKA, TAMAN MALURI CHERAS, 55100 KUALA LUMPUR",2018-04-18,1.75,,AEON CO. (M) BHD,retail,General Retail
dataset/temp_sroie/image/X51006414700.jpg,SROIE,AEON CO. (M) SDN BHD,"3RD FLR, AEON TAMAN MALURI SC JLN JEJAKA, TAMAN MALURI CHERAS, 55100 KUALA LUMPUR",2018-04-22,10.20,,AEON CO. (M) SDN BHD,retail,General Retail
dataset/temp_sroie/image/X51006414702.jpg,SROIE,TRIPLE SIX POINT ENTERPRISE 666,NO 14& 16 JALAN PERMAS 4/3 BANDAR BARU PERMAS JAY,2018-04-23,157.90,,TRIPLE SIX POINT ENTERPRISE 666,retail,General Retail
dataset/temp_sroie/image/X51006414703.jpg,SROIE,AEON CO. (M) BHD,"3RD FLR, AEON TAMAN MALURI SC JLN JEJAKA, TAMAN MALURI CHERAS, 55100 KUALA LUMPUR",2018-04-22,98.35,,AEON CO. (M) BHD,retail,General Retail
dataset/temp_sroie/image/X51006414708.jpg,SROIE,RESTORAN HWA MUI SUTERA SDN BHD,"50,JALAN SUTERA TANJUNG 5/4 TAMAN SUTERA UTAMA, 81300 SKUDAI ,JOHOR",2018-04-29,91.50,,RESTORAN HWA MUI SUTERA SDN BHD,retail,Food & Beverage
dataset/temp_sroie/image/X51006414711.jpg,SROIE,DOMINO'S PIZZA,"DOMINO'S PIZZA TAMAN UNIVERSITI 30, JLN KEBUDAYAAN 7, TMN UNIVERSITI 81300 SKUDAI, JOHOR",2018-04-28,30.90,,DOMINO'S PIZZA,retail,Food & Beverage
dataset/temp_sroie/image/X51006414712.jpg,SROIE,DOMINO'S PIZZA,"DOMINO'S PIZZA TAMAN UNIVERSITI 30, JLN KEBUDAYAAN 7, TMN UNIVERSITI 81300 SKUDAI, JOHOR",2018-04-28,39.60,,DOMINO'S PIZZA,retail,Food & Beverage
dataset/temp_sroie/image/X51006414713.jpg,SROIE,YHM AEON TEBRAU CITY,"S117, SECOND FLOOR, AEON TEBRAU CITY, 1, JALAN DESA TEBRAU, TAMAN DESA TEBRAU, 81100 JOHOR BAHRU, JOHOR.",2018-04-17,81.80,,YHM AEON TEBRAU CITY,retail,General Retail
dataset/temp_sroie/image/X51006414714.jpg,SROIE,THE TOAST F&B SDN BHD,LOT 2110&2111 JALAN PERMAS UTARA BANDAR BARU PERMAS 81750 JOHOR BAHRU JOHOR,2018-04-08,18.90,,THE TOAST F&B SDN BHD,retail,General Retail
dataset/temp_sroie/image/X51006414715.jpg,SROIE,SECRET RECIPE RESTAURANT,"LOT G16, PERMAS JAYA JUSCO",,41.81,,SECRET RECIPE RESTAURANT,retail,Food & Beverage
dataset/temp_sroie/image/X51006414717.jpg,SROIE,AEON CO. (M) BHD,"3RD FLR, AEON TAMAN MALURI SC JLN JEJAKA, TAMAN MALURI CHERAS, 55100 KUALA LUMPUR",2018-04-12,24.10,,AEON CO. (M) BHD,retail,General Retail
dataset/temp_sroie/image/X51006414718.jpg,SROIE,AEON CO. (M) BHD,"3RD FLR, AEON TAMAN MALURI SC JLN JEJAKA, TAMAN MALURI CHERAS, 55100 KUALA LUMPUR",2018-04-20,46.55,,AEON CO. (M) BHD,retail,General Retail
dataset/temp_sroie/image/X51006414719.jpg,SROIE,AEON CO. (M) BHD,"3RD FLR, AEON TAMAN MALURI SC JLN JEJAKA, TAMAN MALURI CHERAS, 55100 KUALA LUMPUR",2018-04-12,4.40,,AEON CO. (M) BHD,retail,General Retail
dataset/temp_sroie/image/X51006414720.jpg,SROIE,PASARAYA JALAL SDN BHD,"10-18,JLN KEBUDAYAAN 16,TMN U 81300 JOHOR BAHRU.",2018-04-20,6.40,,PASARAYA JALAL SDN BHD,retail,General Retail
dataset/temp_sroie/image/X51006414721.jpg,SROIE,DOMINO'S PIZZA,"DOMINO'S PIZZA PERMAS JAYA NO.12, JALAN PERMAS JAYA 10, BANDAR BARU PERMAS JAYA, 81750 MASAI JOHOR",2018-04-27,7.20,,DOMINO'S PIZZA,retail,Food & Beverage
dataset/temp_sroie/image/X51006414728.jpg,SROIE,FOODELICO SDN. BHD.,"LOT LG10, AEON TAMAN UNIVERSITI SHOPPING CENTER, NO. 4, JALAN PENDIDIKAN, TAMAN UNIVERSITI 81300 SKUDAI, JOHOR",,13.00,,FOODELICO SDN. BHD.,retail,Food & Beverage
dataset/temp_sroie/image/X51006414733.jpg,SROIE,AEON CO. (M) BHD,"3RD FLR, AEON TAMAN MALURI SC JLN JEJAKA, TAMAN MALURI CHERAS, 55100 KUALA LUMPUR",2018-04-01,122.80,,AEON CO. (M) BHD,retail,General Retail
dataset/temp_sroie/image/X51006438346.jpg,SROIE,HIGH FIVE ENTERPRISE,"JALAN BIDARA, TAMAN BIDARA, SELAYANG 68100, BATU CAVES, SELANGOR",2018-04-05,95.48,,HIGH FIVE ENTERPRISE,retail,General Retail
dataset/temp_sroie/image/X51006441473.jpg,SROIE,GUARDIAN HEALTH AND BEAUTY SDN BHD,JALAN LOKE YEW BENTONG 90 GROUND FLOOR JALAN BENTONG,2018-05-19,38.37,,GUARDIAN HEALTH AND BEAUTY SDN BHD,retail,General Retail
dataset/temp_sroie/image/X51006441474.jpg,SROIE,TF VALUE-MART SDN BHD,JALAN TRAS BATU 1 28700 BENTONG PAHANG DARUL MAKMUR.,2018-05-19,52.80,,TF VALUE-MART SDN BHD,retail,Supermarket / Grocery
dataset/temp_sroie/image/X51006466055.jpg,SROIE,CHECKERS HYPERMARKET SDN BHD (JALAN KLANG LAMA),"LOT 2942 & 2945, JLN SERI SENTOSA 8, SERI SENTOSA, OFF JLN KLANG LAMA, 58000 KUALA LUMPUR.",,20.00,,CHECKERS HYPERMARKET SDN BHD (JALAN KLANG LAMA),retail,Supermarket / Grocery
dataset/temp_sroie/image/X51006466056.jpg,SROIE,BERRY'S CAKE HOUSE,"NO.1, JLN PUTERI 1/6, BANDAR PUTERI, 47100 PUCHONG, SELANGOR",2018-04-18,11.25,,BERRY'S CAKE HOUSE,retail,General Retail
dataset/temp_sroie/image/X51006466060.jpg,SROIE,WESTERN EASTERN STATIONERY SDN. BHD,"42-46, JLN SULTAN AZLAN SHAH 51200 KUALA LUMPUR",2018-04-30,1.38,,WESTERN EASTERN STATIONERY SDN. BHD,retail,General Retail
dataset/temp_sroie/image/X51006466062.jpg,SROIE,WESTERN EASTERN ST TIONERY SDN. BHD,"42-46, JLN SULTAN AZLAN SHAH 51200 KUALA LUMPUR",2018-04-16,5.00,,WESTERN EASTERN ST TIONERY SDN. BHD,retail,General Retail
dataset/temp_sroie/image/X51006466065.jpg,SROIE,GHEE HIANG GH DISTRIBUTOR & MARKETING SDN BHD,"95, BEACH ROAD, 10300 PENANG. 10400 PENANG.",2018-04-13,25.00,,GHEE HIANG GH DISTRIBUTOR & MARKETING SDN BHD,retail,Supermarket / Grocery
dataset/temp_sroie/image/X51006466066.jpg,SROIE,MENTAI INITIAL SDN BHD,"NO.37-1, PLAZA DANAU DESA 2, JALAN 109F, TAMAN DANAU DESA, 58100 KUALA LUMPUR.",2018-04-21,41.50,,MENTAI INITIAL SDN BHD,retail,General Retail
dataset/temp_sroie/image/X51006466070.jpg,SROIE,WESTERN EASTERN STATIONERY SDN. BHD,"42-46, JLN SULTAN AZLAN SHAH 51200 KUALA LUMPUR",2018-04-26,42.88,,WESTERN EASTERN STATIONERY SDN. BHD,retail,General Retail
dataset/temp_sroie/image/X51006466778.jpg,SROIE,THE ROTI MAN BAKERY,"117, JALAN RADIN BAGUS, SRI PETALING",2018-05-04,20.40,,THE ROTI MAN BAKERY,retail,Food & Beverage
dataset/temp_sroie/image/X51006502529.jpg,SROIE,HAXINCONE RESOURCES SDN BHD,"16A, JALAN ASTAKA U8/83, BUKIT JELUTONG 40150 SHAH ALAN, SELANGOR D.E.",2018-04-20,3.70,,HAXINCONE RESOURCES SDN BHD,retail,General Retail
dataset/temp_sroie/image/X51006502531.jpg,SROIE,FAMILYMART,"NO 16A, JALAN ASTAKA U8/83, BUKIT JELUTONG. 40150 SHAH ALAM, SELANGOR, D.E.",2018-04-16,18.80,,FAMILYMART,retail,Supermarket / Grocery
dataset/temp_sroie/image/X51006502533.jpg,SROIE,R&C VENTURE SDN BHD,"LOT-18A-2, BERJAYA TIMES SQUARE, KUALA LUMPUR.",2018-04-19,9.50,,R&C VENTURE SDN BHD,retail,General Retail
dataset/temp_sroie/image/X51006502534.jpg,SROIE,MAXINCOME RESOURCES SDN BHD,"NO 16A, JALAN ASTAKA U8/83, BUKIT JELUTONG, 40150 SHAH ALAM, SELANGOR, D.E.",2018-04-10,5.80,,MAXINCOME RESOURCES SDN BHD,retail,General Retail
dataset/temp_sroie/image/X51006502540.jpg,SROIE,GERBANG ALAF RESTAURANTS SDN BHD,"LEVEL 6, BANGUNAN TH, DAMANSARA UPTOWN3 NO.3, JALAN SS21/39, 47400 PETALING JAYA SELANGOR",2018-04-27,109.05,,GERBANG ALAF RESTAURANTS SDN BHD,retail,Food & Beverage
dataset/temp_sroie/image/X51006554833.jpg,SROIE,SUBANG HEALTHCARE SDN BHD,"B-8, JALAN SS15/4D, 47500 SUBANG JAYA, SELANGOR",2017-10-29,28.90,,SUBANG HEALTHCARE SDN BHD,retail,General Retail
dataset/temp_sroie/image/X51006554841.jpg,SROIE,NSK TRADE CITY-SELAYANG,LOT 4674 & 4675 SELAYANG BATU 8 JALAN IPOH 68100 BATU CAVES,2017-10-27,9.00,,NSK TRADE CITY-SELAYANG,retail,General Retail
dataset/temp_sroie/image/X51006555072.jpg,SROIE,DIGI TELECOMMUNICATIONS SDN BHD,"LOT LG 315, 1-UTAMA SHOPPING CENTRE, LEBUH BANDAR UTAMA-BANDAR UTAMA, PETALING JAYA, 47800 SELANGOR",2017-10-13,234.40,,DIGI TELECOMMUNICATIONS SDN BHD,retail,General Retail
dataset/temp_sroie/image/X51006555125.jpg,SROIE,KHIAM AIK CHAN SDN BHD,"NO. 76, JALAN SS15/4B, 47500 SUBANG JAYA, SELANGOR D.E.",2017-09-25,28.40,,KHIAM AIK CHAN SDN BHD,retail,General Retail
dataset/temp_sroie/image/X51006555570.jpg,SROIE,SUBANG HEALTHCARE SDN BHD,"B-8, JALAN SS15/4D, 47500 SUBANG JAYA, SELANGOR",2017-08-11,78.10,,SUBANG HEALTHCARE SDN BHD,retail,General Retail
dataset/temp_sroie/image/X51006555780.jpg,SROIE,GARDENIA BAKERIES (KI ) SDN BHD,"LOT 3, JALAN PELABUR 23/1, 40300 SHAH ALAM, SELANGOR.",2017-07-21,33.05,,GARDENIA BAKERIES (KI ) SDN BHD,retail,Food & Beverage
dataset/temp_sroie/image/X51006555784.jpg,SROIE,GARDENIA BAKERIES (KL) SDN BHD,"LOT 3, JALAN PELABUR 23/1, 40300 SHAH ALAM, SELANGOR.",2017-08-30,53.14,,GARDENIA BAKERIES (KL) SDN BHD,retail,Food & Beverage
dataset/temp_sroie/image/X51006555806.jpg,SROIE,GARDENIA BAKERIES (KL) SDN BHD,"LOT 3, JALAN PELABUR 23/1, 40300 SHAH ALAM, SELANGOR.",2017-07-30,20.21,,GARDENIA BAKERIES (KL) SDN BHD,retail,Food & Beverage
dataset/temp_sroie/image/X51006555814.jpg,SROIE,GARDENIA BAKERIES (KL) SDN BHD,"LOT 3, JALAN PELABUR 23/1, 40300 SHAH ALAM, SELANGOR.",2017-07-27,94.19,,GARDENIA BAKERIES (KL) SDN BHD,retail,Food & Beverage
dataset/temp_sroie/image/X51006555817.jpg,SROIE,GARDENIA BAKERIES (KL) SDN BHD,"LOT 3, JALAN PELABUR 23/1, 40300 SHAH ALAM, SELANGOR.",2017-07-25,24.83,,GARDENIA BAKERIES (KL) SDN BHD,retail,Food & Beverage
dataset/temp_sroie/image/X51006555818.jpg,SROIE,GARDENIA BAKERIES (KL) SDN BHD,"LOT 3, JALAN PELABUR 23/1, 40300 SHAH ALAM, SELANGOR.",2017-07-24,27.10,,GARDENIA BAKERIES (KL) SDN BHD,retail,Food & Beverage
dataset/temp_sroie/image/X51006555819.jpg,SROIE,GARDENIA BAKERIES (KL) SDN BHD,"LOT 3, JALAN PELABUR 23/1, 40300 SHAH ALAM, SELANGOR.",2017-07-23,26.58,,GARDENIA BAKERIES (KL) SDN BHD,retail,Food & Beverage
dataset/temp_sroie/image/X51006555833.jpg,SROIE,GARDENIA BAKERIES (KL) SDN BHD,"LOT 3, JALAN PELABUR 23/1, 40300 SHAH ALAM, SELANGOR.",2017-08-31,1.52,,GARDENIA BAKERIES (KL) SDN BHD,retail,Food & Beverage
dataset/temp_sroie/image/X51006555835.jpg,SROIE,GARDENIA BAKERIES (KL) SDN BHD,"LOT 3, JALAN PELABUR 23/1, 40300 SHAH ALAM, SELANGOR.",2017-08-29,37.90,,GARDENIA BAKERIES (KL) SDN BHD,retail,Food & Beverage
dataset/temp_sroie/image/X51006556591.jpg,SROIE,GARDENIA BAKERIES (KL) SDN BHD,"LOT 3, JALAN PELABUR 23/1, 40300 SHAH ALAM, SELANGOR.",2017-08-25,36.36,,GARDENIA BAKERIES (KL) SDN BHD,retail,Food & Beverage
dataset/temp_sroie/image/X51006556596.jpg,SROIE,GARDENIA BAKERIES (KL) SDN BHD,"LOT 3, JALAN PELABUR 23/1, 40300 SHAH ALAM, SELANGOR.",2017-08-28,41.44,,GARDENIA BAKERIES (KL) SDN BHD,retail,Food & Beverage
dataset/temp_sroie/image/X51006556604.jpg,SROIE,GARDENIA BAKERIES (KL) SDN BHD,"LOT 3, JALAN PELABUR 23/1, 40300 SHAH ALAM, SELANGOR.",2017-08-24,39.78,,GARDENIA BAKERIES (KL) SDN BHD,retail,Food & Beverage
dataset/temp_sroie/image/X51006556610.jpg,SROIE,PINGHWAI TRADING SDN BHD,"NO.2, JALAN METRO PERDANA TIMUR 11. KEPONG ENTERPRENUERS PARK, OFF JALAN KEPONG. 52100 KUALA LUMPUR.",2017-08-22,393.00,,PINGHWAI TRADING SDN BHD,retail,General Retail
dataset/temp_sroie/image/X51006556646.jpg,SROIE,GARDENIA BAKERIES (KL) SDN BHD,"LOT 3, JALAN PELABUR 23/1, 40300 SHAH ALAM, SELANGOR.",2017-08-21,73.55,,GARDENIA BAKERIES (KL) SDN BHD,retail,Food & Beverage
dataset/temp_sroie/image/X51006556648.jpg,SROIE,GARDENIA BAKERIES (KL) SDN BHD,"LOT 3, JALAN PELABUR 23/1, 40300 SHAH ALAM, SELANGOR.",2017-08-20,55.14,,GARDENIA BAKERIES (KL) SDN BHD,retail,Food & Beverage
dataset/temp_sroie/image/X51006556650.jpg,SROIE,GARDENIA BAKERIES (KL) SDN BHD,"LOT 3, JALAN PELABUR 23/1, 40300 SHAH ALAM, SELANGOR.",2017-08-19,50.60,,GARDENIA BAKERIES (KL) SDN BHD,retail,Food & Beverage
dataset/temp_sroie/image/X51006556654.jpg,SROIE,GARDENIA BAKERIES (KL) SDN BHD,"LOT 3, JALAN PELABUR 23/1, 40300 SHAH ALAM, SELANGOR.",2017-08-18,6.42,,GARDENIA BAKERIES (KL) SDN BHD,retail,Food & Beverage
dataset/temp_sroie/image/X51006556656.jpg,SROIE,GARDENIA BAKERIES (KL) SDN BHD,"LOT 3, JALAN PELABUR 23/1, 40300 SHAH ALAM, SELANGOR.",2017-08-17,7.97,,GARDENIA BAKERIES (KL) SDN BHD,retail,Food & Beverage
dataset/temp_sroie/image/X51006556657.jpg,SROIE,GARDENIA BAKERIES (KL) SDN BHD,"LOT 3, JALAN PELABUR 23/1, 40300 SHAH ALAM, SELANGOR.",2017-08-16,59.31,,GARDENIA BAKERIES (KL) SDN BHD,retail,Food & Beverage
dataset/temp_sroie/image/X51006556658.jpg,SROIE,GARDENIA BAKERIES (KL) SDN BHD,"LOT 3, JALAN PELABUR 23/1, 40300 SHAH ALAM, SELANGOR.",2017-08-15,32.13,,GARDENIA BAKERIES (KL) SDN BHD,retail,Food & Beverage
dataset/temp_sroie/image/X51006556723.jpg,SROIE,GARDENIA BAKERIES (KL) SDN BHD,"LOT 3, JALAN PELABUR 23/1, 40300 SHAH ALAM, SELANGOR.",2017-08-03,5.09,,GARDENIA BAKERIES (KL) SDN BHD,retail,Food & Beverage
dataset/temp_sroie/image/X51006556726.jpg,SROIE,GARDENIA BAKERIES (KL) SDN BHD,"LOT 3, JALAN PELABUR 23/1, 40300 SHAH ALAM, SELANGOR.",2017-08-06,68.41,,GARDENIA BAKERIES (KL) SDN BHD,retail,Food & Beverage
dataset/temp_sroie/image/X51006556728.jpg,SROIE,GARDENIA BAKERIES (KL) SDN BHD,"LOT 3, JALAN PELABUR 23/1, 40300 SHAH ALAM, SELANGOR.",2017-08-07,60.26,,GARDENIA BAKERIES (KL) SDN BHD,retail,Food & Beverage
dataset/temp_sroie/image/X51006556730.jpg,SROIE,MAKASSAR FRESH MARKET S/B,"GROUND FLOOR, NO. 4 & 6, JALAN SS15/4B, 47500 SUBANG JAYA, SELANGOR.",,40.00,,MAKASSAR FRESH MARKET S/B,retail,Supermarket / Grocery
dataset/temp_sroie/image/X51006556732.jpg,SROIE,GARDENIA BAKERIES (KL) SDN BHD,"LOT 3, JALAN PELABUR 23/1, 40300 SHAH ALAM, SELANGOR.",2017-08-05,19.31,,GARDENIA BAKERIES (KL) SDN BHD,retail,Food & Beverage
dataset/temp_sroie/image/X51006556734.jpg,SROIE,GARDENIA BAKERIES (KL) SDN BHD,"LOT 3, JALAN PELABUR 23/1, 40300 SHAH ALAM, SELANGOR.",2017-08-04,32.46,,GARDENIA BAKERIES (KL) SDN BHD,retail,Food & Beverage
dataset/temp_sroie/image/X51006556738.jpg,SROIE,GARDENIA BAKERIES (KL) SDN BHD,"LOT 3, JALAN PELABUR 23/1, 40300 SHAH ALAM, SELANGOR.",2017-08-03,51.88,,GARDENIA BAKERIES (KL) SDN BHD,retail,Food & Beverage
dataset/temp_sroie/image/X51006556740.jpg,SROIE,GARDENIA BAKERIES (KL) SDN BHD,"LOT 3, JALAN PELABUR 23/1, 40300 SHAH ALAM, SELANGOR.",2017-08-01,23.35,,GARDENIA BAKERIES (KL) SDN BHD,retail,Food & Beverage
dataset/temp_sroie/image/X51006556806.jpg,SROIE,GARDENIA BAKERIES (KL) SDN BHD,"LOT 3, JALAN PELABUR 23/1, 40300 SHAH ALAM SELANGOR.",2017-09-23,14.47,,GARDENIA BAKERIES (KL) SDN BHD,retail,Food & Beverage
dataset/temp_sroie/image/X51006556808.jpg,SROIE,GARDENIA BAKERIES (KL) SDN BHD,"LOT 3, JALAN PELABUR 23/1, 40300 SHAH ALAM, SELANGOR.",2017-09-22,79.26,,GARDENIA BAKERIES (KL) SDN BHD,retail,Food & Beverage
dataset/temp_sroie/image/X51006556809.jpg,SROIE,GARDENIA BAKERIES (KL) SDN BHD,"LOT 3, JALAN PELABUR 23/1, 40300 SHAH ALAM, SELANGOR.",2017-09-21,43.36,,GARDENIA BAKERIES (KL) SDN BHD,retail,Food & Beverage
dataset/temp_sroie/image/X51006556810.jpg,SROIE,GARDENIA BAKERIES (KL) SDN BHD,"LOT 3, JALAN PELABUR 23/1, 40300 SHAH ALAM, SELANGOR.",2017-09-20,23.02,,GARDENIA BAKERIES (KL) SDN BHD,retail,Food & Beverage
dataset/temp_sroie/image/X51006556812.jpg,SROIE,GARDENIA BAKERIES (KL) SDN BHD,"LOT 3, JALAN PELABUR 23/1, 40300 SHAH ALAM, SELANGOR.",2017-09-14,25.84,,GARDENIA BAKERIES (KL) SDN BHD,retail,Food & Beverage
dataset/temp_sroie/image/X51006556815.jpg,SROIE,GARDENIA BAKERIES (KL) SDN BHD,"LOT 3, JALAN PELABUR 23/1, 40300 SHAH ALAM, SELANGOR.",2017-09-05,54.15,,GARDENIA BAKERIES (KL) SDN BHD,retail,Food & Beverage
dataset/temp_sroie/image/X51006556818.jpg,SROIE,GARDENIA BAKERIES (KL) SDN BHD,"LOT 3, JALAN PELABUR 23/1, 40300 SHAH ALAM, SELANGOR.",2017-09-03,29.59,,GARDENIA BAKERIES (KL) SDN BHD,retail,Food & Beverage
dataset/temp_sroie/image/X51006556821.jpg,SROIE,GARDENIA BAKERIES (KL) SDN BHD,"LOT 3, JALAN PELABUR 23/1, 40300 SHAH ALAM, SELANGOR.",2017-09-02,48.57,,GARDENIA BAKERIES (KL) SDN BHD,retail,Food & Beverage
dataset/temp_sroie/image/X51006556823.jpg,SROIE,GARDENIA BAKERIES (KL) SDN BHD,"LOT 3, JALAN PELABUR 23/1, 40300 SHAH ALAM, SELANGOR.",2017-09-30,26.80,,GARDENIA BAKERIES (KL) SDN BHD,retail,Food & Beverage
dataset/temp_sroie/image/X51006556824.jpg,SROIE,GARDENIA BAKERIES (KL) SDN BHD,"LOT 3, JALAN PELABUR 23/1, 40300 SHAH ALAM, SELANGOR.",2017-09-29,1.73,,GARDENIA BAKERIES (KL) SDN BHD,retail,Food & Beverage
dataset/temp_sroie/image/X51006556825.jpg,SROIE,GARDENIA BAKERIES (KL) SDN BHD,"LOT 3, JALAN PELABUR 23/1, 40300 SHAH ALAM, SELANGOR.",2017-09-28,48.04,,GARDENIA BAKERIES (KL) SDN BHD,retail,Food & Beverage
dataset/temp_sroie/image/X51006556826.jpg,SROIE,GARDENIA BAKERIES (KL) SDN BHD,"LOT 3, JALAN PELABUR 23/1, 40300 SHAH ALAM, SELANGOR.",2017-09-27,28.98,,GARDENIA BAKERIES (KL) SDN BHD,retail,Food & Beverage
dataset/temp_sroie/image/X51006556827.jpg,SROIE,GARDENIA BAKERIES (KL) SDN BHD,"LOT 3, JALAN PELABUR 23/1, 40300 SHAH ALAM, SELANGOR.",2017-09-26,53.96,,GARDENIA BAKERIES (KL) SDN BHD,retail,Food & Beverage
dataset/temp_sroie/image/X51006556828.jpg,SROIE,GARDENIA BAKERIES (KL) SDN BHD,"LOT 3, JALAN PELABUR 23/1, 40300 SHAH ALAM, SELANGOR.",2017-09-25,36.55,,GARDENIA BAKERIES (KL) SDN BHD,retail,Food & Beverage
dataset/temp_sroie/image/X51006556829.jpg,SROIE,GARDENIA BAKERIES (KL) SDN BHD,"LOT 3, JALAN PELABUR 23/1, 40300 SHAH ALAM, SELANGOR.",2017-09-24,38.55,,GARDENIA BAKERIES (KL) SDN BHD,retail,Food & Beverage
dataset/temp_sroie/image/X51006556830.jpg,SROIE,PINGHWAI TRADING SDN BHD,"NO.2, JALAN METRO PERDANA TIMUR 11, KEPONG ENTERPRENUERS PARK, OFF JALAN KEPONG, 52100 KUALA LUMPUR.",2017-09-23,1007.50,,PINGHWAI TRADING SDN BHD,retail,General Retail
dataset/temp_sroie/image/X51006556831.jpg,SROIE,PINGHWAI TRADING SDN BHD,"NO.2, JALAN METRO PERDANA TIMUR 11, KEPONG ENTERPRENUERS PARK, OFF JALAN KEPONG, 52100 KUALA LUMPUR.",2017-09-30,616.60,,PINGHWAI TRADING SDN BHD,retail,General Retail
dataset/temp_sroie/image/X51006556838.jpg,SROIE,GARDENIA BAKERIES (KL) SDN BHD,"LOT 3, JALAN PELABUR 23/1, 40300 SHAH ALAM, SELANGOR.",2017-09-19,22.58,,GARDENIA BAKERIES (KL) SDN BHD,retail,Food & Beverage
dataset/temp_sroie/image/X51006556839.jpg,SROIE,GARDENIA BAKERIES (KL) SDN BHD,"LOT 3, JALAN PELABUR 23/1, 40300 SHAH ALAM, SELANGOR.",2017-09-18,5.90,,GARDENIA BAKERIES (KL) SDN BHD,retail,Food & Beverage
dataset/temp_sroie/image/X51006556840.jpg,SROIE,GARDENIA BAKERIES (KL) SDN BHD,"LOT 3, JALAN PELABUR 23/1, 40300 SHAH ALAM, SELANGOR.",2017-09-17,40.18,,GARDENIA BAKERIES (KL) SDN BHD,retail,Food & Beverage
dataset/temp_sroie/image/X51006556841.jpg,SROIE,GARDENIA BAKERIES (KL) SDN BHD,"LOT 3, JALAN PELABUR 23/1, 40300 SHAH ALAM, SELANGOR.",2017-09-16,3.21,,GARDENIA BAKERIES (KL) SDN BHD,retail,Food & Beverage
dataset/temp_sroie/image/X51006556851.jpg,SROIE,GARDENIA BAKERIES (KL) SDN BHD,"LOT 3, JALAN PELABUR 23/1, 40300 SHAH ALAM, SELANGOR.",2017-09-12,84.78,,GARDENIA BAKERIES (KL) SDN BHD,retail,Food & Beverage
dataset/temp_sroie/image/X51006556852.jpg,SROIE,GARDENIA BAKERIES (KL) SDN BHD,"LOT 3, JALAN PELABUR 23/1, 40300 SHAH ALAM, SELANGOR.",2017-09-11,65.50,,GARDENIA BAKERIES (KL) SDN BHD,retail,Food & Beverage
dataset/temp_sroie/image/X51006556861.jpg,SROIE,GARDENIA BAKERIES (KL) SDN BHD,"LOT 3, JALAN PELABUR 23/1, 40300 SHAH ALAM, SELANGOR.",2017-09-08,23.20,,GARDENIA BAKERIES (KL) SDN BHD,retail,Food & Beverage
dataset/temp_sroie/image/X51006556865.jpg,SROIE,GARDENIA BAKERIES (KL) SDN BHD,"LOT 3, JALAN PELABUR 23/1, 40300 SHAH ALAM, SELANGOR",2017-09-06,62.82,,GARDENIA BAKERIES (KL) SDN BHD,retail,Food & Beverage
dataset/temp_sroie/image/X51006557115.jpg,SROIE,GARDENIA BAKERIES (KL) SDN BHD,"LOT 3, JALAN PELABUR 23/1, 40300 SHAH ALAM, SELANGOR.",2017-10-02,35.58,,GARDENIA BAKERIES (KL) SDN BHD,retail,Food & Beverage
dataset/temp_sroie/image/X51006557117.jpg,SROIE,GARDENIA BAKERIES (KL) SDN BHD,"LOT 3, JALAN PELABUR 23/1, 40300 SHAH ALAM, SELANGOR.",2017-10-30,62.60,,GARDENIA BAKERIES (KL) SDN BHD,retail,Food & Beverage
dataset/temp_sroie/image/X51006557119.jpg,SROIE,GARDENIA BAKERIES (KL) SDN BHD,"LOT 3, JALAN PELABUR 23/1, 40300 SHAH ALAM, SELANGOR.",2017-10-20,14.79,,GARDENIA BAKERIES (KL) SDN BHD,retail,Food & Beverage
dataset/temp_sroie/image/X51006557161.jpg,SROIE,GARDENIA BAKERIES (KL) SDN BHD,"LOT 3, JALAN PELABUR 23/1, 40300 SHAH ALAM, SELANGOR.",2017-10-24,41.87,,GARDENIA BAKERIES (KL) SDN BHD,retail,Food & Beverage
dataset/temp_sroie/image/X51006557164.jpg,SROIE,GARDENIA BAKERIES (KL) SDN BHD,"LOT 3, JALAN PELABUR 23/1, 40300 SHAH ALAM, SELANGOR.",2017-10-18,31.05,,GARDENIA BAKERIES (KL) SDN BHD,retail,Food & Beverage
dataset/temp_sroie/image/X51006557168.jpg,SROIE,GARDENIA BAKERIES (KL) SDN BHD,"LOT 3, JALAN PELABUR 23/1, 40300 SHAH ALAM, SELANGOR.",2017-10-23,39.87,,GARDENIA BAKERIES (KL) SDN BHD,retail,Food & Beverage
dataset/temp_sroie/image/X51006557169.jpg,SROIE,GARDENIA BAKERIES (KL) SDN BHD,"LOT 3, JALAN PELABUR 23/1, 40300 SHAH ALAM, SELANGOR.",2017-09-01,5.00,,GARDENIA BAKERIES (KL) SDN BHD,retail,Food & Beverage
dataset/temp_sroie/image/X51006557170.jpg,SROIE,GARDENIA BAKERIES (KL) SDN BHD,"LOT 3, JALAN PELABUR 23/1, 40300 SHAH ALAM, SELANGOR.",2017-10-29,58.86,,GARDENIA BAKERIES (KL) SDN BHD,retail,Food & Beverage
dataset/temp_sroie/image/X51006557173.jpg,SROIE,GARDENIA BAKERIES (KL) SDN BHD,"LOT 3, JALAN PELABUR 23/1, 40300 SHAH ALAM, SELANGOR.",2017-10-28,32.26,,GARDENIA BAKERIES (KL) SDN BHD,retail,Food & Beverage
dataset/temp_sroie/image/X51006557178.jpg,SROIE,GARDENIA BAKERIES (KL) SDN BHD,"LOT 3, JALAN PELABUR 23/1, 40300 SHAH ALAM, SELANGOR.",2017-10-25,35.01,,GARDENIA BAKERIES (KL) SDN BHD,retail,Food & Beverage
dataset/temp_sroie/image/X51006557179.jpg,SROIE,GARDENIA BAKERIES (KL) SDN BHD,"LOT 3, JALAN PELABUR 23/1, 40300 SHAH ALAM, SELANGOR.",2017-10-22,34.21,,GARDENIA BAKERIES (KL) SDN BHD,retail,Food & Beverage
dataset/temp_sroie/image/X51006557184.jpg,SROIE,GARDENIA BAKERIES (KL) SDN BHD,"LOT 3, JALAN PELABUR 23/1, 40300 SHAH ALAM, SELANGOR.",2017-10-19,68.63,,GARDENIA BAKERIES (KL) SDN BHD,retail,Food & Beverage
dataset/temp_sroie/image/X51006557185.jpg,SROIE,GARDENIA BAKERIES (KL) SDN BHD,"LOT 3, JALAN PELABUR 23/1, 40300 SHAH ALAM, SELANGOR.",2017-10-17,110.46,,GARDENIA BAKERIES (KL) SDN BHD,retail,Food & Beverage
dataset/temp_sroie/image/X51006557187.jpg,SROIE,GARDENIA BAKERIES (KL) SDN BHD,"LOT 3, JALAN PELABUR 23/1, 40300 SHAH ALAM, SELANGOR.",2017-10-16,42.25,,GARDENIA BAKERIES (KL) SDN BHD,retail,Food & Beverage
dataset/temp_sroie/image/X51006557188.jpg,SROIE,GARDENIA BAKERIES (KL) SDN BHD,"LOT 3, JALAN PELABUR 23/1, 40300 SHAH ALAM, SELANGOR.",2017-10-15,23.56,,GARDENIA BAKERIES (KL) SDN BHD,retail,Food & Beverage
dataset/temp_sroie/image/X51006557193.jpg,SROIE,GARDENIA BAKERIES (KL) SDN BHD,"LOT 3, JALAN PELABUR 23/1, 40300 SHAH ALAM, SELANGOR.",2017-10-14,33.80,,GARDENIA BAKERIES (KL) SDN BHD,retail,Food & Beverage
dataset/temp_sroie/image/X51006557194.jpg,SROIE,GARDENIA BAKERIES (KL) SDN BHD,"LOT 3, JALAN PELABUR 23/1, 40300 SHAH ALAM, SELANGOR.",2017-10-13,39.77,,GARDENIA BAKERIES (KL) SDN BHD,retail,Food & Beverage
dataset/temp_sroie/image/X51006557195.jpg,SROIE,GARDENIA BAKERIES (KL) SDN BHD,"LOT 3, JALAN PELABUR 23/1, 40300 SHAH ALAM, SELANGOR.",2017-10-12,59.54,,GARDENIA BAKERIES (KL) SDN BHD,retail,Food & Beverage
dataset/temp_sroie/image/X51006557196.jpg,SROIE,GARDENIA BAKERIES (KL) SDN BHD,"LOT 3, JALAN PELABUR 23/1, 40300 SHAH ALAM, SELANGOR.",2017-10-11,27.10,,GARDENIA BAKERIES (KL) SDN BHD,retail,Food & Beverage
dataset/temp_sroie/image/X51006557198.jpg,SROIE,GARDENIA BAKERIES (KL) SDN BHD,"LOT 3, JALAN PELABUR 23/1, 40300 SHAH ALAM, SELANGOR.",2017-10-10,27.20,,GARDENIA BAKERIES (KL) SDN BHD,retail,Food & Beverage
dataset/temp_sroie/image/X51006557199.jpg,SROIE,GARDENIA BAKERIES (KL) SDN BHD,"LOT 3, JALAN PELABUR 23/1, 40300 SHAH ALAM, SELANGOR.",2017-10-09,60.24,,GARDENIA BAKERIES (KL) SDN BHD,retail,Food & Beverage
dataset/temp_sroie/image/X51006557202.jpg,SROIE,GARDENIA BAKERIES (KL) SDN BHD,"LOT 3, JALAN PELABUR 23/1, 40300 SHAH ALAM, SELANGOR.",2017-10-08,46.06,,GARDENIA BAKERIES (KL) SDN BHD,retail,Food & Beverage
dataset/temp_sroie/image/X51006557208.jpg,SROIE,GARDENIA BAKERIES (KL) SDN BHD,"LOT 3, JALAN PELABUR 23/1, 40300 SHAH ALAM, SELANGOR.",2017-10-07,32.12,,GARDENIA BAKERIES (KL) SDN BHD,retail,Food & Beverage
dataset/temp_sroie/image/X51006557209.jpg,SROIE,GARDENIA BAKERIES (KL) SDN BHD,"LOT 3, JALAN PELABUR 23/1, 40300 SHAH ALAM, SELANGOR.",2017-10-06,33.84,,GARDENIA BAKERIES (KL) SDN BHD,retail,Food & Beverage
dataset/temp_sroie/image/X51006557210.jpg,SROIE,GARDENIA BAKERIES (KL) SDN BHD,"LOT 3, JALAN PELABUR 23/1, 40300 SHAH ALAM, SELANGOR.",2017-10-05,51.42,,GARDENIA BAKERIES (KL) SDN BHD,retail,Food & Beverage
dataset/temp_sroie/image/X51006557213.jpg,SROIE,GARDENIA BAKERIES (KL) SDN BHD,"LOT 3, JALAN PELABUR 23/1, 40300 SHAH ALAM, SELANGOR.",2017-10-01,31.32,,GARDENIA BAKERIES (KL) SDN BHD,retail,Food & Beverage
dataset/temp_sroie/image/X51006557507.jpg,SROIE,GARDENIA BAKERIES (KL) SDN BHD,"LOT 3, JALAN PELABUR 23/1, 40300 SHAH ALAM, SELANGOR.",2017-10-27,35.88,,GARDENIA BAKERIES (KL) SDN BHD,retail,Food & Beverage
dataset/temp_sroie/image/X51006557508.jpg,SROIE,GARDENIA BAKERIES (KL) SDN BHD,"LOT 3, JALAN PELABUR 23/1, 40300 SHAH ALAM, SELANGOR.",2017-10-26,54.19,,GARDENIA BAKERIES (KL) SDN BHD,retail,Food & Beverage
dataset/temp_sroie/image/X51006619328.jpg,SROIE,YIN MA (M) SDN.BHD.,"NO.2, JALAN UDANG SIAR 2, TAMAN SRI SEGAMBUT, 52000 KUALA LUMPUR.",2016-01-31,5.40,,YIN MA (M) SDN.BHD.,retail,General Retail
dataset/temp_sroie/image/X51006619338.jpg,SROIE,99 SPEED MART S/B,"LOT P.T. 33198, BATU 4 JALAN KAPAR, MUKIM KAPAR 42100 KLANG, SELANGOR 1320-TMN BATU",,262.20,,99 SPEED MART S/B,retail,Supermarket / Grocery
dataset/temp_sroie/image/X51006619341.jpg,SROIE,MR. D.I.Y. (M) SDN BHD,"LOT 1851 -A & 1851-B, JALAN KPB 6, KAWASAN PERINDUSTRIAN BALAKONG, 43300 SERI KEMBANGAN, SELANGOR",,8.60,,MR. D.I.Y. (M) SDN BHD,retail,General Retail
dataset/temp_sroie/image/X51006619342.jpg,SROIE,MR. D.I.Y. (KUCHAI) SDN BHD,"LOT 1851-A & 1851-B, JALAN KPB 6, KAWASAN PERINDUSTRIAN BALAKONG, 43300 SERI KEMBANGAN, SELANGOR",,3.30,,MR. D.I.Y. (KUCHAI) SDN BHD,retail,General Retail
dataset/temp_sroie/image/X51006619343.jpg,SROIE,MR. D.I.Y. (KUCHAI) SDN BHD,"LOT 1851-A & 1851-B, JALAN KPB 6, KAWASAN PERINDUSTRIAN BALAKONG, 43300 SERI KEMBANGAN, SELANGOR",,22.90,,MR. D.I.Y. (KUCHAI) SDN BHD,retail,General Retail
dataset/temp_sroie/image/X51006619346.jpg,SROIE,MR. D.I.Y. (M) SDN BHD,"LOT 1851-A & 1851-B, JALAN KPB 6, KAWASAN PERINDUSTRIAN BALAKONG, 43300 SERI KEMBANGAN, SELANGOR",,96.90,,MR. D.I.Y. (M) SDN BHD,retail,General Retail
dataset/temp_sroie/image/X51006619496.jpg,SROIE,99 SPEED MART S/B,"LOT P.T. 2811, JALAN ANGSA, TAMAN BERKELEY 41150 KLANG, SELANGOR 1320-TMN BATU",,61.65,,99 SPEED MART S/B,retail,Supermarket / Grocery
dataset/temp_sroie/image/X51006619503.jpg,SROIE,KEDAI UBAT & RUNCIT HONG NING SDN. BHD.,"NO.8,JALAN LANG KUNING, KEPONG BARU, 52100 KUALA LUMPUR.",2016-12-21,8.00,,KEDAI UBAT & RUNCIT HONG NING SDN. BHD.,retail,General Retail
dataset/temp_sroie/image/X51006619506.jpg,SROIE,KEDAI UBAT & RUNCIT HONG NING SDN. BHD.,"NO.8,JALAN LANG KUNING, KEPONG BARU, 52100 KUALA LUMPUR",2016-12-24,25.55,,KEDAI UBAT & RUNCIT HONG NING SDN. BHD.,retail,General Retail
dataset/temp_sroie/image/X51006619507.jpg,SROIE,GOLDEN ARCHES RESTAURANTS SDN BHD,"NO.3, JALAN SS21/39,47400 PETALING JAYA SELANGOR",2016-12-03,14.70,,GOLDEN ARCHES RESTAURANTS SDN BHD,retail,Food & Beverage
dataset/temp_sroie/image/X51006619509.jpg,SROIE,GUDANG HASIL RESTAURANT SDN BHD,"NO. 33, LRG HANG JEBAT, MELAKA",2016-12-02,15.80,,GUDANG HASIL RESTAURANT SDN BHD,retail,Food & Beverage
dataset/temp_sroie/image/X51006619545.jpg,SROIE,COSWAY (M) SDN BHD,"2ND FLOOR, WISMA COSWAY, JALAN RAJA CHULAN, 50200 KUALA LUMPUR, MALAYSIA.",,111.90,,COSWAY (M) SDN BHD,retail,General Retail
dataset/temp_sroie/image/X51006619550.jpg,SROIE,HAI-O RAYA BHD,"LOT 11995, BATU 2, JALAN KAPAR 41400 KLANG, SELANGOR",2016-12-15,47.70,,HAI-O RAYA BHD,retail,General Retail
dataset/temp_sroie/image/X51006619561.jpg,SROIE,GREEN LANE PHARMACY SDN BHD,"33 JLN BANGAU 1,KEPONG BARU, 52100 KEPONG,KL",,180.10,,GREEN LANE PHARMACY SDN BHD,retail,General Retail
dataset/temp_sroie/image/X51006619563.jpg,SROIE,99 SPEED MART S/B,"LOT P.T. 2811, JALAN ANGSA, TAMAN BERKELEY 41150 KLANG, SELANGOR 1558-TMN PUSAT KEPONG",,31.80,,99 SPEED MART S/B,retail,Supermarket / Grocery
dataset/temp_sroie/image/X51006619564.jpg,SROIE,99 SPEED MART S/B,"LOT P.T. 2811, JALAN ANGSA, TAMAN BERKELEY 41150 KLANG, SELANGOR 1605-TMN SRI BINTANG",,85.45,,99 SPEED MART S/B,retail,Supermarket / Grocery
dataset/temp_sroie/image/X51006619566.jpg,SROIE,99 SPEED MART S/B,"LOT P.T. 2811, JALAN ANGSA, TAMAN BERKELEY 41150 KLANG, SELANGOR 1558-TMN PUSAT KEPONG",,15.90,,99 SPEED MART S/B,retail,Supermarket / Grocery
dataset/temp_sroie/image/X51006619567.jpg,SROIE,KEDAI UBAT & RUNCIT HONG NING SDN. BHD.,"NO.8,JALAN LANG KUNING, KEPONG BARU, 52100 KUALA LUMPUR",2016-02-02,676.00,,KEDAI UBAT & RUNCIT HONG NING SDN. BHD.,retail,General Retail
dataset/temp_sroie/image/X51006619569.jpg,SROIE,MR. D.I.Y. (KUCHAI) SDN BHD,"LOT 1851-A & 1851-B, JALAN KPB 6, KAWASAN PERINDUSTRIAN BALAKONG, 43300 SERI KEMBANGAN, SELANGOR",,26.40,,MR. D.I.Y. (KUCHAI) SDN BHD,retail,General Retail
dataset/temp_sroie/image/X51006619570.jpg,SROIE,MR. D.I.Y. (M) SDN BHD,"LOT 1851-A & 1851-B, JALAN KPB 6, KAWASAN PERINDUSTRIAN BALAKONG, 43300 SERI KEMBANGAN, SELANGOR",,30.90,,MR. D.I.Y. (M) SDN BHD,retail,General Retail
dataset/temp_sroie/image/X51006619694.jpg,SROIE,GUARDIAN HEALTH AND BEAUTY SDN BHD,"LOT F/L2A.4, LEVEL 2A FIRST WORLD PLAZA, FIRST WORLD",2016-02-11,2.56,,GUARDIAN HEALTH AND BEAUTY SDN BHD,retail,General Retail
dataset/temp_sroie/image/X51006619696.jpg,SROIE,99 SPEED MART S/B,"LOT P.T. 33198, BATU 4 JALAN KAPAR, MUKIM KAPAR 42100 KLANG, SELANGOR 1320-TMN BATU",,82.80,,99 SPEED MART S/B,retail,Supermarket / Grocery
dataset/temp_sroie/image/X51006619697.jpg,SROIE,CHEF LEE SDN BHD,"LG226, LGF, 1 UTAMA SHOPPING CENTRE, LEBUH BANDAR UTAMA, 47800 PETALING JAYA.",2016-02-13,96.20,,CHEF LEE SDN BHD,retail,General Retail
dataset/temp_sroie/image/X51006619698.jpg,SROIE,MR. D.I.Y. (M) SDN BHD,"LOT 1851-A & 1851-B, JALAN KPB 6, KAWASAN PERINDUSTRIAN BALAKONG, 43300 SERI KEMBANGAN, SELANGOR",,21.00,,MR. D.I.Y. (M) SDN BHD,retail,General Retail
dataset/temp_sroie/image/X51006619700.jpg,SROIE,MR. D.I.Y. (KUCHAI) SDN BHD,"LOT 1851-A & 1851-B, JALAN KPB 6, KAWASAN PERINDUSTRIAN BALAKONG, 43300 SERI KEMBANGAN, SELANGOR",,8.10,,MR. D.I.Y. (KUCHAI) SDN BHD,retail,General Retail
dataset/temp_sroie/image/X51006619703.jpg,SROIE,MR. D.I.Y. (KUCHAI) SDN BHD,"LOT 1851-A & 1851-B, JALAN KPB 6, KAWASAN PERINDUSTRIAN BALAKONG, 43300 SERI KEMBANGAN, SELANGOR",,7.00,,MR. D.I.Y. (KUCHAI) SDN BHD,retail,General Retail
dataset/temp_sroie/image/X51006619704.jpg,SROIE,MR. D.I.Y. (M) SDN BHD,"LOT 1851-A & 1851-B, JALAN KPB 6, KAWASAN PERINDUSTRIAN BALAKONG, 43300 SERI KEMBANGAN, SELANGOR",,32.80,,MR. D.I.Y. (M) SDN BHD,retail,General Retail
dataset/temp_sroie/image/X51006619709.jpg,SROIE,MR. D.I.Y. (KUCHAI) SDN BHD,"LOT 1851-A & 1851-B, JALAN KPB 6, KAWASAN PERINDUSTRIAN BALAKONG, 43300 SERI KEMBANGAN, SELANGOR",,57.40,,MR. D.I.Y. (KUCHAI) SDN BHD,retail,General Retail
dataset/temp_sroie/image/X51006619757.jpg,SROIE,99 SPEED MART S/B,"LOT P.T. 33198, BATU 4 JALAN KAPAR, MUKIM KAPAR 42100 KLANG, SELANGOR 1605-TMN SRI BINTANG",,71.60,,99 SPEED MART S/B,retail,Supermarket / Grocery
dataset/temp_sroie/image/X51006619758.jpg,SROIE,99 SPEED MART S/B,"LOT P.T. 33198, BATU 4 JALAN KAPAR, MUKIM KAPAR 42100 KLANG, SELANGOR 1181-TMN SRI SINAR",,13.60,,99 SPEED MART S/B,retail,Supermarket / Grocery
dataset/temp_sroie/image/X51006619760.jpg,SROIE,KEDAI UBAT & RUNCIT HONG NING SDN. BHD.,"NO.8,JALAN LANG KUNING, KEPONG BARU, 52100 KUALA LUMPUR.",2016-01-02,29.10,,KEDAI UBAT & RUNCIT HONG NING SDN. BHD.,retail,General Retail
dataset/temp_sroie/image/X51006619764.jpg,SROIE,MR. D.I.Y. (KUCHAI) SDN BHD,"LOT 1851-A & 1851-B, JALAN KPB 6, KAWASAN PERINDUSTRIAN BALAKONG, 43300 SERI KEMBANGAN, SELANGOR",,34.40,,MR. D.I.Y. (KUCHAI) SDN BHD,retail,General Retail
dataset/temp_sroie/image/X51006619765.jpg,SROIE,MR. D.I.Y. (M) SDN BHD,"LOT 1851-A & 1851-B, JALAN KPB 6, KAWASAN PERINDUSTRIAN BALAKONG, 43300 SERI KEMBANGAN, SELANGOR",,64.70,,MR. D.I.Y. (M) SDN BHD,retail,General Retail
dataset/temp_sroie/image/X51006619766.jpg,SROIE,MR. D.I.Y. (M) SDN BHD,"LOT 1851-A & 1851-B, JALAN KPB 6, KAWASAN PERINDUSTRIAN BALAKONG, 43300 SERI KEMBANGAN, SELANGOR",,59.20,,MR. D.I.Y. (M) SDN BHD,retail,General Retail
dataset/temp_sroie/image/X51006619772.jpg,SROIE,GOLDEN ARCHES RESTAURANTS SDN BHD,"LEVEL 6, BANGUNAN TH, DAMANSARA UPTOWN3 NO.3, JALAN SS21/39,47400 PETALING JAYA SELANGOR",2016-07-24,28.20,,GOLDEN ARCHES RESTAURANTS SDN BHD,retail,Food & Beverage
dataset/temp_sroie/image/X51006619777.jpg,SROIE,99 SPEED MART S/B,"LOT P.T. 33198, BATU 4 JALAN KAPAR, MUKIM KAPAR 42100 KLANG, SELANGOR 1558-TMN PUSAT KEPONG",,27.30,,99 SPEED MART S/B,retail,Supermarket / Grocery
dataset/temp_sroie/image/X51006619779.jpg,SROIE,YAM FRESH,"NO.145G, JALAN RIMBUNAN RAYA 1, LAMAN RIMBUNAN KEPONG, 52100 KUALA LUMPUR",2016-07-31,7.95,,YAM FRESH,retail,Supermarket / Grocery
dataset/temp_sroie/image/X51006619780.jpg,SROIE,YAM FRESH,"NO.145G, JALAN RIMBUNAN RAYA 1, LAMAN RIMBUNAN KEPONG, 52100 KUALA LUMPUR",2016-07-31,8.35,,YAM FRESH,retail,Supermarket / Grocery
dataset/temp_sroie/image/X51006619783.jpg,SROIE,FOUR QUARTERS SDN BHD,NO.128G JLN SS21/35 DAMANSARA UTAMA PETALING JAYA 47400 SELANGOR,2016-07-06,43.90,,FOUR QUARTERS SDN BHD,retail,General Retail
dataset/temp_sroie/image/X51006619784.jpg,SROIE,SECURITY & OA TRADING,"LOT TC007 & 008, 3RD FLOOR, SG. WANG PLAZA",2016-06-07,399.00,,SECURITY & OA TRADING,retail,General Retail
dataset/temp_sroie/image/X51006619785.jpg,SROIE,ECOSWAY.COM SDN BHD,"2ND FLOOR, WISMA COSWAY, JALAN RAJA CHULAN, 50200 KUALA LUMPUR, MALAYSIA.",2016-07-29,78.30,,ECOSWAY.COM SDN BHD,retail,General Retail
dataset/temp_sroie/image/X51006619790.jpg,SROIE,YIN MA (M) SDN.BHD.,"NO.2, JALAN UDANG SIAR 2, TAMAN SRI SEGAMBUT, 52000 KUALA LUMPUR.",2016-07-19,14.50,,YIN MA (M) SDN.BHD.,retail,General Retail
dataset/temp_sroie/image/X51006619842.jpg,SROIE,YIN MA (M) SDN.BHD.,"NO.2, JALAN UDANG SIAR 2, TAMAN SRI SEGAMBUT, 52000 KUALA LUMPUR.",2016-06-03,32.70,,YIN MA (M) SDN.BHD.,retail,General Retail
dataset/temp_sroie/image/X51006619854.jpg,SROIE,99 SPEED MART S/B,"LOT P.T. 33198, BATU 4 JALAN KAPAR, MUKIM KAPAR 42100 KLANG, SELANGOR 1174-PERMATA MAGNA",,2.10,,99 SPEED MART S/B,retail,Supermarket / Grocery
dataset/temp_sroie/image/X51006619862.jpg,SROIE,MR. D.I.Y. (KUCHAI) SDN BHD,"LOT 1851-A & 1851-B, JALAN KPB 6, KAWASAN PERINDUSTRIAN BALAKONG, 43300 SERI KEMBANGAN, SELANGOR",,13.30,,MR. D.I.Y. (KUCHAI) SDN BHD,retail,General Retail
dataset/temp_sroie/image/X51006619863.jpg,SROIE,99 SPEED MART S/B,"LOT P.T. 33198, BATU 4 JALAN KAPAR, MUKIM KAPAR 42100 KLANG, SELANGOR 1181-TMN SRI SINAR",,2.10,,99 SPEED MART S/B,retail,Supermarket / Grocery
dataset/temp_sroie/image/X51006619869.jpg,SROIE,MONSIEUR ( M ) SDN. BHD.,"LOT S319A, 2ND FLOOR, 1 UTAMA SHOPPING CENTRE - PHASE 2 PERSIARAN BANDAR UTAMA, 47800 PETALING JAYA. MALAYSIA",2016-06-12,23.20,,MONSIEUR ( M ) SDN. BHD.,retail,General Retail
dataset/temp_sroie/image/X51006620161.jpg,SROIE,SIN THYE & COMPANY,"NO.54, BATU 5,JALAN IPOH, KG.BATU, 51200 KUALA LUMPUR",2016-02-28,110.00,,SIN THYE & COMPANY,retail,General Retail
dataset/temp_sroie/image/X51006620175.jpg,SROIE,MR. D.I.Y. (M) SDN BHD,"LOT 1851-A & 1851-B, JALAN KPB 6, KAWASAN PERINDUSTRIAN BALAKONG, 43300 SERI KEMBANGAN, SELANGOR",,26.70,,MR. D.I.Y. (M) SDN BHD,retail,General Retail
dataset/temp_sroie/image/X51006620176.jpg,SROIE,MR. D.I.Y. (KUCHAI) SDN BHD,"LOT 1851-A & 1851-B, JALAN KPB 6, KAWASAN PERINDUSTRIAN BALAKONG, 43300 SERI KEMBANGAN, SELANGOR",,12.50,,MR. D.I.Y. (KUCHAI) SDN BHD,retail,General Retail
dataset/temp_sroie/image/X51006620181.jpg,SROIE,NADEJE PLATINUM SDN BHD,"GK 101,GND FLR,ONE UTAMA SHOPPING CENTRE NO.1,LEBUH BANDAR UTAMA, 47800 PETALING JAYA, SELANGOR.",,51.30,,NADEJE PLATINUM SDN BHD,retail,General Retail
dataset/temp_sroie/image/X51006620182.jpg,SROIE,PACIFIC ASIAN FOOD DELIGHTS S/B,"NO.35,GROUND FLOOR JLN METRO PERDANA BARAT 1 TAMAN USAHAWAN KEPONG 52100 KL",2016-05-08,78.50,,PACIFIC ASIAN FOOD DELIGHTS S/B,retail,Food & Beverage
dataset/temp_sroie/image/X51006620186.jpg,SROIE,MR. D.I.Y. (M) SDN BHD,"LOT 1851-A & 1851-B, JALAN KPB 6, KAWASAN PERINDUSTRIAN BALAKONG, 43300 SERI KEMBANGAN, SELANGOR",,68.10,,MR. D.I.Y. (M) SDN BHD,retail,General Retail
dataset/temp_sroie/image/X51006620187.jpg,SROIE,ANEKA INTERTRADE MARKETING SDN BHD,"LOT NO2, JALAN UTARID U5/13, SEKSYEN U5, 40150 SNAH ALAM, SELANGOR DARUL EHSAN, MALAYSIA",2016-05-19,6.85,,ANEKA INTERTRADE MARKETING SDN BHD,retail,Supermarket / Grocery
dataset/temp_sroie/image/X51006620189.jpg,SROIE,99 SPEED MART S/B,"LOT P.T. 33198, BATU 4 JALAN KAPAR, MUKIM KAPAR 42100 KLANG, SELANGOR 1605-TMN SRI BINTANG",,177.20,,99 SPEED MART S/B,retail,Supermarket / Grocery
dataset/temp_sroie/image/X51006620190.jpg,SROIE,MR. D.I.Y. (M) SDN BHD,"LOT 1851-A & 1851-B, JALAN KPB 6, KAWASAN PERINDUSTRIAN BALAKONG, 43300 SERI KEMBANGAN, SELANGOR",,21.50,,MR. D.I.Y. (M) SDN BHD,retail,General Retail
dataset/temp_sroie/image/X51006620191.jpg,SROIE,BEST DENKI MALAYSIA,"LOT LG 26, SUBANG PARADE NO.5, JALAN SS16/1 47500 SUBANG JAYA, SELANGOR",2016-05-01,89.00,,BEST DENKI MALAYSIA,retail,General Retail
dataset/temp_sroie/image/X51006620192.jpg,SROIE,MONSIEUR ( M ) SDN. BHD.,"LOT S319A, 2ND FLOOR, 1 UTAMA SHOPPING CENTRE - PHASE 2 PERSIARAN BANDAR UTAMA, 47800 PETALING JAYA. MALAYSIA",2016-05-01,8.80,,MONSIEUR ( M ) SDN. BHD.,retail,General Retail
dataset/temp_sroie/image/X51006620414.jpg,SROIE,EDEN IMPRESSION SDN BHD,"LOT NO : 20, LEVEL UG1, PUBLIKA SOLARIS DUTAMAS. NO 1, JALAN DUTAMAS, 50480 KL",2016-10-20,9.75,,EDEN IMPRESSION SDN BHD,retail,General Retail
dataset/temp_sroie/image/X51006620437.jpg,SROIE,99 SPEED MART S/B,"LOT P.T. 33198, BATU 4 JALAN KAPAR, MUKIM KAPAR 42100 KLANG, SELANGOR 1558-TMN PUSAT KEPONG",,14.20,,99 SPEED MART S/B,retail,Supermarket / Grocery
dataset/temp_sroie/image/X51006647932.jpg,SROIE,UROKO JAPANESE CUISINE SDN BHD,"22A-1, JALAN 17/54, SECTION 17, 46400 PETALING JAYA, SELANGOR.",2018-05-14,87.10,,UROKO JAPANESE CUISINE SDN BHD,retail,General Retail
dataset/temp_sroie/image/X51006647933.jpg,SROIE,RESTORAN HOETIM,"1-G,JALAN OS 1/3,ONE SELAYANG OFF JALAN RAWANG 68100 B.CAVES",2018-05-28,83.00,,RESTORAN HOETIM,retail,Food & Beverage
dataset/temp_sroie/image/X51006647984.jpg,SROIE,KECHARA VEGETARIAN RESTAURANT S/B,"NO. 72A, JALAN UNIVERSITI, 46200, PETALING JAYA, SELANGOR.",2018-05-15,64.50,,KECHARA VEGETARIAN RESTAURANT S/B,retail,Food & Beverage
dataset/temp_sroie/image/X51006679216.jpg,SROIE,FTOF NOODLE HOUSE,"NO.25, JALAN METRO PERDANA BARAT 2, TAMAN USAHAWAN KEPONG, KEPONG UTARA, 52100 KUALA LUMPUR.",2018-05-21,31.60,,FTOF NOODLE HOUSE,retail,Food & Beverage
dataset/temp_sroie/image/X51006679222.jpg,SROIE,EIGHT OUNCE COFFEE CO.,"F.K06, FIRST FLOOR, THE GARDENS MALL, MID VALLEY CITY, LINGKARAN SYED PUTRA, 59200 KUALA LUMPUR.",2018-05-24,39.90,,EIGHT OUNCE COFFEE CO.,retail,Food & Beverage
dataset/temp_sroie/image/X51006713996.jpg,SROIE,SKCA HARDWARE & TIMBER SDN. BHD.,"LOT 204 & 205, JALAN BATU 12 1/4, KG. DUSUN NANDING, 43100 HULU LANGAT, SELANGOR DARUL EHSAN.",,142.00,,SKCA HARDWARE & TIMBER SDN. BHD.,retail,General Retail
dataset/temp_sroie/image/X51006714065.jpg,SROIE,ANN GIAP TRADING SDN BHD,"NO. 135, JALAN BANGI, 43500 SEMENYIH, SELANGOR",2017-09-30,66.00,,ANN GIAP TRADING SDN BHD,retail,General Retail
dataset/temp_sroie/image/X51006733494.jpg,SROIE,KEDAI UHAT DAN RUNCIT CHONG HWA,"3, JALAN PERDANA 5, TAMAN INDAH PERDANA, KEPONG, 52100 KL.",,33.90,,KEDAI UHAT DAN RUNCIT CHONG HWA,retail,General Retail
dataset/temp_sroie/image/X51006733495.jpg,SROIE,99 SPEED MART S/B,"LOT P.T. 33198, BATU 4 JALAN KAPAR, MUKIM KAPAR 42100 KLANG, SELANGOR 1558-TMN PUSAT KEPONG",,14.20,,99 SPEED MART S/B,retail,Supermarket / Grocery
dataset/temp_sroie/image/X51006828199.jpg,SROIE,PU TIEN (M) SDN BHD,"LOT 2-25, SUNWAY VELOCITY MALL LINGKARAN SV, SUNWAY VELOCITY, 55100 KUALA LUMPUR",2017-10-12,36.96,,PU TIEN (M) SDN BHD,retail,General Retail
dataset/temp_sroie/image/X51006828200.jpg,SROIE,YHM MID VALLEY,"LOT T-015B, LEVEL 3, MID VALLEY CITY, LINGKARAN SYED PUTRA, 59200 KUALA LUMPUR MALAYSIA.",2017-12-15,21.60,,YHM MID VALLEY,retail,General Retail
dataset/temp_sroie/image/X51006828201.jpg,SROIE,THE COFFEE BEAN & TEA LEAF (M) SDN. BHD.,"UNIT G047, GROUND FLOOR MID VALLEY MEGAMALL MID VALLEY CITY, LINGKARAN SYED PUT 59200 KUALA LUMPUR",2017-12-15,39.70,,THE COFFEE BEAN & TEA LEAF (M) SDN. BHD.,retail,Food & Beverage
dataset/temp_sroie/image/X51006828217.jpg,SROIE,99 SPEED MART S/B,"LOT P.T. 2811, JALAN ANGSA, TAMAN BERKELEY 41150 KLANG, SELANGOR 1243-JLN PUDU ULU",,14.40,,99 SPEED MART S/B,retail,Supermarket / Grocery
dataset/temp_sroie/image/X51006856981.jpg,SROIE,GUARDIAN HEALTH AND BEAUTY SDN BHD,"LOT B-005-006, BASEMENT LEVEL 1 THE STARLING MALL JALAN SS21/60, DAMANSARA UTAMA.",2017-07-07,13.78,,GUARDIAN HEALTH AND BEAUTY SDN BHD,retail,General Retail
dataset/temp_sroie/image/X51006856982.jpg,SROIE,GUARDIAN HEALTH AND BEAUTY SDN BHD,"LOT B-005-006, BASEMENT LEVEL 1 THE STARLING MALL JALAN SS21/60, DAMANSARA UTAMA.",2017-08-16,108.21,,GUARDIAN HEALTH AND BEAUTY SDN BHD,retail,General Retail
dataset/temp_sroie/image/X51006857071.jpg,SROIE,K STATIONERY & OFFICE SUPPLIES,"NO.9, JALAN MANIS 3, TAMAN SEGAR CHERAS, 56100 KUALA LUMPUR.",2017-07-15,148.00,,K STATIONERY & OFFICE SUPPLIES,retail,General Retail
dataset/temp_sroie/image/X51006857126.jpg,SROIE,SKL DAMANSARA ENTERPRISE,"69G, JALAN SS21/60, DAMANSARA UTAMA, 47400 PETALING JAYA, SELANGOR.",2017-07-28,28.80,,SKL DAMANSARA ENTERPRISE,retail,General Retail
dataset/temp_sroie/image/X51006857132.jpg,SROIE,AEON CO. (M) BHD,"3RD FLR, AEON TAMAN MALURI SC JLN JEJAKA, TAMAN MALURI CHERAS, 55100 KUALA LUMPUR",2017-07-09,23.80,,AEON CO. (M) BHD,retail,General Retail
dataset/temp_sroie/image/X51006857137.jpg,SROIE,99 SPEED MART S/B,"LOT P.T. 2811, JALAN ANGSA, TAMAN BERKELEY 41150 KLANG, SELANGOR 1056-UPTOWN",,3.30,,99 SPEED MART S/B,retail,Supermarket / Grocery
dataset/temp_sroie/image/X51006857265.jpg,SROIE,MPH BOOKSTORES SDN BHD,"LOT S319, 2ND FLOOR, 1 UTAMA SHOPPING CENTRE, NO1, LEBUH BANDAR UTAMA,47800 P.JAYA",2017-12-11,31.45,,MPH BOOKSTORES SDN BHD,retail,General Retail
dataset/temp_sroie/image/X51006857540.jpg,SROIE,BECON ENTERPRISE SDN BHD,"NO.41G, JLN SS21/60, DAMANSARA UTAMA, 47400 PJ, SELANGOR.",2017-11-13,270.10,,BECON ENTERPRISE SDN BHD,retail,General Retail
dataset/temp_sroie/image/X51006857660.jpg,SROIE,BECON STATIONER BECON ENTERPRISE SDN BHD,"NO.41G, JLN SS21/60, DAMANSARA UTAMA, 47400 PJ, SELANGOR.",2017-09-13,247.55,,BECON STATIONER BECON ENTERPRISE SDN BHD,retail,General Retail
dataset/temp_sroie/image/X51006867435.jpg,SROIE,GUARDIAN HEALTH AND BEAUTY SDN BHD,NO 15 JALAN BANDAR RAWANG 10 BANDAR BARU RAWANG,2018-05-18,2.28,,GUARDIAN HEALTH AND BEAUTY SDN BHD,retail,General Retail
dataset/temp_sroie/image/X51006867436.jpg,SROIE,GUARDIAN HEALTH AND BEAUTY SDN BHD,NO 15 JALAN BANDAR RAWANG 10 BANDAR BARU RAWANG,2018-05-24,4.50,,GUARDIAN HEALTH AND BEAUTY SDN BHD,retail,General Retail
dataset/temp_sroie/image/X51006882603.jpg,SROIE,ECO-SHOP MARKETING SDN BHD,"LOT F1-01, 6, JALAN 8/27A, SEKSYEN 5 WANGSA MAJU, 53300 KUALA LUMPUR, WILAYAH PERSEKUTUAN KUALA LUMPUR, MALAYSIA.",2018-02-26,16.30,,ECO-SHOP MARKETING SDN BHD,retail,Supermarket / Grocery
dataset/temp_sroie/image/X51006912959.jpg,SROIE,ROYALTEA,"NO. 23, JALAN SUTERA TANJUNG 8/3, TAMAN SUTERA UTAMA 81300 SKUDAI JOHOR,MALAYSIA.",2018-05-09,10.90,,ROYALTEA,retail,Food & Beverage
dataset/temp_sroie/image/X51006912960.jpg,SROIE,DE MAXIMUM THAI EXPRESS SDN BHD,"BLK 2, UNIT G1 & G2, BESTARI TERRACE, LOT PTD 182908 & PTD 143216, JALAN DANGA, TAMAN NUSA BESTARI, 81300",2018-05-17,30.70,,DE MAXIMUM THAI EXPRESS SDN BHD,retail,General Retail
dataset/temp_sroie/image/X51006912972.jpg,SROIE,UNIHAKKA INTERNATIONAL SDN BHD,"12, JALAN TAMPOI 7/4,KAWASAN PERINDUSTRIAN TAMPOI,81200 JOHOR BAHRU,JOHOR",2018-05-15,8.20,,UNIHAKKA INTERNATIONAL SDN BHD,retail,General Retail
dataset/temp_sroie/image/X51006912974.jpg,SROIE,UNIHAKKA INTERNATIONAL SDN BHD,"12, JALAN TAMPOI 7/4,KAWASAN PERINDUSTRIAN TAMPOI,81200 JOHOR BAHRU,JOHOR",2018-05-30,8.70,,UNIHAKKA INTERNATIONAL SDN BHD,retail,General Retail
dataset/temp_sroie/image/X51006912976.jpg,SROIE,THE TOAST F&B SDN BHD,"LOT 2110&2111 JALAN PERMAS UTARA BANDAR BARU PERMAS 81750,JOHOR BAHRU JOHOR",2018-05-19,71.10,,THE TOAST F&B SDN BHD,retail,General Retail
dataset/temp_sroie/image/X51006912998.jpg,SROIE,BHPETROL PERMAS JAYA 2,"LOT PTD 101051 JALAN PERMAS 10/10 81750 MASAI, JOHOR",2018-05-08,50.00,,BHPETROL PERMAS JAYA 2,retail,General Retail
dataset/temp_sroie/image/X51006913007.jpg,SROIE,AEON CO. (M) BHD,"3RD FLR, AEON TAMAN MALURI SC JLN JEJAKA, TAMAN MALURI CHERAS, 55100 KUALA LUMPUR",2018-05-27,99.90,,AEON CO. (M) BHD,retail,General Retail
dataset/temp_sroie/image/X51006913018.jpg,SROIE,AEON CO. (M) BHD,"3RD FLR, AEON TAMAN MALURI SC JLN JEJAKA, TAMAN MALURI CHERAS, 55100 KUALA LUMPUR",2018-05-11,458.55,,AEON CO. (M) BHD,retail,General Retail
dataset/temp_sroie/image/X51006913019.jpg,SROIE,AEON CO. (M) BHD,"3RD FLR, AEON TAMAN MALURI SC JLN JEJAKA, TAMAN MALURI CHERAS, 55100 KUALA LUMPUR",2018-05-11,476.80,,AEON CO. (M) BHD,retail,General Retail
dataset/temp_sroie/image/X51006913023.jpg,SROIE,UNIHAKKA INTERNATIONAL SDN BHD,"12, JALAN TAMPOI 7/4,KAWASAN PERINDUSTRIAN TAMPOI,81200 JOHOR BAHRU,JOHOR",2018-05-16,8.20,,UNIHAKKA INTERNATIONAL SDN BHD,retail,General Retail
dataset/temp_sroie/image/X51006913024.jpg,SROIE,UNIHAKKA INTERNATIONAL SDN BHD,"12, JALAN TAMPOI 7/4,KAWASAN PERINDUSTRIAN TAMPOI,81200 JOHOR BAHRU,JOHOR",2018-05-14,8.90,,UNIHAKKA INTERNATIONAL SDN BHD,retail,General Retail
dataset/temp_sroie/image/X51006913028.jpg,SROIE,UNIHAKKA INTERNATIONAL SDN BHD,"12, JALAN TAMPOI 7/4,KAWASAN PERINDUSTRIAN TAMPOI,81200 JOHOR BAHRU,JOHOR",2018-05-07,8.70,,UNIHAKKA INTERNATIONAL SDN BHD,retail,General Retail
dataset/temp_sroie/image/X51006913030.jpg,SROIE,UNIHAKKA INTERNATIONAL SDN BHD,"12, JALAN TAMPOI 7/4,KAWASAN PERINDUSTRIAN TAMPOI,81200 JOHOR BAHRU,JOHOR",2018-05-10,10.30,,UNIHAKKA INTERNATIONAL SDN BHD,retail,General Retail
dataset/temp_sroie/image/X51006913031.jpg,SROIE,UNIHAKKA INTERNATIONAL SDN BHD,"12, JALAN TAMPOI 7/4,KAWASAN PERINDUSTRIAN TAMPOI,81200 JOHOR BAHRU,JOHOR",2018-05-09,6.60,,UNIHAKKA INTERNATIONAL SDN BHD,retail,General Retail
dataset/temp_sroie/image/X51006913032.jpg,SROIE,UNIHAKKA INTERNATIONAL SDN BHD,"12, JALAN TAMPOI 7/4,KAWASAN PERINDUSTRIAN TAMPOI,81200 JOHOR BAHRU,JOHOR",2018-05-10,12.20,,UNIHAKKA INTERNATIONAL SDN BHD,retail,General Retail
dataset/temp_sroie/image/X51006913051.jpg,SROIE,THE TOAST F&B SDN BHD,LOT 2110&2111 JALAN PERMAS UTARA BANDAR BARU PERMAS 81750 JOHOR BAHRU JOHOR,2018-05-11,31.00,,THE TOAST F&B SDN BHD,retail,General Retail
dataset/temp_sroie/image/X51006913054.jpg,SROIE,DE LUXE CIRCLE FRESH MART SDN BHD,"NO. 89&91, JALAN UTAMA, TAMAN MUTIA RINI, 81300 SKUDAI, JOHOR.",2018-05-12,12.00,,DE LUXE CIRCLE FRESH MART SDN BHD,retail,Supermarket / Grocery
dataset/temp_sroie/image/X51006913055.jpg,SROIE,VERBENA CONFECTIONERY SDN BHD,"1, JALAN SUTERA TANJUNG 8/4, TMN SUTERA UTAMA, 81300 SKUDAI, JB.",2018-05-12,75.70,,VERBENA CONFECTIONERY SDN BHD,retail,General Retail
dataset/temp_sroie/image/X51006913059.jpg,SROIE,UNIHAKKA INTERNATIONAL SDN BHD,"12, JALAN TAMPOI 7/4,KAWASAN PERINDUSTRIAN TAMPOI,81200 JOHOR BAHRU,JOHOR",2018-05-22,11.40,,UNIHAKKA INTERNATIONAL SDN BHD,retail,General Retail
dataset/temp_sroie/image/X51006913060.jpg,SROIE,UNIHAKKA INTERNATIONAL SDN BHD,"2, JALAN TAMPOI 7/4,KAWASAN PERINDUSTRIAN TAMPOI,81200 JOHOR BAHRU,JOHOR",2018-05-21,8.20,,UNIHAKKA INTERNATIONAL SDN BHD,retail,General Retail
dataset/temp_sroie/image/X51006913061.jpg,SROIE,UNIHAKKA INTERNATIONAL SDN BHD,"12, JALAN TAMPOI 7/4,KAWASAN PERINDUSTRIAN TAMPOI,81200 JOHOR BAHRU,JOHOR",2018-05-23,9.20,,UNIHAKKA INTERNATIONAL SDN BHD,retail,General Retail
dataset/temp_sroie/image/X51006913068.jpg,SROIE,GERBANG ALAF RESTAURANTS SDN BHD,"LEVEL 6, BANGUNAN TH, DAMANSARA UPTOWN3 NO.3, JALAN SS21/39,47400 PETA ING JAYA SELANGOR",2018-05-25,11.10,,GERBANG ALAF RESTAURANTS SDN BHD,retail,Food & Beverage
dataset/temp_sroie/image/X51006913070.jpg,SROIE,UNIHAKKA INTERNATIONAL SDN BHD,"12, JALAN TAMPOI 7/4,KAWASAN PERINDUSTRIAN TAMPOI,81200 JOHOR BAHRU,JOHOR",2018-05-24,8.40,,UNIHAKKA INTERNATIONAL SDN BHD,retail,General Retail
dataset/temp_sroie/image/X51006913073.jpg,SROIE,UNIHAKKA INTERNATIONAL SDN BHD,"12, JALAN TAMPOI 7/4,KAWASAN PERINDUSTRIAN TAMPOI,81200 JOHOR BAHRU,JOHOR",2018-05-27,10.70,,UNIHAKKA INTERNATIONAL SDN BHD,retail,General Retail
dataset/temp_sroie/image/X51006913074.jpg,SROIE,DOMINO'S PIZZA TAMAN UNIVERSITI,"30, JLN KEBUDAYAAN 7, TMN UNIVERSITI 81300 SKUDAI, JOHOR",2018-05-08,6.70,,DOMINO'S PIZZA TAMAN UNIVERSITI,retail,Food & Beverage
dataset/temp_sroie/image/X51007103578.jpg,SROIE,MR. D.I.Y. (M) SDN BHD,"LOT 1851-A & 1851-B, JALAN KPB 6, KAWASAN PERINDUSTRIAN BALAKONG, 43300 SERI KEMBANGAN, SELANGOR",,31.20,,MR. D.I.Y. (M) SDN BHD,retail,General Retail
dataset/temp_sroie/image/X51007103597.jpg,SROIE,GOLDEN KEY MAKER,"NO 5, JALAN KENARI 2, BANDAR PUCHONG JAYA, 47100 PUCHONG, SELANGOR",,10.00,,GOLDEN KEY MAKER,retail,General Retail
dataset/temp_sroie/image/X51007103599.jpg,SROIE,MR. D.I.Y. (M) SDN BHD,"LOT 1851-A & 1851-B, JALAN KPB 6, KAWASAN PERINDUSTRIAN BALAKONG, 43300 SERI KEMBANGAN, SELANGOR",,9.00,,MR. D.I.Y. (M) SDN BHD,retail,General Retail
dataset/temp_sroie/image/X51007103610.jpg,SROIE,MR. D.I.Y. (M) SDN BHD,"LOT 1851-A & 1851-B, JALAN KPB 6, KAWASAN PERINDUSTRIAN BALAKONG, 43300 SERI KEMBANGAN, SELANGOR",,5.00,,MR. D.I.Y. (M) SDN BHD,retail,General Retail
dataset/temp_sroie/image/X51007103639.jpg,SROIE,MR. D.I.Y. (M) SDN BHD,"LOT 1851-A & 1851-B, JALAN KPB 6, KAWASAN PERINDUSTRIAN BALAKONG, 43300 SERI KEMBANGAN, SELANGOR",,15.40,,MR. D.I.Y. (M) SDN BHD,retail,General Retail
dataset/temp_sroie/image/X51007103641.jpg,SROIE,MR. D.I.Y. (M) SDN BHD,"LOT 1851-A & 1851-B, JALAN KPB 6, KAWASAN PERINDUSTRIAN BALAKONG, 43300 SERI KEMBANGAN, SELANGOR",,34.80,,MR. D.I.Y. (M) SDN BHD,retail,General Retail
dataset/temp_sroie/image/X51007103643.jpg,SROIE,MR. D.I.Y. (M) SDN BHD,"LOT 1851-A & 1851-B, JALAN KPB 6, KAWASAN PERINDUSTRIAN BALAKONG, 43300 SERI KEMBANGAN, SELANGOR",,34.80,,MR. D.I.Y. (M) SDN BHD,retail,General Retail
dataset/temp_sroie/image/X51007103649.jpg,SROIE,MR. D.I.Y. (M) SDN BHD,"LOT 1851-A & 1851-B, JALAN KPB 6, KAWASAN PERINDUSTRIAN BALAKONG, 43300 SERI KEMBANGAN, SELANGOR",,48.90,,MR. D.I.Y. (M) SDN BHD,retail,General Retail
dataset/temp_sroie/image/X51007103668.jpg,SROIE,MR. D.I.Y. (M) SDN BHD,"LOT 1851-A & 1851-B, JALAN KPB 6, KAWASAN PERINDUSTRIAN BALAKONG, 43300 SERI KEMBANGAN, SELANGOR",,27.20,,MR. D.I.Y. (M) SDN BHD,retail,General Retail
dataset/temp_sroie/image/X51007103675.jpg,SROIE,MR. D.I.Y. (M) SDN BHD,"LOT 1851-A & 1851-B, JALAN KPB 6, KAWASAN PERINDUSTRIAN BALAKONG, 43300 SERI KEMBANGAN, SELANGOR",,48.10,,MR. D.I.Y. (M) SDN BHD,retail,General Retail
dataset/temp_sroie/image/X51007103681.jpg,SROIE,MR. D.I.Y. (M) SDN BHD,"LOT 1851-A & 1851-B, JALAN KPB 6, KAWASAN PERINDUSTRIAN BALAKONG, 43300 SERI KEMBANGAN, SELANGOR",,2.10,,MR. D.I.Y. (M) SDN BHD,retail,General Retail
dataset/temp_sroie/image/X51007103687.jpg,SROIE,MR. D.I.Y. (M) SDN BHD,"LOT 1851-A & 1851-B, JALAN KPB 6, KAWASAN PERINDUSTRIAN BALAKONG, 43300 SERI KEMBANGAN, SELANGOR",,1.90,,MR. D.I.Y. (M) SDN BHD,retail,General Retail
dataset/temp_sroie/image/X51007103688.jpg,SROIE,MR. D.I.Y. (M) SDN BHD,"LOT 1851-A & 1851-B, JALAN KPB 6, KAWASAN PERINDUSTRIAN BALAKONG, 43300 SERI KEMBANGAN, SELANGOR",,38.00,,MR. D.I.Y. (M) SDN BHD,retail,General Retail
dataset/temp_sroie/image/X51007103691.jpg,SROIE,AEON CO. (M) BHD,"3RD FLR, AEON TAMAN MALURI SC JLN JEJAKA, TAMAN MALURI CHERAS, 55100 KUALA LUMPUR",2018-04-28,26.10,,AEON CO. (M) BHD,retail,General Retail
dataset/temp_sroie/image/X51007103692.jpg,SROIE,MR. D.I.Y. (M) SDN BHD,"LOT 1851-A & 1851-B, JALAN KPB 6, KAWASAN PERINDUSTRIAN BALAKONG, 43300 SERI KEMBANGAN, SELANGOR",,53.20,,MR. D.I.Y. (M) SDN BHD,retail,General Retail
dataset/temp_sroie/image/X51007103702.jpg,SROIE,MR. D.I.Y. (M) SDN BHD,"LOT 1851-A & 1851-B, JALAN KPB 6, KAWASAN PERINDUSTRIAN BALAKONG, 43300 SERI KEMBANGAN, SELANGOR",,5.00,,MR. D.I.Y. (M) SDN BHD,retail,General Retail
dataset/temp_sroie/image/X51007135037.jpg,SROIE,S&Y STATIONERY,"NO. 36G JALAN BULAN BM U5/BM, BANDAR PINGGIRAN SUBANG, SEKSYEN U5, 40150 SHAH ALAM, SELANGOR.",,72.00,,S&Y STATIONERY,retail,General Retail
dataset/temp_sroie/image/X51007135247.jpg,SROIE,99 SPEED MART S/B,"LOT P.T. 2811, JALAN ANGSA, TAMAN BERKELEY 41150 KLANG, SELANGOR",,37.45,,99 SPEED MART S/B,retail,Supermarket / Grocery
dataset/temp_sroie/image/X51007225398.jpg,SROIE,ENW HARDWARE CENTRE (M) SDN. BHD.,"NO: G3, BLK G, JLN PJU 1A/3, ARA DAMANSARA, 47301 PETALING JAYA, SELANGOR DARUL EHSAN.",2018-04-13,27.00,,ENW HARDWARE CENTRE (M) SDN. BHD.,retail,General Retail
dataset/temp_sroie/image/X51007225399.jpg,SROIE,ENW HARDWARE CENTRE (M) SDN. BHD.,"NO: G3, BLK G, JLN PJU 1A/3, ARA DAMANSARA, 47301 PETALING JAYA, SELANGOR DARUL EHSAN.",2018-04-14,156.00,,ENW HARDWARE CENTRE (M) SDN. BHD.,retail,General Retail
dataset/temp_sroie/image/X51007225406.jpg,SROIE,UNIPHARM PHARMACY,"B12, JALAN SS 15/4D, 47500 SUBANG JAYA,",,24.90,,UNIPHARM PHARMACY,retail,General Retail
dataset/temp_sroie/image/X51007225417.jpg,SROIE,ENW HARDWARE CENTRE (M) SDN. BHD.,"NO: G3, BLK G, JLN PJU 1A/3, ARA DAMANSARA, 47301 PETALING JAYA, SELANGOR DARUL EHSAN.",2018-04-09,51.00,,ENW HARDWARE CENTRE (M) SDN. BHD.,retail,General Retail
dataset/temp_sroie/image/X51007225442.jpg,SROIE,MR. D.I.Y. (M) SDN BHD,"LOT 1851-A & 1851-B, JALAN KPB 6, KAWASAN PERINDUSTRIAN BALAKONG, 43300 SERI KEMBANGAN, SELANGOR",,23.00,,MR. D.I.Y. (M) SDN BHD,retail,General Retail
dataset/temp_sroie/image/X51007228448.jpg,SROIE,KFA SUPPLY,125A TINGKAT BAWAH PT 1961 JALAN MALINJA SITE B 45400 SEKINCHAN SELANGOR,2018-05-27,11.60,,KFA SUPPLY,retail,General Retail
dataset/temp_sroie/image/X51007231274.jpg,SROIE,UNIHAKKA INTERNATIONAL SDN BHD,"12, JALAN TAMPOI 7/4,KAWASAN PERINDUSTRIAN TAMPOI,81200 JOHOR BAHRU,JOHOR",2018-05-06,7.30,,UNIHAKKA INTERNATIONAL SDN BHD,retail,General Retail
dataset/temp_sroie/image/X51007231275.jpg,SROIE,UNIHAKKA INTERNATIONAL SDN BHD,"12, JALAN TAMPOI 7/4,KAWASAN PERINDUSTRIAN TAMPOI,81200 JOHOR BAHRU,JOHOR",2018-05-12,6.60,,UNIHAKKA INTERNATIONAL SDN BHD,retail,General Retail
dataset/temp_sroie/image/X51007231276.jpg,SROIE,UNIHAKKA INTERNATIONAL SDN BHD,"12, JALAN TAMPOI 7/4,KAWASAN PERINDUSTRIAN TAMPOI,81200 JOHOR BAHRU,JOHOR",2018-05-02,8.20,,UNIHAKKA INTERNATIONAL SDN BHD,retail,General Retail
dataset/temp_sroie/image/X51007231331.jpg,SROIE,UNIHAKKA INTERNATIONAL SDN BHD,"12, JALAN TAMPOI 7/4,KAWASAN PERINDUSTRIAN TAMPOI,81200 JOHOR BAHRU,JOHOR",2018-05-11,7.80,,UNIHAKKA INTERNATIONAL SDN BHD,retail,General Retail
dataset/temp_sroie/image/X51007231336.jpg,SROIE,UNIHAKKA INTERNATIONAL SDN BHD,"12, JALAN TAMPOI 7/4,KAWASAN PERINDUSTRIAN TAMPOI,81200 JOHOR BAHRU,JOHOR",2018-05-13,8.70,,UNIHAKKA INTERNATIONAL SDN BHD,retail,General Retail
dataset/temp_sroie/image/X51007231338.jpg,SROIE,DIMILIKI OLEH T PLUS F&B SDN. BHD.,"PARADIGM MALL LOT NO.: 4F-27 & 4FK-38, 4TH FLOOR",2018-05-11,9.45,,DIMILIKI OLEH T PLUS F&B SDN. BHD.,retail,General Retail
dataset/temp_sroie/image/X51007231341.jpg,SROIE,UNIHAKKA INTERNATIONAL SDN BHD,"12, JALAN TAMPOI 7/4,KAWASAN PERINDUSTRIAN TAMPOI,81200 JOHOR BAHRU,JOHOR",2018-05-03,8.20,,UNIHAKKA INTERNATIONAL SDN BHD,retail,General Retail
dataset/temp_sroie/image/X51007231343.jpg,SROIE,UNIHAKKA INTERNATIONAL SDN BHD,"12, JALAN TAMPOI 7/4,KAWASAN PERINDUSTRIAN TAMPOI,81200 JOHOR BAHRU,JOHOR",2018-05-04,6.60,,UNIHAKKA INTERNATIONAL SDN BHD,retail,General Retail
dataset/temp_sroie/image/X51007231344.jpg,SROIE,UNIHAKKA INTERNATIONAL SDN BHD,"12, JALAN TAMPOI 7/4,KAWASAN PERINDUSTRIAN TAMPOI,81200 JOHOR BAHRU,JOHOR",2018-05-05,11.20,,UNIHAKKA INTERNATIONAL SDN BHD,retail,General Retail
dataset/temp_sroie/image/X51007231346.jpg,SROIE,DE JELITA STESEN MINYAK,"JLN PERMAS 9/5, BDR PERMAS JAYA 81750, JOHOR BAHRU",2018-05-02,60.00,,DE JELITA STESEN MINYAK,retail,General Retail
dataset/temp_sroie/image/X51007231361.jpg,SROIE,DIMILIKI OLEH : DOVE HOLDINGS SDN BHD,"LOT S25, AEON TEBRAU CITY JUSCO NO 1, JLN DESA TEBRAU, TMN DESA TEBRAU, 81100 JOHOR BAHRU, JOHOR",2018-05-26,164.80,,DIMILIKI OLEH : DOVE HOLDINGS SDN BHD,retail,General Retail
dataset/temp_sroie/image/X51007231364.jpg,SROIE,GERBANG ALAF RESTAURANTS SDN BHD,"LEVEL 6, BANGUNAN TH, DAMANSARA UPTOWN3 NO.3, JALAN SS21/39,47400 PETALING JAYA SELANGOR",2018-05-26,32.25,,GERBANG ALAF RESTAURANTS SDN BHD,retail,Food & Beverage
dataset/temp_sroie/image/X51007231365.jpg,SROIE,OLD TOWN KOPITIAM SDN BHD,"NO,35, JALAN KEBUDAYAAN 8, TAMAN UNIVERSITY,81300 SKUDAI, JOHOR",,28.50,,OLD TOWN KOPITIAM SDN BHD,retail,Food & Beverage
dataset/temp_sroie/image/X51007231370.jpg,SROIE,THE MARCO POLO KITCH BUKIT INDAH,"NO 35,JALAN INDAH 15/2,BUKIT INDAH 81200 JOHOR BAHRU,JOHOR",2018-05-06,15.15,,THE MARCO POLO KITCH BUKIT INDAH,retail,General Retail
dataset/temp_sroie/image/X51007231372.jpg,SROIE,GLOBAL FOOD EMPIRE SDN BHD,"NO. 27, JALAN AUSTIN HEIGHT 8/4, TAMAN MOUNT AUSTIN, 81100 JOHOR BAHRU.",2018-05-01,38.35,,GLOBAL FOOD EMPIRE SDN BHD,retail,Food & Beverage
dataset/temp_sroie/image/X51007231374.jpg,SROIE,WARAKUYA PERMAS CITY SDN BHD,"JALAN PERMAS UTARA 1, PERMAS JAYA 81750 MASAI JOHOR",2018-05-07,24.40,,WARAKUYA PERMAS CITY SDN BHD,retail,General Retail
dataset/temp_sroie/image/X51007262315.jpg,SROIE,GERBANG ALAF RESTAURANTS SDN BHD,"LEVEL 6, BANGUNAN TH, DAMANSARA UPTOWN3 NO.3, JALAN SS21/39,47400 PETALING JAYA SELANGOR",2018-05-21,70.30,,GERBANG ALAF RESTAURANTS SDN BHD,retail,Food & Beverage
dataset/temp_sroie/image/X51007262328.jpg,SROIE,FARMASI LIGAMAS,"NO. 47, JALAN MERANTI 1A, BANDAR BARU UTAMA, 44300 BATANG KALI, SELANGOR.",2018-05-20,25.00,,FARMASI LIGAMAS,retail,General Retail
dataset/temp_sroie/image/X51007262330.jpg,SROIE,SWC ENTERPRISE SDN BHD,"5-7, JALAN MAHAGONI 7/1 SEKSYEN 4, BANDAR UTAMA, 44300 BATANG KALI, SELANGOR",2018-03-23,41.20,,SWC ENTERPRISE SDN BHD,retail,General Retail
dataset/temp_sroie/image/X51007339094.jpg,SROIE,SANYU STATIONERY SHOP,"NO. 31G&33G, JALAN SETIA INDAH X ,U13/X 40170 SETIA ALAM",2017-05-22,35.00,,SANYU STATIONERY SHOP,retail,General Retail
dataset/temp_sroie/image/X51007339095.jpg,SROIE,SANYU STATIONERY SHOP,"NO. 31G&33G, JALAN SETIA INDAH X ,U13/X 40170 SETIA ALAM",2017-09-05,14.90,,SANYU STATIONERY SHOP,retail,General Retail
dataset/temp_sroie/image/X51007339097.jpg,SROIE,SANYU STATIONERY SHOP,"NO. 31G&33G, JALAN SETIA INDAH X ,U13/X 40170 SETIA ALAM",2017-04-10,8.70,,SANYU STATIONERY SHOP,retail,General Retail
dataset/temp_sroie/image/X51007339098.jpg,SROIE,SANYU STATIONERY SHOP,"NO. 31G&33G, JALAN SETIA INDAH X ,U13/X 40170 SETIA ALAM",2017-04-18,8.70,,SANYU STATIONERY SHOP,retail,General Retail
dataset/temp_sroie/image/X51007339100.jpg,SROIE,SANYU STATIONERY SHOP,"NO. 31G&33G, JALAN SETIA INDAH X ,U13/X 40170 SETIA ALAM",2017-04-18,3.00,,SANYU STATIONERY SHOP,retail,General Retail
dataset/temp_sroie/image/X51007339105.jpg,SROIE,SANYU STATIONERY SHOP,"NO. 31G&33G, JALAN SETIA INDAH X ,U13/X 40170 SETIA ALAM",2017-04-05,3.30,,SANYU STATIONERY SHOP,retail,General Retail
dataset/temp_sroie/image/X51007339106.jpg,SROIE,SANYU STATIONERY SHOP,"NO. 31G&33G, JALAN SETIA INDAH X ,U13/X 40170 SETIA ALAM",2017-05-07,43.70,,SANYU STATIONERY SHOP,retail,General Retail
dataset/temp_sroie/image/X51007339107.jpg,SROIE,SANYU STATIONERY SHOP,"NO. 31G&33G, JALAN SETIA INDAH X ,U13/X 40170 SETIA ALAM",2017-04-04,14.90,,SANYU STATIONERY SHOP,retail,General Retail
dataset/temp_sroie/image/X51007339109.jpg,SROIE,SANYU STATIONERY SHOP,"NO. 31G&33G, JALAN SETIA INDAH X ,U13/X 40170 SETIA ALAM",2017-03-27,8.70,,SANYU STATIONERY SHOP,retail,General Retail
dataset/temp_sroie/image/X51007339110.jpg,SROIE,SANYU STATIONERY SHOP,"NO. 31G&33G, JALAN SETIA INDAH X ,U13/X 40170 SETIA ALAM",2017-07-05,2.00,,SANYU STATIONERY SHOP,retail,General Retail
dataset/temp_sroie/image/X51007339111.jpg,SROIE,SANYU STATIONERY SHOP,"NO. 31G&33G, JALAN SETIA INDAH X ,U13/X 40170 SETIA ALAM",2017-08-12,3.00,,SANYU STATIONERY SHOP,retail,General Retail
dataset/temp_sroie/image/X51007339112.jpg,SROIE,SANYU STATIONERY SHOP,"NO. 31G&33G, JALAN SETIA INDAH X ,U13/X 40170 SETIA ALAM",2017-05-24,5.80,,SANYU STATIONERY SHOP,retail,General Retail
dataset/temp_sroie/image/X51007339113.jpg,SROIE,SANYU STATIONERY SHOP,"NO. 31G&33G, JALAN SETIA INDAH X ,U13/X 40170 SETIA ALAM",2017-07-24,5.80,,SANYU STATIONERY SHOP,retail,General Retail
dataset/temp_sroie/image/X51007339114.jpg,SROIE,SANYU STATIONERY SHOP,"NO. 31G&33G, JALAN SETIA INDAH X ,U13/X 40170 SETIA ALAM",2017-12-14,36.00,,SANYU STATIONERY SHOP,retail,General Retail
dataset/temp_sroie/image/X51007339115.jpg,SROIE,SANYU STATIONERY SHOP,"NO. 31G&33G, JALAN SETIA INDAH X ,U13/X 40170 SETIA ALAM",2017-10-31,3.90,,SANYU STATIONERY SHOP,retail,General Retail
dataset/temp_sroie/image/X51007339116.jpg,SROIE,SANYU STATIONERY SHOP,"NO. 31G&33G, JALAN SETIA INDAH X ,U13/X 40170 SETIA ALAM",2017-10-28,21.90,,SANYU STATIONERY SHOP,retail,General Retail
dataset/temp_sroie/image/X51007339117.jpg,SROIE,SANYU STATIONERY SHOP,"NO. 31G&33G, JALAN SETIA INDAH X ,U13/X 40170 SETIA ALAM",2017-11-01,33.50,,SANYU STATIONERY SHOP,retail,General Retail
dataset/temp_sroie/image/X51007339118.jpg,SROIE,SANYU STATIONERY SHOP,"NO. 31G&33G, JALAN SETIA INDAH X ,U13/X 40170 SETIA ALAM",2017-11-07,2.00,,SANYU STATIONERY SHOP,retail,General Retail
dataset/temp_sroie/image/X51007339119.jpg,SROIE,SANYU STATIONERY SHOP,"NO. 31G&33G, JALAN SETIA INDAH X ,U13/X 40170 SETIA ALAM",2017-11-17,2.00,,SANYU STATIONERY SHOP,retail,General Retail
dataset/temp_sroie/image/X51007339120.jpg,SROIE,SANYU STATIONERY SHOP,"NO. 31G&33G, JALAN SETIA INDAH X ,U13/X 40170 SETIA ALAM",2017-11-18,9.30,,SANYU STATIONERY SHOP,retail,General Retail
dataset/temp_sroie/image/X51007339121.jpg,SROIE,SANYU STATIONERY SHOP,"NO. 31G&33G, JALAN SETIA INDAH X ,U13/X 40170 SETIA ALAM",2017-09-12,8.70,,SANYU STATIONERY SHOP,retail,General Retail
dataset/temp_sroie/image/X51007339122.jpg,SROIE,SANYU STATIONERY SHOP,"NO. 31G&33G, JALAN SETIA INDAH X ,U13/X 40170 SETIA ALAM",2017-10-14,8.70,,SANYU STATIONERY SHOP,retail,General Retail
dataset/temp_sroie/image/X51007339125.jpg,SROIE,SANYU STATIONERY SHOP,"NO. 31G&33G, JALAN SETIA INDAH X ,U13/X 40170 SETIA ALAM",2017-09-24,8.70,,SANYU STATIONERY SHOP,retail,General Retail
dataset/temp_sroie/image/X51007339126.jpg,SROIE,SANYU STATIONERY SHOP,"NO. 31G&33G, JALAN SETIA INDAH X ,U13/X 40170 SETIA ALAM",2017-09-20,12.00,,SANYU STATIONERY SHOP,retail,General Retail
dataset/temp_sroie/image/X51007339127.jpg,SROIE,SANYU STATIONERY SHOP,"NO. 31G&33G, JALAN SETIA INDAH X ,U13/X 40170 SETIA ALAM",2017-10-24,3.00,,SANYU STATIONERY SHOP,retail,General Retail
dataset/temp_sroie/image/X51007339130.jpg,SROIE,SANYU STATIONERY SHOP,"NO. 31G&33G, JALAN SETIA INDAH X ,U13/X 40170 SETIA ALAM",2017-10-20,8.70,,SANYU STATIONERY SHOP,retail,General Retail
dataset/temp_sroie/image/X51007339131.jpg,SROIE,SANYU STATIONERY SHOP,"NO. 31G&33G, JALAN SETIA INDAH X ,U13/X 40170 SETIA ALAM",2017-09-18,12.40,,SANYU STATIONERY SHOP,retail,General Retail
dataset/temp_sroie/image/X51007339132.jpg,SROIE,SANYU STATIONERY SHOP,"NO. 31G&33G, JALAN SETIA INDAH X ,U13/X 40170 SETIA ALAM",2017-09-06,8.70,,SANYU STATIONERY SHOP,retail,General Retail
dataset/temp_sroie/image/X51007339133.jpg,SROIE,SANYU STATIONERY SHOP,"NO. 31G&33G, JALAN SETIA INDAH X ,U13/X 40170 SETIA ALAM",2017-10-27,8.70,,SANYU STATIONERY SHOP,retail,General Retail
dataset/temp_sroie/image/X51007339134.jpg,SROIE,SANYU STATIONERY SHOP,"NO. 31G&33G, JALAN SETIA INDAH X ,U13/X 40170 SETIA ALAM",2017-10-06,8.70,,SANYU STATIONERY SHOP,retail,General Retail
dataset/temp_sroie/image/X51007339135.jpg,SROIE,SANYU STATIONERY SHOP,"NO. 31G&33G, JALAN SETIA INDAH X ,U13/X 40170 SETIA ALAM",2017-11-06,8.70,,SANYU STATIONERY SHOP,retail,General Retail
dataset/temp_sroie/image/X51007339136.jpg,SROIE,SANYU STATIONERY SHOP,"NO. 31G&33G, JALAN SETIA INDAH X ,U13/X 40170 SETIA ALAM",2017-12-28,46.90,,SANYU STATIONERY SHOP,retail,General Retail
dataset/temp_sroie/image/X51007339139.jpg,SROIE,SANYU STATIONERY SHOP,"NO. 31G&33G, JALAN SETIA INDAH X ,U13/X 40170 SETIA ALAM",2017-03-21,10.00,,SANYU STATIONERY SHOP,retail,General Retail
dataset/temp_sroie/image/X51007339146.jpg,SROIE,SANYU STATIONERY SHOP,"NO. 31G&33G, JALAN SETIA INDAH X ,U13/X 40170 SETIA ALAM",2017-03-28,16.50,,SANYU STATIONERY SHOP,retail,General Retail
dataset/temp_sroie/image/X51007339150.jpg,SROIE,SANYU STATIONERY SHOP,"NO. 31G&33G, JALAN SETIA INDAH X ,U13/X 40170 SETIA ALAM",2017-07-18,35.00,,SANYU STATIONERY SHOP,retail,General Retail
dataset/temp_sroie/image/X51007339151.jpg,SROIE,SANYU STATIONERY SHOP,"NO. 31G&33G, JALAN SETIA INDAH X ,U13/X 40170 SETIA ALAM",2017-07-15,8.70,,SANYU STATIONERY SHOP,retail,General Retail
dataset/temp_sroie/image/X51007339152.jpg,SROIE,SANYU STATIONERY SHOP,"NO. 31G&33G, JALAN SETIA INDAH X ,U13/X 40170 SETIA ALAM",2017-07-06,4.50,,SANYU STATIONERY SHOP,retail,General Retail
dataset/temp_sroie/image/X51007339156.jpg,SROIE,SANYU STATIONERY SHOP,"NO. 31G&33G, JALAN SETIA INDAH X ,U13/X 40170 SETIA ALAM",2017-07-08,8.70,,SANYU STATIONERY SHOP,retail,General Retail
dataset/temp_sroie/image/X51007339157.jpg,SROIE,SANYU STATIONERY SHOP,"NO. 31G&33G, JALAN SETIA INDAH X ,U13/X 40170 SETIA ALAM",2017-07-19,5.00,,SANYU STATIONERY SHOP,retail,General Retail
dataset/temp_sroie/image/X51007339158.jpg,SROIE,SANYU STATIONERY SHOP,"NO. 31G&33G, JALAN SETIA INDAH X ,U13/X 40170 SETIA ALAM",2017-07-19,5.00,,SANYU STATIONERY SHOP,retail,General Retail
dataset/temp_sroie/image/X51007339159.jpg,SROIE,SANYU STATIONERY SHOP,"NO. 31G&33G, JALAN SETIA INDAH X ,U13/X 40170 SETIA ALAM",2017-12-16,8.70,,SANYU STATIONERY SHOP,retail,General Retail
dataset/temp_sroie/image/X51007339160.jpg,SROIE,SANYU STATIONERY SHOP,"NO. 31G&33G, JALAN SETIA INDAH X ,U13/X 40170 SETIA ALAM",2017-12-21,3.90,,SANYU STATIONERY SHOP,retail,General Retail
dataset/temp_sroie/image/X51007339161.jpg,SROIE,SANYU STATIONERY SHOP,"NO. 31G&33G, JALAN SETIA INDAH X ,U13/X 40170 SETIA ALAM",2017-11-29,2.30,,SANYU STATIONERY SHOP,retail,General Retail
dataset/temp_sroie/image/X51007339162.jpg,SROIE,SANYU STATIONERY SHOP,"NO. 31G&33G, JALAN SETIA INDAH X ,U13/X 40170 SETIA ALAM",2017-12-02,8.70,,SANYU STATIONERY SHOP,retail,General Retail
dataset/temp_sroie/image/X51007339163.jpg,SROIE,SANYU STATIONERY SHOP,"NO. 31G&33G, JALAN SETIA INDAH X ,U13/X 40170 SETIA ALAM",2017-11-23,10.90,,SANYU STATIONERY SHOP,retail,General Retail
dataset/temp_sroie/image/X51007339164.jpg,SROIE,SANYU STATIONERY SHOP,"NO. 31G&33G, JALAN SETIA INDAH X ,U13/X 40170 SETIA ALAM",2017-11-26,9.30,,SANYU STATIONERY SHOP,retail,General Retail
dataset/temp_sroie/image/X51007339165.jpg,SROIE,SANYU STATIONERY SHOP,"NO. 31G&33G, JALAN SETIA INDAH X ,U13/X 40170 SETIA ALAM",2017-11-29,33.60,,SANYU STATIONERY SHOP,retail,General Retail
dataset/temp_sroie/image/X51007339166.jpg,SROIE,SANYU STATIONERY SHOP,"NO. 31G&33G, JALAN SETIA INDAH X ,U13/X 40170 SETIA ALAM",2017-12-04,3.90,,SANYU STATIONERY SHOP,retail,General Retail
dataset/temp_sroie/image/X51007339167.jpg,SROIE,SANYU STATIONERY SHOP,"NO. 31G&33G, JALAN SETIA INDAH X ,U13/X 40170 SETIA ALAM",2017-12-11,7.00,,SANYU STATIONERY SHOP,retail,General Retail
dataset/temp_sroie/image/X51007339638.jpg,SROIE,AIK HUAT HARDWARE ENTERPRISE (SETIA ALAM) SDN BHD,"NO. 17-G, JALAN SETIA INDAH (X) U13/X, SETIA ALAM, SEKSYEN U13, 40170 SHAH ALAM,",2017-09-22,28.00,,AIK HUAT HARDWARE ENTERPRISE (SETIA ALAM) SDN BHD,retail,General Retail
dataset/temp_sroie/image/X51007339639.jpg,SROIE,AIK HUAT HARDWARE ENTERPRISE (SETIA ALAM) SDN BHD,"NO. 17-G, JALAN SETIA INDAH (X) U13/X, SETIA ALAM, SEKSYEN U13, 40170 SHAH ALAM,",2017-07-13,4.00,,AIK HUAT HARDWARE ENTERPRISE (SETIA ALAM) SDN BHD,retail,General Retail
dataset/temp_sroie/image/X51007339642.jpg,SROIE,AIK HUAT HARDWARE ENTERPRISE (SETIA ALAM) SDN BHD,"NO. 17-G, JALAN SETIA INDAH (X) U13/X, SETIA ALAM, SEKSYEN U13, 40170 SHAH ALAM,",2017-09-28,14.00,,AIK HUAT HARDWARE ENTERPRISE (SETIA ALAM) SDN BHD,retail,General Retail
dataset/temp_sroie/image/X51007339643.jpg,SROIE,AIK HUAT HARDWARE ENTERPRISE (SETIA ALAM) SDN BHD,"NO. 17-G, JALAN SETIA INDAH (X) U13/X, SETIA ALAM, SEKSYEN U13, 40170 SHAH ALAM,",2017-03-30,6.00,,AIK HUAT HARDWARE ENTERPRISE (SETIA ALAM) SDN BHD,retail,General Retail
dataset/temp_sroie/image/X51007339647.jpg,SROIE,AIK HUAT HARDWARE ENTERPRISE (SETIA ALAM) SDN BHD,"NO. 17-G, JALAN SETIA INDAH (X) U13/X, SETIA ALAM, SEKSYEN U13, 40170 SHAH ALAM,",2017-11-15,16.00,,AIK HUAT HARDWARE ENTERPRISE (SETIA ALAM) SDN BHD,retail,General Retail
dataset/temp_sroie/image/X51007339648.jpg,SROIE,AIK HUAT HARDWARE ENTERPRISE (SETIA ALAM) SDN BHD,"NO. 17-G, JALAN SETIA INDAH (X) U13/X, SETIA ALAM, SEKSYEN U13, 40170 SHAH ALAM,",2017-09-12,30.00,,AIK HUAT HARDWARE ENTERPRISE (SETIA ALAM) SDN BHD,retail,General Retail
dataset/temp_sroie/image/X51007339650.jpg,SROIE,AIK HUAT HARDWARE ENTERPRISE (SETIA ALAM) SDN BHD,"NO. 17-G, JALAN SETIA INDAH (X) U13/X, SETIA ALAM, SEKSYEN U13, 40170 SHAH ALAM,",2017-12-13,24.00,,AIK HUAT HARDWARE ENTERPRISE (SETIA ALAM) SDN BHD,retail,General Retail
dataset/temp_sroie/image/X51007339651.jpg,SROIE,AIK HUAT HARDWARE ENTERPRISE (SETIA ALAM) SDN BHD,"NO. 17-G, JALAN SETIA INDAH (X) U13/X, SETIA ALAM, SEKSYEN U13, 40170 SHAH ALAM,",2017-12-29,7.00,,AIK HUAT HARDWARE ENTERPRISE (SETIA ALAM) SDN BHD,retail,General Retail
dataset/temp_sroie/image/X51007339653.jpg,SROIE,AIK HUAT HARDWARE ENTERPRISE (SETIA ALAM) SDN BHD,"NO. 17-G, JALAN SETIA INDAH (X) U13/X, SETIA ALAM, SEKSYEN U13, 40170 SHAH ALAM,",2017-09-15,24.00,,AIK HUAT HARDWARE ENTERPRISE (SETIA ALAM) SDN BHD,retail,General Retail
dataset/temp_sroie/image/X51007339656.jpg,SROIE,AIK HUAT HARDWARE ENTERPRISE (SETIA ALAM) SDN BHD,"NO. 17-G, JALAN SETIA INDAH (X) U13/X, SETIA ALAM, SEKSYEN U13, 40170 SHAH ALAM,",2017-05-10,16.00,,AIK HUAT HARDWARE ENTERPRISE (SETIA ALAM) SDN BHD,retail,General Retail
dataset/temp_sroie/image/X51007339657.jpg,SROIE,AIK HUAT HARDWARE ENTERPRISE (SETIA ALAM) SDN BHD,"NO. 17-G, JALAN SETIA INDAH (X) U13/X, SETIA ALAM, SEKSYEN U13, 40170 SHAH ALAM,",2017-12-25,2.50,,AIK HUAT HARDWARE ENTERPRISE (SETIA ALAM) SDN BHD,retail,General Retail
dataset/temp_sroie/image/X51007339658.jpg,SROIE,AIK HUAT HARDWARE ENTERPRISE (SETIA ALAM) SDN BHD,"NO. 17-G, JALAN SETIA INDAH (X) U13/X, SETIA ALAM, SEKSYEN U13, 40170 SHAH ALAM,",2017-09-04,28.00,,AIK HUAT HARDWARE ENTERPRISE (SETIA ALAM) SDN BHD,retail,General Retail
dataset/temp_sroie/image/X51007391372.jpg,SROIE,FY EAGLE ENTERPRISE,"NO. 42, JALAN PBS 14/11, TAMAN PERINDUSTRIAN BUKIT SERDANG, 43300 SERI KEMBANGAN, SELANGOR",2018-05-24,52.00,,FY EAGLE ENTERPRISE,retail,General Retail
dataset/temp_sroie/image/X51007391390.jpg,SROIE,SUPER NINETY NINE SDN.BHD.,"NO.3343, GROUND FLOOR, JALAN 18/32, TAMAN SRI SERDANG, 43300 SERI KEMBANGAN,",2018-05-31,3.00,,SUPER NINETY NINE SDN.BHD.,retail,General Retail
dataset/temp_sroie/image/X51007419197.jpg,SROIE,MYNEWS RETAIL SB,"UNIT 105, BLOCK A,PUSAT DAGANGAN PHILEO DAMANSARA, NO.9, JALAN 16/11,,46350,PETALING JAYA,SELANGOR",2018-06-28,6.00,,MYNEWS RETAIL SB,retail,General Retail
dataset/temp_sroie/image/X51007433809.jpg,SROIE,SYARIKAT KAM LAI SEONG SDN BHD,"NO. 1442, JALAN SK 11/5, SERI KEMBANGAN 43300 SELANGOR",2018-03-08,190.00,,SYARIKAT KAM LAI SEONG SDN BHD,retail,General Retail
dataset/temp_sroie/image/X51007579714.jpg,SROIE,PELITA SAMUDRA PERTAMA (M) SDN BHD.,"NO.2-1,JALAN KAMARUDDIN ISA 31400 IPOH,PERAK DARUL RIDZUAN",2018-06-03,61.70,,PELITA SAMUDRA PERTAMA (M) SDN BHD.,retail,General Retail
dataset/temp_sroie/image/X51007579719.jpg,SROIE,SOUP & PORRIDGE,"LOT S10NB & S12NB, RESTORAN JEJANTAS SG. BULOH, ARAH UTARA, PLUS BERHAD.",2018-06-05,20.70,,SOUP & PORRIDGE,retail,General Retail
dataset/temp_sroie/image/X51007579725.jpg,SROIE,THONG RECIPE,"16G BLOCK B ,ZENITH CORPORATE PARK JALAN SS7/26, 47301 PETALING JAYA SELANGOR",2018-06-27,58.70,,THONG RECIPE,retail,General Retail
dataset/temp_sroie/image/X51007579726.jpg,SROIE,RAPID RAIL SDN BHD,"NO.1 JALAN PJU 1A/46, OFF JALAN LAPANGAN TERBANG SUBANG PETALING JAYA SELANGOR 47301",2018-06-18,30.00,,RAPID RAIL SDN BHD,retail,General Retail
dataset/temp_sroie/image/X51007843145.jpg,SROIE,ESJAY FUEL ENTERPRISE,"LOT PTD 101051 JALAN PERMAS 10/10 81750 MASAI, JOHOR",2018-06-30,50.00,,ESJAY FUEL ENTERPRISE,retail,General Retail
dataset/temp_sroie/image/X51007846266.jpg,SROIE,UNIHAKKA INTERNATIONAL SDN BHD,"12, JALAN TAMPOI 7/4,KAWASAN PERINDUSTRIAN TAMPOI,81200 JOHOR BAHRU,JOHOR",2018-06-01,8.75,,UNIHAKKA INTERNATIONAL SDN BHD,retail,General Retail
dataset/temp_sroie/image/X51007846268.jpg,SROIE,UNIHAKKA INTERNATIONAL SDN BHD,"12, JALAN TAMPOI 7/4,KAWASAN PERINDUSTRIAN TAMPOI,81200 JOHOR BAHRU,JOHOR",2018-06-02,10.35,,UNIHAKKA INTERNATIONAL SDN BHD,retail,General Retail
dataset/temp_sroie/image/X51007846269.jpg,SROIE,UNIHAKKA INTERNATIONAL SDN BHD,"12, JALAN TAMPOI 7/4,KAWASAN PERINDUSTRIAN TAMPOI,81200 JOHOR BAHRU,JOHOR",2018-06-04,7.70,,UNIHAKKA INTERNATIONAL SDN BHD,retail,General Retail
dataset/temp_sroie/image/X51007846270.jpg,SROIE,MOONLIGHT CAKE HOUSE SDN BHD,"NO.1, JALAN PERMAS 10/5, BANDAR BARU PERMAS JAYA 81750 JOHOR BAHRU, JOHOR.",2018-06-04,21.85,,MOONLIGHT CAKE HOUSE SDN BHD,retail,General Retail
dataset/temp_sroie/image/X51007846282.jpg,SROIE,MOONLIGHT CAKE HOUSE SDN BHD,"NO.1, JALAN PERMAS 10/5, BANDAR BARU PERMAS JAYA 81750 JOHOR BAHRU, JOHOR.",2018-06-02,16.20,,MOONLIGHT CAKE HOUSE SDN BHD,retail,General Retail
dataset/temp_sroie/image/X51007846283.jpg,SROIE,AEON CO. (M) BHD,"3RD FLR, AEON TAMAN MALURI SC JLN JEJAKA, TAMAN MALURI CHERAS, 55100 KUALA LUMPUR",2018-06-03,147.45,,AEON CO. (M) BHD,retail,General Retail
dataset/temp_sroie/image/X51007846286.jpg,SROIE,UNIHAKKA INTERNATIONAL SDN BHD,"12, JALAN TAMPOI 7/4,KAWASAN PERINDUSTRIAN TAMPOI,81200 JOHOR BAHRU,JOHOR",2018-06-09,7.70,,UNIHAKKA INTERNATIONAL SDN BHD,retail,General Retail
dataset/temp_sroie/image/X51007846288.jpg,SROIE,UNIHAKKA INTERNATIONAL SDN BHD,"12, JALAN TAMPOI 7/4,KAWASAN PERINDUSTRIAN TAMPOI,81200 JOHOR BAHRU,JOHOR",2018-06-06,7.25,,UNIHAKKA INTERNATIONAL SDN BHD,retail,General Retail
dataset/temp_sroie/image/X51007846289.jpg,SROIE,MOONLIGHT CAKE HOUSE SDN BHD,"NO.1, JALAN PERMAS 10/5, BANDAR BARU PERMAS JAYA 81750 JOHOR BAHRU, JOHOR.",2018-06-07,15.00,,MOONLIGHT CAKE HOUSE SDN BHD,retail,General Retail
dataset/temp_sroie/image/X51007846290.jpg,SROIE,UNIHAKKA INTERNATIONAL SDN BHD,"12, JALAN TAMPOI 7/4,KAWASAN PERINDUSTRIAN TAMPOI,81200 JOHOR BAHRU,JOHOR",2018-06-07,8.20,,UNIHAKKA INTERNATIONAL SDN BHD,retail,General Retail
dataset/temp_sroie/image/X51007846301.jpg,SROIE,UNIHAKKA INTERNATIONAL SDN BHD,"12, JALAN TAMPOI 7/4,KAWASAN PERINDUSTRIAN TAMPOI,81200 JOHOR BAHRU,JOHOR",2018-06-10,8.50,,UNIHAKKA INTERNATIONAL SDN BHD,retail,General Retail
dataset/temp_sroie/image/X51007846302.jpg,SROIE,MOONLIGHT CAKE HOUSE SDN BHD,"NO.1, JALAN PERMAS 10/5, BANDAR BARU PERMAS JAYA 81750 JOHOR BAHRU, JOHOR.",2018-06-09,15.40,,MOONLIGHT CAKE HOUSE SDN BHD,retail,General Retail
dataset/temp_sroie/image/X51007846303.jpg,SROIE,UNIHAKKA INTERNATIONAL SDN BHD,"12, JALAN TAMPOI 7/4,KAWASAN PERINDUSTRIAN TAMPOI,81200 JOHOR BAHRU,JOHOR",2018-06-08,6.70,,UNIHAKKA INTERNATIONAL SDN BHD,retail,General Retail
dataset/temp_sroie/image/X51007846304.jpg,SROIE,UNIHAKKA INTERNATIONAL SDN BHD,"12, JALAN TAMPOI 7/4,KAWASAN PERINDUSTRIAN TAMPOI,81200 JOHOR BAHRU,JOHOR",2018-06-05,7.50,,UNIHAKKA INTERNATIONAL SDN BHD,retail,General Retail
dataset/temp_sroie/image/X51007846305.jpg,SROIE,AEON CO. (M) BHD,"3RD FLR, AEON TAMAN MALURI SC JLN JEJAKA, TAMAN MALURI CHERAS, 55100 KUALA LUMPUR",2018-06-10,127.35,,AEON CO. (M) BHD,retail,General Retail
dataset/temp_sroie/image/X51007846307.jpg,SROIE,UNIHAKKA INTERNATIONAL SDN BHD,"12, JALAN TAMPOI 7/4,KAWASAN PERINDUSTRIAN TAMPOI,81200 JOHOR BAHRU,JOHOR",2018-06-12,7.70,,UNIHAKKA INTERNATIONAL SDN BHD,retail,General Retail
dataset/temp_sroie/image/X51007846309.jpg,SROIE,UNIHAKKA INTERNATIONAL SDN BHD,"12, JALAN TAMPOI 7/4,KAWASAN PERINDUSTRIAN TAMPOI,81200 JOHOR BAHRU,JOHOR",2018-06-11,6.00,,UNIHAKKA INTERNATIONAL SDN BHD,retail,General Retail
dataset/temp_sroie/image/X51007846310.jpg,SROIE,MOONLIGHT CAKE HOUSE SDN BHD,"NO.1, JALAN PERMAS 10/5, BANDAR BARU PERMAS JAYA 81750 JOHOR BAHRU, JOHOR.",2018-06-11,28.20,,MOONLIGHT CAKE HOUSE SDN BHD,retail,General Retail
dataset/temp_sroie/image/X51007846321.jpg,SROIE,CHEF HENRY RIBS HOUSE,"4, JALAN KEBUDAYAAN 1 TAMAN UNIVERSITI 81300, SKUDAI",2018-06-05,103.85,,CHEF HENRY RIBS HOUSE,retail,General Retail
dataset/temp_sroie/image/X51007846325.jpg,SROIE,DE LUXE CIRCLE FRESH MART SDN BHD,"NO.89&91, JALAN UTAMA, TAMAN MUTIA RINI, 81300 SKUDAI, JOHOR.",2018-06-02,25.85,,DE LUXE CIRCLE FRESH MART SDN BHD,retail,Supermarket / Grocery
dataset/temp_sroie/image/X51007846326.jpg,SROIE,LEMON TREE RESTAURANT JTJ FOODS SDN BHD,"NO 3, JALAN PERMAS 10/8, BANDAR BARU PERMAS JAYA, 81750 MASAI, JOHOR",2018-01-06,10.30,,LEMON TREE RESTAURANT JTJ FOODS SDN BHD,retail,Food & Beverage
dataset/temp_sroie/image/X51007846350.jpg,SROIE,PASARAYA CINWA SDN BHD,"NO.6,8, 10& 12 JALAN PERMAS 4/3 BANDAR BARU PERMAS JAYA, 81750 JOHOR BAHRU,JOHOR.",2018-06-15,14.20,,PASARAYA CINWA SDN BHD,retail,General Retail
dataset/temp_sroie/image/X51007846353.jpg,SROIE,THE TOAST F&B SDN BHD,LOT 2110&2111 JALAN PERMAS UTARA BANDAR BARU PERMAS 81750 JOHOR BAHRU JOHOR,2018-06-16,28.15,,THE TOAST F&B SDN BHD,retail,General Retail
dataset/temp_sroie/image/X51007846355.jpg,SROIE,AEON CO. (M) BHD,"3RD FLR, AEON TAMAN MALURI SC JLN JEJAKA, TAMAN MALURI CHERAS, 55100 KUALA LUMPUR",2018-06-17,8.95,,AEON CO. (M) BHD,retail,General Retail
dataset/temp_sroie/image/X51007846357.jpg,SROIE,KEDAI RUNCIT ZBH,"NO.17,JALAN PERMAS 1/7, BANDAR BARU PERMAS JAYA,81750,MASAI",2018-06-01,43.40,,KEDAI RUNCIT ZBH,retail,General Retail
dataset/temp_sroie/image/X51007846358.jpg,SROIE,EXQUISITE GARDEN SDN BHD,"LOT NO R134,GIANT HYPERMARKET PLENTONG NO3, JALAN MASAI LAMA 81750 MASAI. JAHOR BAHRU",,28.00,,EXQUISITE GARDEN SDN BHD,retail,General Retail
dataset/temp_sroie/image/X51007846360.jpg,SROIE,IKANO HANDEL SDN BHD,"NO. 33, JALAN HARMONIUM TAMAN DESA TEBRAU 81100 JOHOR BAHRU",2018-06-09,46.20,,IKANO HANDEL SDN BHD,retail,General Retail
dataset/temp_sroie/image/X51007846361.jpg,SROIE,118 MJ MOOKATA HOUSE,"NO.7G,JALAN PERMAS 11, BANDAR BARU PERMAS JAYA, 81750 MASAI, JOHOR.",2018-06-11,102.40,,118 MJ MOOKATA HOUSE,retail,General Retail
dataset/temp_sroie/image/X51007846366.jpg,SROIE,AEON CO. (M) BHD,"3RD FLR, AEON TAMAN MALURI SC JLN JEJAKA, TAMAN MALURI CHERAS, 55100 KUALA LUMPUR",2018-06-12,38.60,,AEON CO. (M) BHD,retail,General Retail
dataset/temp_sroie/image/X51007846368.jpg,SROIE,GRANDMA HOMES RESTAURANT,"NO.3 & 5, JALAN PERMAS 11, BANDAR BARU PERMAS JAYA, 81750 MASAI, JOHOR",2018-06-13,473.30,,GRANDMA HOMES RESTAURANT,retail,Food & Beverage
dataset/temp_sroie/image/X51007846370.jpg,SROIE,UNIHAKKA INTERNATIONAL SDN BHD,"12, JALAN TAMPOI 7/4,KAWASAN PERINDUSTRIAN TAMPOI,81200 JOHOR BAHRU, JOHOR",2018-06-16,7.70,,UNIHAKKA INTERNATIONAL SDN BHD,retail,General Retail
dataset/temp_sroie/image/X51007846371.jpg,SROIE,UNIHAKKA INTERNATIONAL SDN BHD,"12, JALAN TAMPOI 7/4,KAWASAN PERINDUSTRIAN TAMPOI,81200 JOHOR BAHRU, JOHOR",2018-06-13,8.85,,UNIHAKKA INTERNATIONAL SDN BHD,retail,General Retail
dataset/temp_sroie/image/X51007846372.jpg,SROIE,UNIHAKKA INTERNATIONAL SDN BHD,"12, JALAN TAMPOI 7/4,KAWASAN PERINDUSTRIAN TAMPOI,81200 JOHOR BAHRU, JOHOR",2018-06-14,10.15,,UNIHAKKA INTERNATIONAL SDN BHD,retail,General Retail
dataset/temp_sroie/image/X51007846379.jpg,SROIE,AEON CO. (M) BHD,"3RD FLR, AEON TAMAN MALURI SC JLN JEJAKA, TAMAN MALURI CHERAS, 55100 KUALA LUMPUR",2018-06-03,79.45,,AEON CO. (M) BHD,retail,General Retail
dataset/temp_sroie/image/X51007846387.jpg,SROIE,BOOK TALK (MUTIARA RINI) SDN BHD,"NO. 53 & 55, JALAN UTAMA 34, MUTIARA RINI, SKUDAI, JOHOR.",2018-06-21,9.30,,BOOK TALK (MUTIARA RINI) SDN BHD,retail,General Retail
dataset/temp_sroie/image/X51007846388.jpg,SROIE,UNIHAKKA INTERNATIONAL SDN BHD,"12, JALAN TAMPOI 7/4,KAWASAN PERINDUSTRIAN TAMPOI,81200 JOHOR BAHRU, JOHOR",2018-06-18,8.20,,UNIHAKKA INTERNATIONAL SDN BHD,retail,General Retail
dataset/temp_sroie/image/X51007846391.jpg,SROIE,UNIHAKKA INTERNATIONAL SDN BHD,"12, JALAN TAMPOI 7/4,KAWASAN PERINDUSTRIAN TAMPOI,81200 JOHOR BAHRU, JOHOR",2018-06-20,8.20,,UNIHAKKA INTERNATIONAL SDN BHD,retail,General Retail
dataset/temp_sroie/image/X51007846392.jpg,SROIE,UNIHAKKA INTERNATIONAL SDN BHD,"12, JALAN TAMPOI 7/4,KAWASAN PERINDUSTRIAN TAMPOI,81200 JOHOR BAHRU,JOHOR",2018-06-19,8.45,,UNIHAKKA INTERNATIONAL SDN BHD,retail,General Retail
dataset/temp_sroie/image/X51007846393.jpg,SROIE,MOONLIGHT CAKE HOUSE SDN BHD,"NO.1, JALAN PERMAS 10/5, BANDAR BARU PERMAS JAYA 81750 JOHOR BAHRU, JOHOR.",2018-06-20,14.20,,MOONLIGHT CAKE HOUSE SDN BHD,retail,General Retail
dataset/temp_sroie/image/X51007846395.jpg,SROIE,GERBANG ALAF RESTAURANTS SDN BHD,"LEVEL 6, BANGUNAN TH, DAMANSARA UPTOWN3 NO.3, JALAN SS21/39, 47400 PETALING JAYA SELANGOR",2018-06-24,12.80,,GERBANG ALAF RESTAURANTS SDN BHD,retail,Food & Beverage
dataset/temp_sroie/image/X51007846396.jpg,SROIE,GERBANG ALAF RESTAURANTS SDN BHD,"LEVEL 6, BANGUNAN TH, DAMANSARA UPTOWN3 NO.3, JALAN SS21/39, 47400 PETALING JAYA SELANGOR",2018-06-24,7.35,,GERBANG ALAF RESTAURANTS SDN BHD,retail,Food & Beverage
dataset/temp_sroie/image/X51007846397.jpg,SROIE,UNIHAKKA INTERANTIONAL SDN BHD,"12,JALAN TAMPOI 7/4,KAWASAN PERINDUSTRIAN TAMPOI,81200 JOHOR BAHRU, JOHOR",2018-06-21,7.70,,UNIHAKKA INTERANTIONAL SDN BHD,retail,General Retail
dataset/temp_sroie/image/X51007846398.jpg,SROIE,UNIHAKKA INTERNATIONAL SDN BHD,"12, JALAN TAMPOL 7/4,KAWASAN PERINDUSTRIAN TAMPOI,81200 JOHOR BAHRU,JOHOR",2018-06-22,8.50,,UNIHAKKA INTERNATIONAL SDN BHD,retail,General Retail
dataset/temp_sroie/image/X51007846400.jpg,SROIE,KOREAN DINE SDN BHD,"NO 4, JALAN PERMAS 10/5. BANDAR BARU PERMAS JAYA, 81750 JOHOR BAHRU, JOHOR.",2018-06-19,152.90,,KOREAN DINE SDN BHD,retail,General Retail
dataset/temp_sroie/image/X51007846403.jpg,SROIE,ROYALTEA,"NO.33,JALAN SELADANG TAMAN ABAD, 80250 JOHOR BAHRU, JOHOR ,MALAYSIA.",2018-06-02,13.10,,ROYALTEA,retail,Food & Beverage
dataset/temp_sroie/image/X51007846410.jpg,SROIE,IDEAL MENU GROUP SDN BHD,"31,31A, JALAN HANG TUAH 9, TAMAN SKUDAI BARU, 81300 SKUDAI, JOHOR",2018-06-10,12.00,,IDEAL MENU GROUP SDN BHD,retail,General Retail
dataset/temp_sroie/image/X51007846412.jpg,SROIE,LAVENDER CONFECTIONERY & BAKERY S/B,"LOT G29 & G30, AEON MALL TEBRAU CITY, NO. 1, JALAN DESA TEBRAU, TAMAN DESA TEBRAU, 81100 JOHOR BAHRU.",2018-06-17,26.50,,LAVENDER CONFECTIONERY & BAKERY S/B,retail,Food & Beverage
dataset/temp_sroie/image/X51007846451.jpg,SROIE,PASIR EMAS HARDWARE SDN BHD,"NO 69, JALAN PENGKALAN 5, TAMAN PASIR EMAS, KG PASIR PUTIH, 81700 PASIR GUDANG, JOHOR.",2018-06-23,36.00,,PASIR EMAS HARDWARE SDN BHD,retail,General Retail
dataset/temp_sroie/image/X51008030560.jpg,SROIE,RESTORAN DE COFFEE O,"NO 33, 35, G F ,JALAN TEMENGGUNG 3/9, BANDAR MAHKOTA CHERAS, 43200 CHERAS, SELANGOR",2018-04-03,11.60,,RESTORAN DE COFFEE O,retail,Food & Beverage
dataset/temp_sroie/image/X51008030561.jpg,SROIE,RESTORAN WAN SHENG,"NO.2, JALAN TEMENGGUNG 19/9, SEKSYEN 9, BANDAR MAHKOTA CHERAS, 43200 CHERAS, SELANGOR",2018-04-09,17.60,,RESTORAN WAN SHENG,retail,Food & Beverage
dataset/temp_sroie/image/X51008030563.jpg,SROIE,RESTORAN WAN SHENG,"NO.2, JALAN TEMENGGUNG 19/9, SEKSYEN 9, BANDAR MAHKOTA CHERAS, 43200 CHERAS, SELANGOR",2018-04-02,6.00,,RESTORAN WAN SHENG,retail,Food & Beverage
dataset/temp_sroie/image/X51008030565.jpg,SROIE,RESTORAN WAN SHENG,"NO.2, JALAN TEMENGGUNG 19/9, SEKSYEN 9, BANDAR MAHKOTA CHERAS, 43200 CHERAS, SELANGOR",2018-04-04,7.80,,RESTORAN WAN SHENG,retail,Food & Beverage
dataset/temp_sroie/image/X51008030566.jpg,SROIE,RESTORAN WAN SHENG,"NO.2, JALAN TEMENGGUNG 19/9, SEKSYEN 9, BANDAR MAHKOTA CHERAS, 43200 CHERAS, SELANGOR",2018-04-09,8.60,,RESTORAN WAN SHENG,retail,Food & Beverage
dataset/temp_sroie/image/X51008042777.jpg,SROIE,RESTORAN WAN SHENG,"NO.2, JALAN TEMENGGUNG 19/9, SEKSYEN 9, BANDAR MAHKOTA CHERAS, 43200 CHERAS, SELANGOR",2018-05-26,4.80,,RESTORAN WAN SHENG,retail,Food & Beverage
dataset/temp_sroie/image/X51008042778.jpg,SROIE,RESTORAN WAN SHENG,"NO.2, JALAN TEMENGGUNG 19/9, SEKSYEN 9, BANDAR MAHKOTA CHERAS, 43200 CHERAS, SELANGOR",2018-05-05,19.40,,RESTORAN WAN SHENG,retail,Food & Beverage
dataset/temp_sroie/image/X51008042779.jpg,SROIE,RESTORAN WAN SHENG,"NO.2, JALAN TEMENGGUNG 19/9, SEKSYEN 9, BANDAR MAHKOTA CHERAS, 43200 CHERAS, SELANGOR",2018-05-05,7.60,,RESTORAN WAN SHENG,retail,Food & Beverage
dataset/temp_sroie/image/X51008042780.jpg,SROIE,RESTORAN WAN SHENG,"NO.2, JALAN TEMENGGUNG 19/9, SEKSYEN 9, BANDAR MAHKOTA CHERAS, 43200 CHERAS, SELANGOR",2018-05-10,7.20,,RESTORAN WAN SHENG,retail,Food & Beverage
dataset/temp_sroie/image/X51008042781.jpg,SROIE,RESTORAN WAN SHENG,"NO.2, JALAN TEMENGGUNG 19/9, SEKSYEN 9, BANDAR MAHKOTA CHERAS, 43200 CHERAS, SELANGOR",2018-05-11,1.90,,RESTORAN WAN SHENG,retail,Food & Beverage
dataset/temp_sroie/image/X51008042782.jpg,SROIE,RESTORAN WAN SHENG,"NO.2, JALAN TEMENGGUNG 19/9, SEKSYEN 9, BANDAR MAHKOTA CHERAS, 43200 CHERAS, SELANGOR",2018-04-02,6.70,,RESTORAN WAN SHENG,retail,Food & Beverage
dataset/temp_sroie/image/X51008042783.jpg,SROIE,GERBANG ALAF RESTAURANTS SDN BHD,"LEVEL 6, BANGUNAN TH, DAMANSARA UPTOWN3 NO.3, JALAN SS21/39,47400 PETALING JAYA SELANGOR",2018-05-11,18.90,,GERBANG ALAF RESTAURANTS SDN BHD,retail,Food & Beverage
dataset/temp_sroie/image/X51008042786.jpg,SROIE,GERBANG ALAF RESTAURANTS SDN BHD,"LEVEL 6, BANGUNAN TH, DAMANSARA UPTOWN3 NO.3 , JALAN SS21/39,47400 PETALING JAYA SELANGOR",2018-05-30,19.00,,GERBANG ALAF RESTAURANTS SDN BHD,retail,Food & Beverage
dataset/temp_sroie/image/X51008042787.jpg,SROIE,VEG FISH FARM THAI RESTAURANT S/B,"KM 4, JLN AMPANG, HULU LANGAT, 68000 AMAPNG, SELANGOR.",2018-05-01,412.90,,VEG FISH FARM THAI RESTAURANT S/B,retail,Food & Beverage
dataset/temp_sroie/image/X51008042791.jpg,SROIE,RESTORAN WAN SHENG,"NO.2, JALAN TEMENGGUNG 19/9, SEKSYEN 9, BANDAR MAHKOTA CHERAS, 43200 CHERAS, SELANGOR",2018-05-06,2.40,,RESTORAN WAN SHENG,retail,Food & Beverage
dataset/temp_sroie/image/X51008042792.jpg,SROIE,RESTORAN WAN SHENG,"NO.2, JALAN TEMENGGUNG 19/9, SEKSYEN 9, BANDAR MAHKOTA CHERAS, 43200 CHERAS, SELANGOR",2018-05-06,5.00,,RESTORAN WAN SHENG,retail,Food & Beverage
dataset/temp_sroie/image/X51008042793.jpg,SROIE,SANG KEE CHERAS RESTAURANT,"69, JALAN TEMENGGUNG 3/9 BANDAR MAHKOTA CHERAS 43200 CHERAS SELANGOR",2018-05-03,2.50,,SANG KEE CHERAS RESTAURANT,retail,Food & Beverage
dataset/temp_sroie/image/X51008063849.jpg,SROIE,MR. D.I.Y. (M) SDN BHD,"LOT 1851-A & 1851-B, JALAN KPB 6, KAWASAN PERINDUSTRIAN BALAKONG, 43300 SERI KEMBANGAN, SELANGOR",,2.70,,MR. D.I.Y. (M) SDN BHD,retail,General Retail
dataset/temp_sroie/image/X51008064061.jpg,SROIE,MR. D.I.Y. (M) SDN BHD,"LOT 1851-A & 1851-B, JALAN KPB 6, KAWASAN PERINDUSTRIAN BALAKONG, 43300 SERI KEMBANGAN, SELANGOR",,69.20,,MR. D.I.Y. (M) SDN BHD,retail,General Retail
dataset/temp_sroie/image/X51008099041.jpg,SROIE,RESTORAN WAN SHENG,"NO.2, JALAN TEMENGGUNG 19/9, SEKSYEN 9, BANDAR MAHKOTA CHERAS, 43200 CHERAS, SELANGOR",2018-06-30,4.20,,RESTORAN WAN SHENG,retail,Food & Beverage
dataset/temp_sroie/image/X51008099043.jpg,SROIE,RESTORAN WAN SHENG,"NO.2, JALAN TEMENGGUNG 19/9, SEKSYEN 9, BANDAR MAHKOTA CHERAS, 43200 CHERAS, SELANGOR",2018-06-23,4.60,,RESTORAN WAN SHENG,retail,Food & Beverage
dataset/temp_sroie/image/X51008099044.jpg,SROIE,RESTORAN WAN SHENG,"NO.2, JALAN TEMENGGUNG 19/9, SEKSYEN 9, BANDAR MAHKOTA CHERAS, 43200 CHERAS, SELANGOR",2018-06-18,6.50,,RESTORAN WAN SHENG,retail,Food & Beverage
dataset/temp_sroie/image/X51008099046.jpg,SROIE,RESTORAN WAN SHENG,"NO.2, JALAN TEMENGGUNG 19/9, SEKSYEN 9, BANDAR MAHKOTA CHERAS, 43200 CHERAS, SELANGOR",2018-06-12,4.60,,RESTORAN WAN SHENG,retail,Food & Beverage
dataset/temp_sroie/image/X51008099047.jpg,SROIE,RESTORAN WAN SHENG,"NO.2, JALAN TEMENGGUNG 19/9, SEKSYEN 9, BANDAR MAHKOTA CHERAS, 43200 CHERAS, SELANGOR",2018-06-21,4.60,,RESTORAN WAN SHENG,retail,Food & Beverage
dataset/temp_sroie/image/X51008099048.jpg,SROIE,RESTORAN WAN SHENG,"NO.2, JALAN TEMENGGUNG 19/9, SEKSYEN 9, BANDAR MAHKOTA CHERAS, 43200 CHERAS, SELANGOR",2018-06-09,4.80,,RESTORAN WAN SHENG,retail,Food & Beverage
dataset/temp_sroie/image/X51008099049.jpg,SROIE,PAPPARICH BMC,"NO.19 & 21 JALAN TEMENGGUNG 23/9 BANDAR MAHKOTA CHERAS 43200 SELANGOR DARUL EHSAN, MALAYSIA",,17.22,,PAPPARICH BMC,retail,General Retail
dataset/temp_sroie/image/X51008099054.jpg,SROIE,10 GRAM GOURMET SBN BHD,"NO 3, JALAN TEMENGGUNG 27/9 BANDAR MAHKOTA CHERAS, 43200 SELANGOR.",2018-06-11,15.00,,10 GRAM GOURMET SBN BHD,retail,General Retail
dataset/temp_sroie/image/X51008099071.jpg,SROIE,LEONG HENG SHELL SERVICE STATION,"LOT 26151 BANDAR SG LONG, 11 1/4 MILES CHERAS, 43000 KAJANG, SELANGOR",2018-06-20,50.00,,LEONG HENG SHELL SERVICE STATION,retail,General Retail
dataset/temp_sroie/image/X51008099073.jpg,SROIE,PROSPER NIAGA,"LOT PT 1138 ,PT 33122, BANDAR MAHKOTA CHERAS 43200 CHERAS, SELANGOR",2018-06-26,100.00,,PROSPER NIAGA,retail,General Retail
dataset/temp_sroie/image/X51008099081.jpg,SROIE,RESTORAN WAN SHENG,"NO.2, JALAN TEMENGGUNG 19/9, SEKSYEN 9, BANDAR MAHKOTA CHERAS, 43200 CHERAS, SELANGOR",2018-06-01,4.80,,RESTORAN WAN SHENG,retail,Food & Beverage
dataset/temp_sroie/image/X51008099083.jpg,SROIE,RESTORAN WAN SHENG,"NO.2, JALAN TEMENGGUNG 19/9, SEKSYEN 9, BANDAR MAHKOTA CHERAS, 43200 CHERAS, SELANGOR",2018-06-04,6.70,,RESTORAN WAN SHENG,retail,Food & Beverage
dataset/temp_sroie/image/X51008099084.jpg,SROIE,RESTORAN WAN SHENG,"NO.2, JALAN TEMENGGUNG 19/9, SEKSYEN 9, BANDAR MAHKOTA CHERAS, 43200 CHERAS, SELANGOR",2018-06-26,4.60,,RESTORAN WAN SHENG,retail,Food & Beverage
dataset/temp_sroie/image/X51008099085.jpg,SROIE,RESTORAN WAN SHENG,"NO.2, JALAN TEMENGGUNG 19/9, SEKSYEN 9, BANDAR MAHKOTA CHERAS, 43200 CHERAS, SELANGOR",2018-06-26,4.10,,RESTORAN WAN SHENG,retail,Food & Beverage
dataset/temp_sroie/image/X51008099086.jpg,SROIE,RESTORAN WAN SHENG,"NO.2, JALAN TEMENGGUNG 19/9, SEKSYEN 9, BANDAR MAHKOTA CHERAS, 43200 CHERAS, SELANGOR",2018-06-29,7.20,,RESTORAN WAN SHENG,retail,Food & Beverage
dataset/temp_sroie/image/X51008099087.jpg,SROIE,RESTORAN WAN SHENG,"NO.2, JALAN TEMENGGUNG 19/9, SEKSYEN 9, BANDAR MAHKOTA CHERAS, 43200 CHERAS, SELANGOR",2018-06-11,7.80,,RESTORAN WAN SHENG,retail,Food & Beverage
dataset/temp_sroie/image/X51008099088.jpg,SROIE,RESTORAN WAN SHENG,"NO.2, JALAN TEMENGGUNG 19/9, SEKSYEN 9, BANDAR MAHKOTA CHERAS, 43200 CHERAS, SELANGOR",2018-06-27,2.30,,RESTORAN WAN SHENG,retail,Food & Beverage
dataset/temp_sroie/image/X51008099089.jpg,SROIE,RESTORAN WAN SHENG,"NO.2, JALAN TEMENGGUNG 19/9, SEKSYEN 9, BANDAR MAHKOTA CHERAS, 43200 CHERAS, SELANGOR",2018-06-20,9.60,,RESTORAN WAN SHENG,retail,Food & Beverage
dataset/temp_sroie/image/X51008099090.jpg,SROIE,RESTORAN WAN SHENG,"NO.2, JALAN TEMENGGUNG 19/9, SEKSYEN 9, BANDAR MAHKOTA CHERAS, 43200 CHERAS, SELANGOR",2018-06-01,4.80,,RESTORAN WAN SHENG,retail,Food & Beverage
dataset/temp_sroie/image/X51008099100.jpg,SROIE,PAPPARICH BMC,"NO.19 & 21 JALAN TEMENGGUNG 23/9 BANDAR MAHKOTA CHERAS 43200 SELANGOR DARUL EHSAN, MALAYSIA",,46.90,,PAPPARICH BMC,retail,General Retail
dataset/temp_sroie/image/X51008099102.jpg,SROIE,MIZU MENTAI SDN. BHD.,"NO: 1-1&2 GROUND FLOOR, JLN TEMENGGUNG 13/9, 43200 CHERAS SELANGOR.",2018-06-04,68.00,,MIZU MENTAI SDN. BHD.,retail,General Retail
dataset/temp_sroie/image/X51008114216.jpg,SROIE,MR. D.I.Y. (KUCHAI) SDN BHD,"LOT 1851-A & 1851-B, JALAN KPB 6, KAWASAN PERINDUSTRIAN BALAKONG, 43300 SERI KEMBANGAN, SELANGOR",,8.95,,MR. D.I.Y. (KUCHAI) SDN BHD,retail,General Retail
dataset/temp_sroie/image/X51008114217.jpg,SROIE,MR. D.I.Y. (KUCHAI) SDN BHD,"LOT 1851-A & 1851-B, JALAN KPB 6, KAWASAN PERINDUSTRIAN BALAKONG, 43300 SERI KEMBANGAN, SELANGOR",,27.25,,MR. D.I.Y. (KUCHAI) SDN BHD,retail,General Retail
dataset/temp_sroie/image/X51008114260.jpg,SROIE,99 SPEED MART S/B,"LOT P.T. 2811, JALAN ANGSA, TAMAN BERKELEY 41150 KLANG, SELANGOR 1237-TMN INDAH PERDANA",,23.60,,99 SPEED MART S/B,retail,Supermarket / Grocery
dataset/temp_sroie/image/X51008114262.jpg,SROIE,99 SPEED MART S/B,"LOT P.T. 2811, JALAN ANGSA, TAMAN BERKELEY 41150 KLANG, SELANGOR 1237-TMN INDAH PERDANA",,137.15,,99 SPEED MART S/B,retail,Supermarket / Grocery
dataset/temp_sroie/image/X51008114266.jpg,SROIE,99 SPEED MART S/B,"LOT P.T. 2811, JALAN ANGSA, TAMAN BERKELEY 41150 KLANG, SELANGOR 1237-TMN INDAH PERDANA",,22.90,,99 SPEED MART S/B,retail,Supermarket / Grocery
dataset/temp_sroie/image/X51008114281.jpg,SROIE,99 SPEED MART S/B,"LOT P.T. 2811, JALAN ANGSA, TAMAN BERKELEY 41150 KLANG, SELANGOR 1237-TMN INDAH PERDANA",,23.40,,99 SPEED MART S/B,retail,Supermarket / Grocery
dataset/temp_sroie/image/X51008114282.jpg,SROIE,99 SPEED MART S/B,"LOT P.T. 2811, JALAN ANGSA, TAMAN BERKELEY 41150 KLANG, SELANGOR 1237-TMN INDAH PERDANA",,20.90,,99 SPEED MART S/B,retail,Supermarket / Grocery
dataset/temp_sroie/image/X51008114283.jpg,SROIE,MR. D.I.Y. (KUCHAI) SDN BHD,"LOT 1851-A & 1851-B, JALAN KPB 6, KAWASAN PERINDUSTRIAN BALAKONG, 43300 SERI KEMBANGAN, SELANGOR",,11.25,,MR. D.I.Y. (KUCHAI) SDN BHD,retail,General Retail
dataset/temp_sroie/image/X51008114284.jpg,SROIE,MR. D.I.Y. (KUCHAI) SDN BHD,"LOT 1851-A & 1851-B, JALAN KPB 6, KAWASAN PERINDUSTRIAN BALAKONG, KAWASAN PERINDUSTRIAN BALAKONG, 43300 SERI KEMBANGAN, SELANGOR",,17.45,,MR. D.I.Y. (KUCHAI) SDN BHD,retail,General Retail
dataset/temp_sroie/image/X51008114321.jpg,SROIE,FILL IN ENTERPRISE,"LOT 2407, JALAN DUA 52100 KEPONG BARU, KL",2018-06-03,100.00,,FILL IN ENTERPRISE,retail,General Retail
dataset/temp_sroie/image/X51008122920.jpg,SROIE,C W KHOO HARDWARE SDN BHD,"NO.50, JALAN PBS 14/11, KAWASAN PERINDUSTRIAN BUKIT SERDANG,",,19.00,,C W KHOO HARDWARE SDN BHD,retail,General Retail
dataset/temp_sroie/image/X51008123446.jpg,SROIE,DION REALTIES SDN BHD,"MENARA DION #02-03, LEVEL 2, 27, JALAN SULTAN ISMAIL, 50250 KUALA LUMPUR.",2018-05-30,5.00,,DION REALTIES SDN BHD,retail,General Retail
dataset/temp_sroie/image/X51008123447.jpg,SROIE,DION REALTIES SDN BHD,"MENARA DION #02-03, LEVEL 2, 27, JALAN SULTAN ISMAIL, 50250 KUALA LUMPUR.",2018-05-28,5.00,,DION REALTIES SDN BHD,retail,General Retail
dataset/temp_sroie/image/X51008123450.jpg,SROIE,SANJUNG REALITI SDN. BHD.,"CAR PARK OFFICE, BASEMENT 1, LABUHRAYA SPRINT, PJU6A, 47400 PETALING JAYA, SELANGOR",2018-06-27,1.50,,SANJUNG REALITI SDN. BHD.,retail,General Retail
dataset/temp_sroie/image/X51008123451.jpg,SROIE,C W KHOO HARDWARE SDN BHD,"NO.50 , JALAN PBS 14/11 , KAWASAN PERINDUSTRIAN BUKIT SERDANG,",2018-06-11,48.00,,C W KHOO HARDWARE SDN BHD,retail,General Retail
dataset/temp_sroie/image/X51008123476.jpg,SROIE,DION REALTIES SDN BHD,"MENARA DION #02-03, LEVEL 2, 27, JALAN SULTAN ISMAIL, 50250 KUALA LUMPUR.",2018-06-25,5.00,,DION REALTIES SDN BHD,retail,General Retail
dataset/temp_sroie/image/X51008123580.jpg,SROIE,MR. D.I.Y. (M) SDN BHD,"LOT 1851-A & 1851-B, JALAN KP3 6, KAWASAN PERINDUSTRIAN BALAKONG, 43300 SERI KEMBANGAN, SELANGOR",,8.10,,MR. D.I.Y. (M) SDN BHD,retail,General Retail
dataset/temp_sroie/image/X51008123586.jpg,SROIE,MYNEWS RETAIL SB,"OASIS VILLAGE LOUNGE 2, GROUND FLOOR, OASIS VILLAGE,NO 2, JALAN PJU 1A/7A, OASIS SQUARE,OASIS DAMANSARA., 47301, PETALING JAYA,SELANGOR",2018-06-29,7.70,,MYNEWS RETAIL SB,retail,General Retail
dataset/temp_sroie/image/X51008123599.jpg,SROIE,OGN GROUP SDN BHD,"NO.29M, JALAN DINAR G U3/G, SEKSYEN U3, SUBANG PERDANA, 40150 SHAH ALAM",2018-06-17,28.30,,OGN GROUP SDN BHD,retail,General Retail
dataset/temp_sroie/image/X51008123604.jpg,SROIE,OGN GROUP SDN BHD,"NO.29M, JALAN DINAR G U3/G, SEKSYEN U3, SUBANG PERDANA, 40150 SHAH ALAM",2018-06-24,52.40,,OGN GROUP SDN BHD,retail,General Retail
dataset/temp_sroie/image/X51008128052.jpg,SROIE,PANDAH INDAH PULAU KETAM RESTAURANT,"M4-A-8, JALAN PANDAH INDAH 4/1A, PANDAH INDAH, 55100 KUALA LUMPUR.",2018-04-30,93.00,,PANDAH INDAH PULAU KETAM RESTAURANT,retail,Food & Beverage
dataset/temp_sroie/image/X51008128062.jpg,SROIE,RESTAURANT JIAWEI JIAWEI HOUSE,"13, JLN TASIK UTAMA 8 MEDAN NIAGA DAMAI SG BESI 57000 KL",2018-05-11,27.00,,RESTAURANT JIAWEI JIAWEI HOUSE,retail,Food & Beverage
dataset/temp_sroie/image/X51008128065.jpg,SROIE,99 SPEED MART S/B,"LOT P.T. 2811, JALAN ANGSA, TAMAN BERKELEY 41150 KLANG, SELANGOR 1249-TMN PANDAN CAHAYA",,19.90,,99 SPEED MART S/B,retail,Supermarket / Grocery
dataset/temp_sroie/image/X51008142005.jpg,SROIE,ONE ONE THREE SEAFOOD RESTAURANT SDN BHD,"NO.1, TAMAN SRI DENGKIL, JALAN AIR HITAM 43800 DENGKIL, SELANGOR.",2018-04-28,65.70,,ONE ONE THREE SEAFOOD RESTAURANT SDN BHD,retail,Food & Beverage
dataset/temp_sroie/image/X51008142030.jpg,SROIE,ONE ONE THREE SEAFOOD RESTAURANT SDN BHD,"NO. 1, TAMAN SRI DENGKIL, JALAN AIR HITAM 43800 DENGKIL, SELANGOR.",2018-06-05,52.00,,ONE ONE THREE SEAFOOD RESTAURANT SDN BHD,retail,Food & Beverage
dataset/temp_sroie/image/X51008142031.jpg,SROIE,ONE ONE THREE SEAFOOD RESTAURANT SDN BHD,"NO. 1, TAMAN SRI DENGKIL, JALAN AIR HITAM 43800 DENGKIL, SELANGOR.",2018-05-22,71.00,,ONE ONE THREE SEAFOOD RESTAURANT SDN BHD,retail,Food & Beverage
dataset/temp_sroie/image/X51008142032.jpg,SROIE,ONE ONE THREE SEAFOOD RESTAURANT SDN BHD,"NO. 1, TAMAN SRI DENGKIL, JALAN AIR HITAM 43800 DENGKIL, SELANGOR.",2018-05-28,112.35,,ONE ONE THREE SEAFOOD RESTAURANT SDN BHD,retail,Food & Beverage
dataset/temp_sroie/image/X51008142033.jpg,SROIE,ONE ONE THREE SEAFOOD RESTAURANT SDN BHD,"NO. 1, TAMAN SRI DENGKIL, JALAN AIR HITAM 43800 DENGKIL, SELANGOR.",2018-05-19,42.40,,ONE ONE THREE SEAFOOD RESTAURANT SDN BHD,retail,Food & Beverage
dataset/temp_sroie/image/X51008142034.jpg,SROIE,MEGAH RETAIL SDN BHD,"3-7, GROUND FLOOR, JLN PURTA DENGKIL 1 TMN PUTRA DENGKIL 43800 DENGKIL, SELANGOR DARUL EHSAN",2018-05-09,4.70,,MEGAH RETAIL SDN BHD,retail,General Retail
dataset/temp_sroie/image/X51008142038.jpg,SROIE,99 SPEED MART S/B,"LOT P.T. 2811, JALAN ANGSA, TAMAN BERKELEY 41150 KLANG, SELANGOR 1225-DENGKIL",,27.90,,99 SPEED MART S/B,retail,Supermarket / Grocery
dataset/temp_sroie/image/X51008142058.jpg,SROIE,KEDAI PAPAN YEW CHUAN,"LOT 276 JALAN BANTING 43800 DENGKIL, SELANGOR",2018-04-20,87.45,,KEDAI PAPAN YEW CHUAN,retail,General Retail
dataset/temp_sroie/image/X51008142059.jpg,SROIE,KEDAI PAPAN YEW CHUAN,"LOT 276 JALAN BANTING 43800 DENGKIL, SELANGOR",2018-04-17,190.80,,KEDAI PAPAN YEW CHUAN,retail,General Retail
dataset/temp_sroie/image/X51008142060.jpg,SROIE,KEDAI PAPAN YEW CHUAN,"LOT 276 JALAN BANTING 43800 DENGKIL, SELANGOR",2018-05-26,121.90,,KEDAI PAPAN YEW CHUAN,retail,General Retail
dataset/temp_sroie/image/X51008142061.jpg,SROIE,KEDAI PAPAN YEW CHUAN,"LOT 276 JALAN BANTING 43800 DENGKIL, SELANGOR",2018-05-03,178.08,,KEDAI PAPAN YEW CHUAN,retail,General Retail
dataset/temp_sroie/image/X51008142062.jpg,SROIE,KEDAI PAPAN YEW CHUAN,"LOT 276 JALAN BANTING 43800 DENGKIL, SELANGOR",2018-05-02,361.46,,KEDAI PAPAN YEW CHUAN,retail,General Retail
dataset/temp_sroie/image/X51008142063.jpg,SROIE,KEDAI PAPAN YEW CHUAN,"LOT 276 JALAN BANTING 43800 DENGKIL, SELANGOR",2018-04-30,404.39,,KEDAI PAPAN YEW CHUAN,retail,General Retail
dataset/temp_sroie/image/X51008142065.jpg,SROIE,KEDAI PAPAN YEW CHUAN,"LOT 276 JALAN BANTING 43800 DENGKIL, SELANGOR.",2018-05-23,162.71,,KEDAI PAPAN YEW CHUAN,retail,General Retail
dataset/temp_sroie/image/X51008142068.jpg,SROIE,KEDAI PAPAN YEW CHUAN,"LOT 276 JALAN BANTING 43800 DENGKIL, SELANGOR",2018-05-11,68.90,,KEDAI PAPAN YEW CHUAN,retail,General Retail
dataset/temp_sroie/image/X51008145450.jpg,SROIE,GH DISTRIBUTOR & MARKETING SDN BHD,"216, MACALISTER ROAD, 10400 PENANG, 10400 PENANG.",2018-06-20,85.20,,GH DISTRIBUTOR & MARKETING SDN BHD,retail,Supermarket / Grocery
dataset/temp_sroie/image/X51008145504.jpg,SROIE,AMTECH ELECTRICAL SUPPLIES,"107,JALAN BANDAR RAWANG 2, PUSAT BANDAR RAWANG, 48000 RAWANG,SELANGOR D E",2018-06-27,136.00,,AMTECH ELECTRICAL SUPPLIES,retail,General Retail
dataset/temp_sroie/image/X51008145505.jpg,SROIE,KT WONG TRADING,"22, JALAN PERINDUSTRIAN HIJAU 5, TAMAN PERINDUSTRIAN HIJAU,",2018-06-09,489.30,,KT WONG TRADING,retail,General Retail
dataset/temp_sroie/image/X51008164420.jpg,SROIE,POPULAR BOOK CO. (M) SDN BHD,"NO 8, JALAN 7/118B, DESA TUN RAZAK 56000 KUALA LUMPUR, MALAYSIA",2018-04-03,7.30,,POPULAR BOOK CO. (M) SDN BHD,retail,General Retail
dataset/temp_sroie/image/X51008164510.jpg,SROIE,OCEAN LC PACKAGING ENTERPRISE,"41-1, JLN RADIN ANUM 2, SRI PETALING, 57000 KUALA LUMPUR.",2018-06-27,152.00,,OCEAN LC PACKAGING ENTERPRISE,retail,General Retail
dataset/temp_sroie/image/X51008164524.jpg,SROIE,MR. D.I.Y. (M) SDN BHD,"LOT 1851-A & 1851-B, JALAN KPB 6, KAWASAN PERINDUSTRIAN BALAKONG, 43300 SERI KEMBANGAN, SELANGOR",,7.15,,MR. D.I.Y. (M) SDN BHD,retail,General Retail
dataset/temp_sroie/image/X51008164525.jpg,SROIE,PASAR RAYA MEGA MAJU (SEMENYIH) SDN BHD,"NO 24, 25 & 26, JALAN PUSAT PERNIAGAAN BUNGA RAYA 4, PUSAT PERNIAGAAN BUNGA RAYA,",2018-07-03,30.45,,PASAR RAYA MEGA MAJU (SEMENYIH) SDN BHD,retail,General Retail
dataset/temp_sroie/image/X51008164969.jpg,SROIE,ONE ONE THREE SEAFOOD RESTAURANT SDN BHD,"NO. 1, TAMAN SRI DENGKIL, JALAN AIR HITAM 43800 DENGKIL, SELANGOR.",2018-06-14,59.00,,ONE ONE THREE SEAFOOD RESTAURANT SDN BHD,retail,Food & Beverage
dataset/temp_sroie/image/X51008164991.jpg,SROIE,ONE ONE THREE SEAFOOD RESTAURANT SDN BHD,"NO.1, TAMAN SRI DENGKIL, JALAN AIR HITAM 43800 DENGKIL, SELANGOR.",2018-06-13,35.00,,ONE ONE THREE SEAFOOD RESTAURANT SDN BHD,retail,Food & Beverage
dataset/temp_sroie/image/X51008164992.jpg,SROIE,ONE ONE THREE SEAFOOD RESTAURANT SDN BHD,"NO.1, TAMAN SRI DENGKIL, JALAN AIR HITAM 43800 DENGKIL, SELANGOR.",2018-05-30,87.45,,ONE ONE THREE SEAFOOD RESTAURANT SDN BHD,retail,Food & Beverage
dataset/temp_sroie/image/X51008164996.jpg,SROIE,ONE ONE THREE SEAFOOD RESTAURANT SDN BHD,"NO.1, TAMAN SRI DENGKIL, JALAN AIR HITAM 43800 DENGKIL, SELANGOR.",2018-06-17,58.00,,ONE ONE THREE SEAFOOD RESTAURANT SDN BHD,retail,Food & Beverage
dataset/temp_sroie/image/X51008164997.jpg,SROIE,ONE ONE THREE SEAFOOD RESTAURANT SDN BHD,"NO.1, TAMAN SRI DENGKIL, JALAN AIR HITAM 43800 DENGKIL, SELANGOR.",2018-06-15,148.50,,ONE ONE THREE SEAFOOD RESTAURANT SDN BHD,retail,Food & Beverage
dataset/temp_sroie/image/X51008164998.jpg,SROIE,ONE ONE THREE SEAFOOD RESTAURANT SDN BHD,"NO. 1, TAMAN SRI DENGKIL, JALAN AIR HITAM 43800 DENGKIL, SELANGOR.",2018-06-20,38.00,,ONE ONE THREE SEAFOOD RESTAURANT SDN BHD,retail,Food & Beverage
dataset/temp_sroie/image/X51008164999.jpg,SROIE,ONE ONE THREE SEAFOOD RESTAURANT SDN BHD,"NO.1, TAMAN SRI DENGKIL, JALAN AIR HITAM 43800 DENGKIL, SELANGOR.",2018-06-23,179.50,,ONE ONE THREE SEAFOOD RESTAURANT SDN BHD,retail,Food & Beverage
dataset/temp_sroie/image/X51009008095.jpg,SROIE,BOON SENG PAPER SDN BHD,"12, JALAN BUNGA TANJUNG, 2/16 SEKSYEN 2, 40000 SHAH ALAM, SELANGOR",2018-03-19,31.80,,BOON SENG PAPER SDN BHD,retail,General Retail
dataset/temp_sroie/image/X51009447842.jpg,SROIE,PASARAYA BORONG PINTAR SDN BHD,"NO 19-G& 19-1& 19-2 JALAN TASIK UTAMA 4, MEDAN NIAGA TASIK DAMAI",2018-03-14,0.90,,PASARAYA BORONG PINTAR SDN BHD,retail,General Retail
dataset/temp_sroie/image/X51009453729.jpg,SROIE,LIAN HING STATIONERY SDN BHD,"NO.32 & 33, JALAN SR 1/9, SEKSYEN 9, TAMAN SERDANG RAYA, 43300 SERI KEMBANGAN, SELANGOR DARUL EHSAN",2018-03-27,79.50,,LIAN HING STATIONERY SDN BHD,retail,General Retail
dataset/temp_sroie/image/X51009453801.jpg,SROIE,GL HANDICRAFT & TAIL ORING,"19, JALAN KANCIL, OFF JALAN PUDU, 55100 KUALA LUMPUR MALAYSIA",2018-03-20,102.00,,GL HANDICRAFT & TAIL ORING,retail,General Retail
dataset/temp_sroie/image/X51009453804.jpg,SROIE,LIAN HING STATIONERY SDN BHD,"NO.32 & 33, JALAN SR 1/9, SEKSYEN 9, TAMAN SERDANG RAYA, 43300 SERI KEMBANGAN, SELANGOR DARUL EHSAN",2018-03-27,12.00,,LIAN HING STATIONERY SDN BHD,retail,General Retail
dataset/temp_sroie/image/X51009568881.jpg,SROIE,HON HWA HARDWARE TRADING,"NO 37, JALAN MANIS 7, TAMAN SEGAR, 56100 CHERAS, KUALA LUMPUR.",2017-09-21,10.40,,HON HWA HARDWARE TRADING,retail,General Retail
