image_path,merchant,date,total,category,items_text,source,total_parsed,currency,spend_category,fraud_label
dataset/temp_cord/image/receipt_00000.png,UNKNOWN,,"1,591,600",restaurant,"Nasi Campur Bali (x 1), Bbk Bengil Nasi (x 1), MilkShake Starwb (x 1), Ice Lemon Tea (x 1), Nasi Ayam Dewata (x 1), Free Ice Tea (x 3), Organic Green Sa (x 1), Ice Tea (x 1), Ice Orange (x 1), Ayam Suir Bali (x 1), Tahu Goreng (x 2), Tempe Goreng (x 2), Tahu Telor Asin (x 1), Nasi Goreng Samb (x 1), Bbk Panggang Sam (x 3), Ayam Sambal Hija (x 1), Hot Tea (x 2), Ice Kopi (x 1), Tahu Telor Asin (x 1), Free Ice Tea (x 1), Bebek Street (x 1), Ice Tea Tawar (x 1)",CORD,1591600.00,IDR,restaurant,
dataset/temp_cord/image/receipt_00001.png,UNKNOWN,,"580,965",restaurant,"SPGTHY BOLOGNASE (1), PEPPER AUS (1), WAGYU RIBEYE (1), ICED LEMON TEA (1), FUSION TEA LYCHE (1), NUTTELA BROWNIES (1)",CORD,580965.00,IDR,restaurant,
dataset/temp_cord/image/receipt_00002.png,UNKNOWN,,"334,000",restaurant,"HAKAU UDANG (4), SIAO MAI BABI (4), CEKER AYAM (3), BAKPAO BKR C CRISPY (2), TAHU GORENG CRISPY (3)",CORD,334000.00,IDR,restaurant,
dataset/temp_cord/image/receipt_00003.png,UNKNOWN,,"302,016",restaurant,"Bintang Bremer (1), Chicken H-H (1), Ades (1)",CORD,302016.00,IDR,restaurant,
dataset/temp_cord/image/receipt_00004.png,UNKNOWN,,48.000,restaurant,,CORD,48000.00,IDR,restaurant,
dataset/temp_cord/image/receipt_00005.png,UNKNOWN,,"261,333",restaurant,"Lasagna (1), Spaghetti ChickPesto (1), BangBang Chick Wings (1), Iced Cappuccino (1), Gypsy Gelato Ice Tea (1)",CORD,261333.00,IDR,restaurant,
dataset/temp_cord/image/receipt_00006.png,UNKNOWN,,"61,799",restaurant,"BASO TAHU (1), ES JERUK (1)",CORD,61799.00,IDR,restaurant,
dataset/temp_cord/image/receipt_00007.png,UNKNOWN,,"36,300",restaurant,,CORD,36300.00,IDR,restaurant,
dataset/temp_cord/image/receipt_00008.png,UNKNOWN,,36.000,restaurant,"Kimchi P (1x), Fre ice grentea (1x)",CORD,36000.00,IDR,restaurant,
dataset/temp_cord/image/receipt_00009.png,UNKNOWN,,40.000,restaurant,,CORD,40000.00,IDR,restaurant,
dataset/temp_cord/image/receipt_00010.png,UNKNOWN,,25.000,restaurant,,CORD,25000.00,IDR,restaurant,
dataset/temp_cord/image/receipt_00011.png,UNKNOWN,,"250,107",restaurant,"Ayam Bakar (2), Nasi Putih (2), Nila Bakar/Goreng (1), Sop Gurame (1), Teh Poci (1)",CORD,250107.00,IDR,restaurant,
dataset/temp_cord/image/receipt_00012.png,UNKNOWN,,"96,000",restaurant,"NASI + AYAM KATSU TER... (1), TEH PANAS (1), ES TEH MANIS (1), CH CORDON BLEU NASI (1)",CORD,96000.00,IDR,restaurant,
dataset/temp_cord/image/receipt_00013.png,UNKNOWN,,"247,775",restaurant,"BLACK PEPPER MEATBALL (1), GREEN TEA WITH CRUMBLE (1), EARL GREY MILK TEA (1), ORIGINAL BREWED TEA (1)",CORD,247775.00,IDR,restaurant,
dataset/temp_cord/image/receipt_00014.png,UNKNOWN,,25.000,restaurant,"4005-Maple glazed (x1), 6001-Plastic Bag Small (x1)",CORD,25000.00,IDR,restaurant,
dataset/temp_cord/image/receipt_00015.png,UNKNOWN,,"304,326",restaurant,"BLACK PEPPER MEATBALL (1), QUARTO FORMANGGI PASTA (1), GREEN TEA WITH CRUMBLE (1), ORIGINAL BREWED TEA (2)",CORD,304326.00,IDR,restaurant,
dataset/temp_cord/image/receipt_00016.png,UNKNOWN,,"30,000",restaurant,,CORD,30000.00,IDR,restaurant,
dataset/temp_cord/image/receipt_00017.png,UNKNOWN,,"24,500",restaurant,"RB. COKLAT BAR (1), RB. CREPES TUNA (1), RB. SISIR PANDAN (1)",CORD,24500.00,IDR,restaurant,
dataset/temp_cord/image/receipt_00018.png,UNKNOWN,,27500,restaurant,,CORD,27500.00,IDR,restaurant,
dataset/temp_cord/image/receipt_00019.png,UNKNOWN,,"1,565,938",restaurant,"UDANG RE (2), AYM GR JUN NJAN (1), SAPO TH SEAFOOD (1), POCAI 3 (2), GURAME FILLET M ASAM MANIS (1), BIHUN GORENG JJ (1), ICED TEA (5), NASI PUTIH (7)",CORD,1565938.00,IDR,restaurant,
dataset/temp_cord/image/receipt_00020.png,UNKNOWN,,"26,950",restaurant,"BUBUR UNGU, SENDOK BEBEK, WAJIK, CENTIK MANIS, PLASTIK SEDANG",CORD,26950.00,IDR,restaurant,
dataset/temp_cord/image/receipt_00021.png,UNKNOWN,,44.000,restaurant,"1001-Choco Bun (x1), 2001-Hokkaido Milk Toast (x1), 6002-Plastic Bag Medium (x1)",CORD,44000.00,IDR,restaurant,
dataset/temp_cord/image/receipt_00022.png,UNKNOWN,,22.000,restaurant,,CORD,22000.00,IDR,restaurant,
dataset/temp_cord/image/receipt_00023.png,UNKNOWN,,"21,000",restaurant,,CORD,21000.00,IDR,restaurant,
dataset/temp_cord/image/receipt_00024.png,UNKNOWN,,48.000,restaurant,"1001-Choco Bun (x1), 1032-Double Cheddar (x1), 6002-Plastic Bag Medium (x1)",CORD,48000.00,IDR,restaurant,
dataset/temp_cord/image/receipt_00025.png,UNKNOWN,,"14,000",restaurant,,CORD,14000.00,IDR,restaurant,
dataset/temp_cord/image/receipt_00026.png,UNKNOWN,,16.500,restaurant,,CORD,16500.00,IDR,restaurant,
dataset/temp_cord/image/receipt_00027.png,UNKNOWN,,"Rp 30,000",restaurant,,CORD,30000.00,IDR,restaurant,
dataset/temp_cord/image/receipt_00028.png,UNKNOWN,,"8,800",restaurant,,CORD,8800.00,IDR,restaurant,
dataset/temp_cord/image/receipt_00029.png,UNKNOWN,,"226,500.00",restaurant,"AMBUSH DBL CHS BURG (11), AMBUSH CHS BURGER (4), TAKE AWAY CHARGE (1)",CORD,22650000.00,IDR,restaurant,
dataset/temp_cord/image/receipt_00030.png,UNKNOWN,,"9,000",restaurant,"VANDOOLEN, PLASTIK 25",CORD,9000.00,IDR,restaurant,
dataset/temp_cord/image/receipt_00031.png,UNKNOWN,,"31,500",restaurant,"Chicken HCC, 1Pcs (1), Colonel Burger (1)",CORD,31500.00,IDR,restaurant,
dataset/temp_cord/image/receipt_00032.png,UNKNOWN,,"36,000",restaurant,,CORD,36000.00,IDR,restaurant,
dataset/temp_cord/image/receipt_00033.png,UNKNOWN,,"10,200",restaurant,"AREM - AREM (1X), LEMPER (1X), PLASTIK KECIL (1X)",CORD,10200.00,IDR,restaurant,
dataset/temp_cord/image/receipt_00034.png,UNKNOWN,,30.000,restaurant,,CORD,30000.00,IDR,restaurant,
dataset/temp_cord/image/receipt_00035.png,UNKNOWN,,289000,restaurant,,CORD,289000.00,IDR,restaurant,
dataset/temp_cord/image/receipt_00036.png,UNKNOWN,,"599,955",restaurant,"GONG GIBAB (1), BO SSAM (1), HAEMUL DENJANG JJIGAE (1), MULNAENGMYO N (1)",CORD,599955.00,IDR,restaurant,
dataset/temp_cord/image/receipt_00037.png,UNKNOWN,,"13,500",restaurant,,CORD,13500.00,IDR,restaurant,
dataset/temp_cord/image/receipt_00038.png,UNKNOWN,,24.000,restaurant,,CORD,24000.00,IDR,restaurant,
dataset/temp_cord/image/receipt_00039.png,UNKNOWN,,"70,000",restaurant,,CORD,70000.00,IDR,restaurant,
dataset/temp_cord/image/receipt_00040.png,UNKNOWN,,"125,334",restaurant,"BURGER CHIC DECKER (1), Home Made Lemonade (1)",CORD,125334.00,IDR,restaurant,
dataset/temp_cord/image/receipt_00041.png,UNKNOWN,,"44,999",restaurant,,CORD,44999.00,IDR,restaurant,
dataset/temp_cord/image/receipt_00042.png,UNKNOWN,,"28,000",restaurant,,CORD,28000.00,IDR,restaurant,
dataset/temp_cord/image/receipt_00043.png,UNKNOWN,,"60,999",restaurant,"Nutella Cheese (1), Toblerone BanCheese (1)",CORD,60999.00,IDR,restaurant,
dataset/temp_cord/image/receipt_00044.png,UNKNOWN,,"282,000",restaurant,"CHOCO PUFF (1), CREAMY BEEF CLS FTC (1), NEW ORIENTAL CHK RICE (1), LIPTON PITCHER (1), SC/P SUPER SUPREME (1), CB/P BLACK PEPP BEEF (1)",CORD,282000.00,IDR,restaurant,
dataset/temp_cord/image/receipt_00045.png,UNKNOWN,,22.000,restaurant,"1 (2), Large *Plastik Kcl (1)",CORD,22000.00,IDR,restaurant,
dataset/temp_cord/image/receipt_00046.png,UNKNOWN,,48.000,restaurant,,CORD,48000.00,IDR,restaurant,
dataset/temp_cord/image/receipt_00047.png,UNKNOWN,,"20,000",restaurant,,CORD,20000.00,IDR,restaurant,
dataset/temp_cord/image/receipt_00048.png,UNKNOWN,,73.450,restaurant,"Jamur Crispy (2), Nasi Putih (2), Sambel Kecap (2), Es Teh (2)",CORD,73450.00,IDR,restaurant,
dataset/temp_cord/image/receipt_00049.png,UNKNOWN,,"29,000",restaurant,,CORD,29000.00,IDR,restaurant,
dataset/temp_cord/image/receipt_00050.png,UNKNOWN,,"33,000",restaurant,"CHO MOUSSE, GRAPE JELLY",CORD,33000.00,IDR,restaurant,
dataset/temp_cord/image/receipt_00051.png,UNKNOWN,,33.000,restaurant,"Kopi Susu Sudirman (1x), Chocolate Twist (1x)",CORD,33000.00,IDR,restaurant,
dataset/temp_cord/image/receipt_00052.png,UNKNOWN,,30000,restaurant,"RTD Kunyit (1), Tepung Jagung (1)",CORD,30000.00,IDR,restaurant,
dataset/temp_cord/image/receipt_00053.png,UNKNOWN,,36.000,restaurant,SHOPPING BAG ROTI'O' 370/M (1),CORD,36000.00,IDR,restaurant,
dataset/temp_cord/image/receipt_00054.png,UNKNOWN,,"29,000",restaurant,"KFC Winger HC (1), Rice (1)",CORD,29000.00,IDR,restaurant,
dataset/temp_cord/image/receipt_00055.png,UNKNOWN,,"17,999",restaurant,,CORD,17999.00,IDR,restaurant,
dataset/temp_cord/image/receipt_00056.png,UNKNOWN,,54.600,restaurant,"BASO TAHU (1), NASI PUTIH (1)",CORD,54600.00,IDR,restaurant,
dataset/temp_cord/image/receipt_00057.png,UNKNOWN,,"39,000",restaurant,"PL. MUFFIN BLUEBERRY (1), RB. ABON AYAM (1), RB. COKLAT COFFEE (1), RB. RED BEAN (1)",CORD,39000.00,IDR,restaurant,
dataset/temp_cord/image/receipt_00058.png,UNKNOWN,,"35.000,00",restaurant,"ROTI KEJU COKLAT (x1), ROTI MAHKOTA/RING (x1), ROTI KACANG MERAH (x1), ROTI COKLAT (x1)",CORD,3500000.00,IDR,restaurant,
dataset/temp_cord/image/receipt_00059.png,UNKNOWN,,"25,000",restaurant,"CHICKEN KATSU (1), TORI NASU HASAMI AGE (1)",CORD,25000.00,IDR,restaurant,
dataset/temp_cord/image/receipt_00060.png,UNKNOWN,,161.000,restaurant,"Mineral Water (S) (1), Pocky Chocolate (1), Nerds Strw Grape (1), Nerds Trop Punch (1), Nerds Watermelon (1)",CORD,161000.00,IDR,restaurant,
dataset/temp_cord/image/receipt_00061.png,UNKNOWN,,"17,000",restaurant,,CORD,17000.00,IDR,restaurant,
dataset/temp_cord/image/receipt_00062.png,UNKNOWN,,3.600.000,restaurant,,CORD,3600000.00,IDR,restaurant,
dataset/temp_cord/image/receipt_00063.png,UNKNOWN,,"23,600",restaurant,"PIS COK KEJU, COKLAT KEJU, BANANA KISMIS",CORD,23600.00,IDR,restaurant,
dataset/temp_cord/image/receipt_00064.png,UNKNOWN,,"262,000",restaurant,"BOTOL(MOMOGI BOTOL KACA ASI), SPECTRA BREAST DISPOSABLE PADS (IRIS) / BP-0001 (BREASTPADS), MUSTELA BABY OIL 100ML",CORD,262000.00,IDR,restaurant,
dataset/temp_cord/image/receipt_00065.png,UNKNOWN,,"650,100",restaurant,"NASI PUTIH (6), SATE PADANG (1), GULAI CUMI (1), DENDENG BALADO (4), KERUPUK KULIT (3), RENDANG DAGING (1), GULAI HATI (1), MUJAIR BAKAR (1), GULAI OTAK (1), AYAM BAKAR (1), SAMBAL TRI BELAH (1), LALAP SEGAR (3), AYAM PENYET (1), AYAM GORENG (2), AYAM POP (2), GULAI TUNJANG (2), TEH (6), TERONG BELANDA (1), TEH TELUR (1), PUDING (2)",CORD,650100.00,IDR,restaurant,
dataset/temp_cord/image/receipt_00066.png,UNKNOWN,,57.900,restaurant,"ISI CAMPUR (1), AQUA BOTOL (1)",CORD,57900.00,IDR,restaurant,
dataset/temp_cord/image/receipt_00067.png,UNKNOWN,,65.000,restaurant,,CORD,65000.00,IDR,restaurant,
dataset/temp_cord/image/receipt_00068.png,UNKNOWN,,"113,000.00",restaurant,"Berry Many-Low (P) (1), 500 days of summer (P) (1), sun kissed (P) (1), PLASTIC BAG (1)",CORD,11300000.00,IDR,restaurant,
dataset/temp_cord/image/receipt_00069.png,UNKNOWN,,"23,000",restaurant,"SAUSAGE DONUT (1), CHOCO DONUT PRETZEL (1)",CORD,23000.00,IDR,restaurant,
dataset/temp_cord/image/receipt_00070.png,UNKNOWN,,"178,200",restaurant,"CAPTAIN HOOK (1), PIRATES TREASURE (1)",CORD,178200.00,IDR,restaurant,
dataset/temp_cord/image/receipt_00071.png,UNKNOWN,,"17,999",restaurant,,CORD,17999.00,IDR,restaurant,
dataset/temp_cord/image/receipt_00072.png,UNKNOWN,,28.000,restaurant,"2011-Whole wheat Katamari (x1), 6001-Plastic Bag Small (x1)",CORD,28000.00,IDR,restaurant,
dataset/temp_cord/image/receipt_00073.png,UNKNOWN,,"9.500,00",restaurant,,CORD,950000.00,IDR,restaurant,
dataset/temp_cord/image/receipt_00074.png,UNKNOWN,,"26,000",restaurant,,CORD,26000.00,IDR,restaurant,
dataset/temp_cord/image/receipt_00075.png,UNKNOWN,,"337,230",restaurant,"PAKET DOSIRAK 3 (1), PAKET CHICKEN 3 (3), JAPCHE (1), KOREAN LEMONADE (1), KOREAN COLD TEA (1), PAKET BULGOGI 3 (1), BANANA MLK+MATCHA PU (2), KRN FRIED CHICKN HNY (1)",CORD,337230.00,IDR,restaurant,
dataset/temp_cord/image/receipt_00076.png,UNKNOWN,,"33,000",restaurant,,CORD,33000.00,IDR,restaurant,
dataset/temp_cord/image/receipt_00077.png,UNKNOWN,,"118,100",restaurant,"KP BRANDING L (1), M/POKO STD XXL5 (1), FOOT 6 (2), CIPAIN PATCH 4S (3)",CORD,118100.00,IDR,restaurant,
dataset/temp_cord/image/receipt_00078.png,UNKNOWN,,"56,000",restaurant,,CORD,56000.00,IDR,restaurant,
dataset/temp_cord/image/receipt_00079.png,UNKNOWN,,"25,000",restaurant,"Silky Green Tea (1x), Silky Hazelnut (1x)",CORD,25000.00,IDR,restaurant,
dataset/temp_cord/image/receipt_00080.png,UNKNOWN,,17.999,restaurant,,CORD,17999.00,IDR,restaurant,
dataset/temp_cord/image/receipt_00081.png,UNKNOWN,,"36,000",restaurant,,CORD,36000.00,IDR,restaurant,
dataset/temp_cord/image/receipt_00082.png,UNKNOWN,,23.000,restaurant,,CORD,23000.00,IDR,restaurant,
dataset/temp_cord/image/receipt_00083.png,UNKNOWN,,101.000,restaurant,"ICED White (1), Mexican Baked Rice (1)",CORD,101000.00,IDR,restaurant,
dataset/temp_cord/image/receipt_00084.png,UNKNOWN,,31.000,restaurant,"Large 1 (1), Pastry Keju (1)",CORD,31000.00,IDR,restaurant,
dataset/temp_cord/image/receipt_00085.png,UNKNOWN,,57.200,restaurant,"Round Wagyu (1gr) (118), Wagyu Rice Box (1)",CORD,57200.00,IDR,restaurant,
dataset/temp_cord/image/receipt_00086.png,UNKNOWN,,22.660,restaurant,,CORD,22660.00,IDR,restaurant,
dataset/temp_cord/image/receipt_00087.png,UNKNOWN,,"24,000",restaurant,,CORD,24000.00,IDR,restaurant,
dataset/temp_cord/image/receipt_00088.png,UNKNOWN,,"50,039",restaurant,"KUE PILUS ASIN (80), KACANG MEDAN (95)",CORD,50039.00,IDR,restaurant,
dataset/temp_cord/image/receipt_00089.png,UNKNOWN,,5.000,restaurant,,CORD,5000.00,IDR,restaurant,
dataset/temp_cord/image/receipt_00090.png,UNKNOWN,,"28,000",restaurant,,CORD,28000.00,IDR,restaurant,
dataset/temp_cord/image/receipt_00091.png,UNKNOWN,,"24,000",restaurant,"CHOCO CUSTARD PASTRY (1), CARAMEL PASTRY (1)",CORD,24000.00,IDR,restaurant,
dataset/temp_cord/image/receipt_00092.png,UNKNOWN,,"25,000",restaurant,"ORIGINAL, APPLE CINN",CORD,25000.00,IDR,restaurant,
dataset/temp_cord/image/receipt_00093.png,UNKNOWN,,"85,000",restaurant,"NUMER CANDLE NO.1 (1), NUMER CANDLE NO.2 (1), GANACHE MOUSSE PIECE (2)",CORD,85000.00,IDR,restaurant,
dataset/temp_cord/image/receipt_00094.png,UNKNOWN,,38.000,restaurant,"4002-Chocolate Orange Peel (x2), 6001-Plastic Bag Small (x1)",CORD,38000.00,IDR,restaurant,
dataset/temp_cord/image/receipt_00095.png,UNKNOWN,,"12,000",restaurant,,CORD,12000.00,IDR,restaurant,
dataset/temp_cord/image/receipt_00096.png,UNKNOWN,,22.000,restaurant,,CORD,22000.00,IDR,restaurant,
dataset/temp_cord/image/receipt_00097.png,UNKNOWN,,"12,000",restaurant,,CORD,12000.00,IDR,restaurant,
dataset/temp_cord/image/receipt_00098.png,UNKNOWN,,"25,900",restaurant,"WALL'S FEAST CKLT.65 (1), CMPN TROPICANA.CHO75 (1), MAGNUM WHT ALMND 80 (1)",CORD,25900.00,IDR,restaurant,
dataset/temp_cord/image/receipt_00099.png,UNKNOWN,,"45,000",restaurant,"S-Ovaltine Macchiat (1X), S-Hazelnut Milk Tea (1X)",CORD,45000.00,IDR,restaurant,
dataset/temp_cord/image/receipt_00100.png,UNKNOWN,,"32,000",restaurant,,CORD,32000.00,IDR,restaurant,
dataset/temp_cord/image/receipt_00101.png,UNKNOWN,,14.300,restaurant,,CORD,14300.00,IDR,restaurant,
dataset/temp_cord/image/receipt_00102.png,UNKNOWN,,"29,999",restaurant,,CORD,29999.00,IDR,restaurant,
dataset/temp_cord/image/receipt_00103.png,UNKNOWN,,"1,096,040",restaurant,"IKAN GURAME MED SOP IKAN (1), CUMI GR JUNJAN =*MEDIUM*= (1), CUMI GR TEPUNG =*MEDIUM*= (1), AGSIO TH PC JMR =*MEDIUM*= (1), POCAI BWG PUTIH =*MEDIUM*= (1), LUMPIA UDG PREM =*MEDIUM*= (1), NASI PUTIH (6), HOT TEA (3), AQUA (1), ICED TEA (2), ICED TEA (1)",CORD,1096040.00,IDR,restaurant,
dataset/temp_cord/image/receipt_00104.png,UNKNOWN,,61.500,restaurant,"KOPI SUSU (1), KOPI SUSU (1), NASI GORENG (1), BAKPIA KACANG H (1)",CORD,61500.00,IDR,restaurant,
dataset/temp_cord/image/receipt_00105.png,UNKNOWN,,"32,000",restaurant,,CORD,32000.00,IDR,restaurant,
dataset/temp_cord/image/receipt_00106.png,UNKNOWN,,"48,001",restaurant,"Toblerone BanCheese (1), Roast Beef Crepes (1)",CORD,48001.00,IDR,restaurant,
dataset/temp_cord/image/receipt_00107.png,UNKNOWN,,"22,000",restaurant,"Cheezemania (1), Mamamia (1)",CORD,22000.00,IDR,restaurant,
dataset/temp_cord/image/receipt_00108.png,UNKNOWN,,"30,000",restaurant,,CORD,30000.00,IDR,restaurant,
dataset/temp_cord/image/receipt_00109.png,UNKNOWN,,"35.000,00",restaurant,"1069-ROTI KEJU COKLAT (x1), 1037-ROTI MAHKOTA/RING (x1), 1022-ROTI KACANG MERAH (x1), 1001-ROTI COKLAT (x1)",CORD,3500000.00,IDR,restaurant,
dataset/temp_cord/image/receipt_00110.png,UNKNOWN,,"29,999",restaurant,,CORD,29999.00,IDR,restaurant,
dataset/temp_cord/image/receipt_00111.png,UNKNOWN,,"72,600",restaurant,"OCHA (1), CHIC NAMBAN BENTO (1)",CORD,72600.00,IDR,restaurant,
dataset/temp_cord/image/receipt_00112.png,UNKNOWN,,"20,000",restaurant,"Fish Ball (1), Fried Siomay (1)",CORD,20000.00,IDR,restaurant,
dataset/temp_cord/image/receipt_00113.png,UNKNOWN,,,restaurant,,CORD,,IDR,restaurant,
dataset/temp_cord/image/receipt_00114.png,UNKNOWN,,"70,000",restaurant,,CORD,70000.00,IDR,restaurant,
dataset/temp_cord/image/receipt_00115.png,UNKNOWN,,"44,500",restaurant,"Kupon 9, Kupon 1, LARGE ICED LEMON TEA",CORD,44500.00,IDR,restaurant,
dataset/temp_cord/image/receipt_00116.png,UNKNOWN,,"29,999",restaurant,,CORD,29999.00,IDR,restaurant,
dataset/temp_cord/image/receipt_00117.png,UNKNOWN,,60000,restaurant,"RTD Relaxing Drink (1), RTD Rosella Aloevera (1), RTD Madu Aloevera (1), RTD Lemongrass Aloe (1)",CORD,60000.00,IDR,restaurant,
dataset/temp_cord/image/receipt_00118.png,UNKNOWN,,"28,000",restaurant,"Pdg Madness (1), BCT (1)",CORD,28000.00,IDR,restaurant,
dataset/temp_cord/image/receipt_00119.png,UNKNOWN,,"17,000",restaurant,,CORD,17000.00,IDR,restaurant,
dataset/temp_cord/image/receipt_00120.png,UNKNOWN,,"34,000",restaurant,"SAM DA S00 MINERAL WATER (1), TWIST DONUT (2)",CORD,34000.00,IDR,restaurant,
dataset/temp_cord/image/receipt_00121.png,UNKNOWN,,"22,000",restaurant,"1001-Choco Bun (x1), 6001-Plastic Bag Small (x1)",CORD,22000.00,IDR,restaurant,
dataset/temp_cord/image/receipt_00122.png,UNKNOWN,,"24,800",restaurant,"Common Law (1), Tigger Roll (1)",CORD,24800.00,IDR,restaurant,
dataset/temp_cord/image/receipt_00123.png,UNKNOWN,,"32,000",restaurant,,CORD,32000.00,IDR,restaurant,
dataset/temp_cord/image/receipt_00124.png,UNKNOWN,,"1,092,542",restaurant,"UDG GR TLUR ASIN (1), SAPO TH SEAFOOD (1), CUMI GR JUNJAN (1), BIHUN GORENG JJ (1), OYONG 3 TELOR (1), GURAME FILLET M (1), CHINESE TE (2), CRYSANTNUM (2), NASI PUTIH (8), HOT TEA (3), ICED TEA (3)",CORD,1092542.00,IDR,restaurant,
dataset/temp_cord/image/receipt_00125.png,UNKNOWN,,"17,000",restaurant,,CORD,17000.00,IDR,restaurant,
dataset/temp_cord/image/receipt_00126.png,UNKNOWN,,53.200,restaurant,,CORD,53200.00,IDR,restaurant,
dataset/temp_cord/image/receipt_00127.png,UNKNOWN,,"20,000",restaurant,,CORD,20000.00,IDR,restaurant,
dataset/temp_cord/image/receipt_00128.png,UNKNOWN,,"33,000",restaurant,,CORD,33000.00,IDR,restaurant,
dataset/temp_cord/image/receipt_00129.png,UNKNOWN,,Rp 116000.00,restaurant,,CORD,11600000.00,IDR,restaurant,
dataset/temp_cord/image/receipt_00130.png,UNKNOWN,,"13,000",restaurant,,CORD,13000.00,IDR,restaurant,
dataset/temp_cord/image/receipt_00131.png,UNKNOWN,,22.000,restaurant,"1001-Choco Bun (x1), 6001-Plastic Bag Small (x1)",CORD,22000.00,IDR,restaurant,
dataset/temp_cord/image/receipt_00132.png,UNKNOWN,,"117,999.00",restaurant,"ZAI.Milk Choco Egg Avenger60gr (1), ZAI.Milk Choco Egg Frozen 60gr (1)",CORD,11799900.00,IDR,restaurant,
dataset/temp_cord/image/receipt_00133.png,UNKNOWN,,"43,000",restaurant,"TWIST STRAWBERRY DONUT (1), TLJ CROQUETTE (1), POTATO PEPPER BAGEL (1)",CORD,43000.00,IDR,restaurant,
dataset/temp_cord/image/receipt_00134.png,UNKNOWN,,54.000,restaurant,"Viet Milk Coffee (1), Viet Milk Coffee (1)",CORD,54000.00,IDR,restaurant,
dataset/temp_cord/image/receipt_00135.png,UNKNOWN,,"55,800 55,834",restaurant,"IKAN GABUS FRESH (0.264X), IKAN BUMBU KUNING (0.308X), OCTOPUS SATAY (1X)",CORD,55834.00,IDR,restaurant,
dataset/temp_cord/image/receipt_00136.png,UNKNOWN,,"66,000",restaurant,,CORD,66000.00,IDR,restaurant,
dataset/temp_cord/image/receipt_00137.png,UNKNOWN,,"88,000.00",restaurant,"FA-Cookies Mix 200 gr (1), FA-Polycello Bag 200 gr (1)",CORD,8800000.00,IDR,restaurant,
dataset/temp_cord/image/receipt_00138.png,UNKNOWN,,"422,730",restaurant,"BACON SHIMEJI SPAGHE (1.00), CHICKEN KATSUDON (1.00), WELL TORI KARAAGE MU (1.00.), WELL CHICKEN KATSU C (1.00), CLASSIC TOMATO (1.00), RENDANG OMURICE (1.00), #F11 CREAM HAMBURG 0 (1.00)",CORD,422730.00,IDR,restaurant,
dataset/temp_cord/image/receipt_00139.png,UNKNOWN,,"22,500",restaurant,,CORD,22500.00,IDR,restaurant,
dataset/temp_cord/image/receipt_00140.png,UNKNOWN,,"69,000",restaurant,"Seafood Tempura BBQ (1), Sweet Plum Potato* (1)",CORD,69000.00,IDR,restaurant,
dataset/temp_cord/image/receipt_00141.png,UNKNOWN,,"130.000,00",restaurant,,CORD,13000000.00,IDR,restaurant,
dataset/temp_cord/image/receipt_00142.png,UNKNOWN,,"55,500",restaurant,"Pillow Choco (1), Pillow Cheese (1), Pillow Kombi (1)",CORD,55500.00,IDR,restaurant,
dataset/temp_cord/image/receipt_00143.png,UNKNOWN,,41.800,restaurant,,CORD,41800.00,IDR,restaurant,
dataset/temp_cord/image/receipt_00144.png,UNKNOWN,,"25,000",restaurant,"Rice Organik (1), 1pc Chicken OR (1)",CORD,25000.00,IDR,restaurant,
dataset/temp_cord/image/receipt_00145.png,UNKNOWN,,28.000,restaurant,,CORD,28000.00,IDR,restaurant,
dataset/temp_cord/image/receipt_00146.png,UNKNOWN,,"564,425",restaurant,"YANG YUM GUI (1), SOONDUBU CHIGE (1), JAP CHAE (1), MAKOLI (1), GOCHUJANG (1), BIBIMBAB",CORD,564425.00,IDR,restaurant,
dataset/temp_cord/image/receipt_00147.png,UNKNOWN,,"17,001",restaurant,,CORD,17001.00,IDR,restaurant,
dataset/temp_cord/image/receipt_00148.png,UNKNOWN,,30.000,restaurant,,CORD,30000.00,IDR,restaurant,
dataset/temp_cord/image/receipt_00149.png,UNKNOWN,,"53,020",restaurant,"#PKTPOLSBTSPON2S (1X), BENECOL LYCHEE 2S (1X), REGAL MARIE 125 GR (1X), 7 UP CAN 330 ML (1X), SAKATONIK LVR 10S (1X), DUA BELIBIS SBL135 (1X), DAUN SEREH (0,292X)",CORD,53020.00,IDR,restaurant,
dataset/temp_cord/image/receipt_00150.png,UNKNOWN,,"22,000",restaurant,,CORD,22000.00,IDR,restaurant,
dataset/temp_cord/image/receipt_00151.png,UNKNOWN,,22.000,restaurant,,CORD,22000.00,IDR,restaurant,
dataset/temp_cord/image/receipt_00152.png,UNKNOWN,,"975,000.00",restaurant,,CORD,97500000.00,IDR,restaurant,
dataset/temp_cord/image/receipt_00153.png,UNKNOWN,,"Rp 57,0000",restaurant,,CORD,570000.00,IDR,restaurant,
dataset/temp_cord/image/receipt_00154.png,UNKNOWN,,20.000,restaurant,,CORD,20000.00,IDR,restaurant,
dataset/temp_cord/image/receipt_00155.png,UNKNOWN,,"41,000",restaurant,,CORD,41000.00,IDR,restaurant,
dataset/temp_cord/image/receipt_00156.png,UNKNOWN,,"27,300",restaurant,"BOLU KUKUS PX (3X), PLASTIK SEDANG (1X)",CORD,27300.00,IDR,restaurant,
dataset/temp_cord/image/receipt_00157.png,UNKNOWN,,"94,000",restaurant,"S-Matcha Macchiato (2X), S-Ovaltine Macchiat (2X)",CORD,94000.00,IDR,restaurant,
dataset/temp_cord/image/receipt_00158.png,UNKNOWN,,"39,000",restaurant,"KFC DAY (1), CHARGE TA (1)",CORD,39000.00,IDR,restaurant,
dataset/temp_cord/image/receipt_00159.png,UNKNOWN,,"46,000",restaurant,"DEPT04, DEPT01",CORD,46000.00,IDR,restaurant,
dataset/temp_cord/image/receipt_00160.png,UNKNOWN,,"43,890",restaurant,"PAKET CHICKEN 4 (1), KOREAN COLD TEA (1)",CORD,43890.00,IDR,restaurant,
dataset/temp_cord/image/receipt_00161.png,UNKNOWN,,"98,175",restaurant,"PR ORIGINAL 150gr (1), ES TEH MANIS (1)",CORD,98175.00,IDR,restaurant,
dataset/temp_cord/image/receipt_00162.png,UNKNOWN,,41.580,restaurant,"Butter croissant (1x), Almond Croissant (1x), Mini Chocolate Donut (1x)",CORD,41580.00,IDR,restaurant,
dataset/temp_cord/image/receipt_00163.png,UNKNOWN,,13.200,restaurant,,CORD,13200.00,IDR,restaurant,
dataset/temp_cord/image/receipt_00164.png,UNKNOWN,,"17,999",restaurant,,CORD,17999.00,IDR,restaurant,
dataset/temp_cord/image/receipt_00165.png,UNKNOWN,,21.000,restaurant,,CORD,21000.00,IDR,restaurant,
dataset/temp_cord/image/receipt_00166.png,UNKNOWN,,"20,000",restaurant,,CORD,20000.00,IDR,restaurant,
dataset/temp_cord/image/receipt_00167.png,UNKNOWN,,"12,600",restaurant,"RISOL ROGUT (2X), MIKA KCL, PLASTIK 25",CORD,12600.00,IDR,restaurant,
dataset/temp_cord/image/receipt_00168.png,UNKNOWN,,"12,750",restaurant,,CORD,12750.00,IDR,restaurant,
dataset/temp_cord/image/receipt_00169.png,UNKNOWN,,"23,000",restaurant,,CORD,23000.00,IDR,restaurant,
dataset/temp_cord/image/receipt_00170.png,UNKNOWN,,"34,000",restaurant,,CORD,34000.00,IDR,restaurant,
dataset/temp_cord/image/receipt_00171.png,UNKNOWN,,"100,000",restaurant,"Coffee Rocksalt [R] (1), ICED NUTELLA LATTE [R] (1), ICED MOCHA LATTE [R] (1)",CORD,100000.00,IDR,restaurant,
dataset/temp_cord/image/receipt_00172.png,UNKNOWN,,"40,000",restaurant,,CORD,40000.00,IDR,restaurant,
dataset/temp_cord/image/receipt_00173.png,UNKNOWN,,"346,500",restaurant,,CORD,346500.00,IDR,restaurant,
dataset/temp_cord/image/receipt_00174.png,UNKNOWN,,20.000,restaurant,,CORD,20000.00,IDR,restaurant,
dataset/temp_cord/image/receipt_00175.png,UNKNOWN,,"18,000",restaurant,"HAZELNUT ALM, CAPPUCINO CI, TIRAMISU CIN",CORD,18000.00,IDR,restaurant,
dataset/temp_cord/image/receipt_00176.png,UNKNOWN,,38.000,restaurant,"Spaghetti Bini Muda (Bol ognese) - DINE IN (1), French Fries - DINE IN (1), Mineral Water - DINE IN (1)",CORD,38000.00,IDR,restaurant,
dataset/temp_cord/image/receipt_00177.png,UNKNOWN,,"137,500",restaurant,"KUPAT TAHU (2), MIE KOCOK (3)",CORD,137500.00,IDR,restaurant,
dataset/temp_cord/image/receipt_00178.png,UNKNOWN,,259.000,restaurant,"GARISH PC, PLASTIK BAG;: 000 PC",CORD,259000.00,IDR,restaurant,
dataset/temp_cord/image/receipt_00179.png,UNKNOWN,,"128,764",restaurant,"109.NG NANAS (1), DE13.PSANG IJO MDM (1), CT12.BLK JELY KPI IC (1)",CORD,128764.00,IDR,restaurant,
dataset/temp_cord/image/receipt_00180.png,UNKNOWN,,"147,600",restaurant,"CHOCO CHIP (2 X), CHOCO BANANA (3 X), CRISPY CHOCO, CRISPY CHOCO, CHOCBAN CUP (3 X), RED VELVET (2X)",CORD,147600.00,IDR,restaurant,
dataset/temp_cord/image/receipt_00181.png,UNKNOWN,,"152,746",restaurant,"SAUSAGE AND SALAMI (1), GREEN MONSIEUR (1)",CORD,152746.00,IDR,restaurant,
dataset/temp_cord/image/receipt_00182.png,UNKNOWN,,"22,500",restaurant,,CORD,22500.00,IDR,restaurant,
dataset/temp_cord/image/receipt_00183.png,UNKNOWN,,"15,000",restaurant,,CORD,15000.00,IDR,restaurant,
dataset/temp_cord/image/receipt_00184.png,UNKNOWN,,"42,000",restaurant,"PAIN AU CHOCOLATE (2), APPLE PIE (1), REDBEAN BREAD (1)",CORD,42000.00,IDR,restaurant,
dataset/temp_cord/image/receipt_00185.png,UNKNOWN,,"58,000",restaurant,,CORD,58000.00,IDR,restaurant,
dataset/temp_cord/image/receipt_00186.png,UNKNOWN,,"13,500",restaurant,,CORD,13500.00,IDR,restaurant,
dataset/temp_cord/image/receipt_00187.png,UNKNOWN,,"15,500",restaurant,,CORD,15500.00,IDR,restaurant,
dataset/temp_cord/image/receipt_00188.png,UNKNOWN,,"24,000",restaurant,,CORD,24000.00,IDR,restaurant,
dataset/temp_cord/image/receipt_00189.png,UNKNOWN,,"24,000",restaurant,,CORD,24000.00,IDR,restaurant,
dataset/temp_cord/image/receipt_00190.png,UNKNOWN,,"351,000",restaurant,"SOONDUBU CHIGE (1), JAP CHAE (1), GOCHUJANG SAMGYEOPSAL (1)",CORD,351000.00,IDR,restaurant,
dataset/temp_cord/image/receipt_00191.png,UNKNOWN,,33.500,restaurant,"LAY'S NORI SEAWD 55G (1), QTELA KRP/TMPE ORI55 (1), SOSRO TEH BOTOL 350 (2), PUCUK/H TEH L/SGR350 (1), AQUA AIR MINERAL 600 (2), PEDULI DISABILITAS (1)",CORD,33500.00,IDR,restaurant,
dataset/temp_cord/image/receipt_00192.png,UNKNOWN,,"56,000",restaurant,"Kupon 7, MINERAL WATER",CORD,56000.00,IDR,restaurant,
dataset/temp_cord/image/receipt_00193.png,UNKNOWN,,"1,376,500",restaurant,"BAK MANDI (BAK MANDI TAIWAN BESAR), TATAKAN MANDI (JARING MANDI JALA) -, BAJU ATASAN(PETITE MIMI ROMPER 3D FOREST / RM0003), ACCESORIES(SUN BABES PENUTUP MATA), KAPAS (KAPAS MEDISOFT COTTON BALL 120) (3), JOIE KUBBIE(BABY BOX)",CORD,1376500.00,IDR,restaurant,
dataset/temp_cord/image/receipt_00194.png,UNKNOWN,,"705,000",restaurant,"BUDS CALMING TUMMY RUB CREAM 30ML(TOILETRIES), BUDS PRECIOUS NEWBORN CREAM 75ML(TOILETRIES), BUDS PRECIOUS NEWBORN HEAD TO TOE CLEANSER 250ML(TOILETRIES)",CORD,705000.00,IDR,restaurant,
dataset/temp_cord/image/receipt_00195.png,UNKNOWN,,"31,500",restaurant,"CRISPY APPLE RAISIN PASTR (1), PAIN AU CHOCOLATE (1), REDBEAN BREAD (1)",CORD,31500.00,IDR,restaurant,
dataset/temp_cord/image/receipt_00196.png,UNKNOWN,,"51,000",restaurant,"PEPPERONI (x 1), ALMOND CREAM CHEESE (x 1)",CORD,51000.00,IDR,restaurant,
dataset/temp_cord/image/receipt_00197.png,UNKNOWN,,"74,000",restaurant,"CK.MANTAP A (1), CHEESE B (2), TAKE AWAY (1)",CORD,74000.00,IDR,restaurant,
dataset/temp_cord/image/receipt_00198.png,UNKNOWN,,"20,000",restaurant,,CORD,20000.00,IDR,restaurant,
dataset/temp_cord/image/receipt_00199.png,UNKNOWN,,314100.00,restaurant,"1216 DPR BATB SD ENCHANTED ROS (1), 1216 GGM 12"" TTN HERO YONDU (1), 0217 GGM 12"" TITAN HERO GAMORA (1)",CORD,31410000.00,IDR,restaurant,
dataset/temp_cord/image/receipt_00200.png,UNKNOWN,,"54,600",restaurant,"NASI PUTIH (1), BASO KUAH (1)",CORD,54600.00,IDR,restaurant,
dataset/temp_cord/image/receipt_00201.png,UNKNOWN,,"23,000",restaurant,,CORD,23000.00,IDR,restaurant,
dataset/temp_cord/image/receipt_00202.png,UNKNOWN,,"51,000",restaurant,,CORD,51000.00,IDR,restaurant,
dataset/temp_cord/image/receipt_00203.png,UNKNOWN,,"237,997",restaurant,"AYAM (2X), DONAT AYAM (2X), ROTI SISIR (1X), BANANA SPLIT (3X), DONATCOKLAT (4X), TIGER ROLL PTG (1X), MARMER CAKE PTG (1X), BOLU HAWAI PTNG (1X), BANANA CAKE PTG (1X), MANDARIN CAKE PTG (2X), LAPIS SURABAYA PTG (2X), CAKE PITA (1X), PLASTIK TENTENG KECIL (2X)",CORD,237997.00,IDR,restaurant,
dataset/temp_cord/image/receipt_00204.png,UNKNOWN,,"17,000",restaurant,,CORD,17000.00,IDR,restaurant,
dataset/temp_cord/image/receipt_00205.png,UNKNOWN,,45.000,restaurant,"Lemon Tea (L). (1), Popcorn Salt (S). (1)",CORD,45000.00,IDR,restaurant,
dataset/temp_cord/image/receipt_00206.png,UNKNOWN,,"63,400",restaurant,"BASO KUAH (1), NASI PUTIH (1), A.MINERAL BOTOL (1)",CORD,63400.00,IDR,restaurant,
dataset/temp_cord/image/receipt_00207.png,UNKNOWN,,"44,500",restaurant,"Kupon 9, Kupon 1, LARGE ICED LEMON TEA",CORD,44500.00,IDR,restaurant,
dataset/temp_cord/image/receipt_00208.png,UNKNOWN,,"60,000",restaurant,"TROPICAL PUNCH (1), SOUP 50% (1), SALAD BAR 50% (1)",CORD,60000.00,IDR,restaurant,
dataset/temp_cord/image/receipt_00209.png,UNKNOWN,,"96,000",restaurant,"TWIST ORANGE CHOCO DONUT (2), CHOCOLATE TWIST (2), REAL CHOCOLATE ROLL (1), CHOCOLATE SOBORO (2)",CORD,96000.00,IDR,restaurant,
dataset/temp_cord/image/receipt_00210.png,UNKNOWN,,96.000,restaurant,"5001-Corn Flakes Cookies (x1), 4003-Blueberry Fuji (x1), 6002-Plastic Bag Medium (x1)",CORD,96000.00,IDR,restaurant,
dataset/temp_cord/image/receipt_00211.png,UNKNOWN,,70.000,restaurant,"Coke (L) (1), Extra Jelly Lychee (1), Popcorn Salt (M) (1)",CORD,70000.00,IDR,restaurant,
dataset/temp_cord/image/receipt_00212.png,UNKNOWN,,"9.500,00",restaurant,,CORD,950000.00,IDR,restaurant,
dataset/temp_cord/image/receipt_00213.png,UNKNOWN,,42.000,restaurant,"THAI ICED COFFEE (1), THAI ICED GREEN TEA (1)",CORD,42000.00,IDR,restaurant,
dataset/temp_cord/image/receipt_00214.png,UNKNOWN,,"58,000",restaurant,"RAMES AYAM, Dendeng PDS",CORD,58000.00,IDR,restaurant,
dataset/temp_cord/image/receipt_00215.png,UNKNOWN,,"74,000",restaurant,"CK.MANTAP A (1), CHEESE B (2), TAKE AWAY (1)",CORD,74000.00,IDR,restaurant,
dataset/temp_cord/image/receipt_00216.png,UNKNOWN,,23.000,restaurant,,CORD,23000.00,IDR,restaurant,
dataset/temp_cord/image/receipt_00217.png,UNKNOWN,,22.000,restaurant,"1001-Choco Bun (x1), 6001-Plastic Bag Small (x1)",CORD,22000.00,IDR,restaurant,
dataset/temp_cord/image/receipt_00218.png,UNKNOWN,,"421,641",restaurant,"Grilled Dorry Fish (1), Set Menu Family (1), Teppan Seafood Udon (1)",CORD,421641.00,IDR,restaurant,
dataset/temp_cord/image/receipt_00219.png,UNKNOWN,,"83,716",restaurant,"EDAMAME (0.512X), df shllt by not250 (1X), CF BUNCIS ORG (1X), CABE KERITING CURA (0.074X), TOMAT CURAH (0.198X), JERUK NIPIS (0.09X), CUMI BANGKA (0.282X)",CORD,83716.00,IDR,restaurant,
dataset/temp_cord/image/receipt_00220.png,UNKNOWN,,"45,000",restaurant,"KING DEAL CHEESE BURGER R, 1 PC BIC",CORD,45000.00,IDR,restaurant,
dataset/temp_cord/image/receipt_00221.png,UNKNOWN,,"123,000",restaurant,"POTATO SAUSAGE BREAD (1), OREO GREEN TEA SPREAD (1), WHITE CHOCO BANANA SPREAD (1)",CORD,123000.00,IDR,restaurant,
dataset/temp_cord/image/receipt_00222.png,UNKNOWN,,20.000,restaurant,,CORD,20000.00,IDR,restaurant,
dataset/temp_cord/image/receipt_00223.png,UNKNOWN,,"29,500",restaurant,,CORD,29500.00,IDR,restaurant,
dataset/temp_cord/image/receipt_00224.png,UNKNOWN,,"TOTAL 47,499",restaurant,,CORD,47499.00,IDR,restaurant,
dataset/temp_cord/image/receipt_00225.png,UNKNOWN,,"17,000",restaurant,,CORD,17000.00,IDR,restaurant,
dataset/temp_cord/image/receipt_00226.png,UNKNOWN,,"90,200",restaurant,"PKT TELOR/PERKEDEL, DENDENG, SBL GR TERI, NESTLE 330 ML (2X)",CORD,90200.00,IDR,restaurant,
dataset/temp_cord/image/receipt_00227.png,UNKNOWN,,"9.500,00",restaurant,,CORD,950000.00,IDR,restaurant,
dataset/temp_cord/image/receipt_00228.png,UNKNOWN,,"17,000",restaurant,,CORD,17000.00,IDR,restaurant,
dataset/temp_cord/image/receipt_00229.png,UNKNOWN,,"33,000",restaurant,,CORD,33000.00,IDR,restaurant,
dataset/temp_cord/image/receipt_00230.png,UNKNOWN,,"541,620",restaurant,"SAMGYOPSAL (1), OGYOPSAL (1), YUKHWE (1), RICE (1), JABCHAE BEEF (1), OCHA DINGIN (1), SUNDUBU (1)",CORD,541620.00,IDR,restaurant,
dataset/temp_cord/image/receipt_00231.png,UNKNOWN,,"55,500",restaurant,"NASI KUNING (2X), CENTIKPLANCI (3X), MIKA KECIL (1X), PLASTIK SEDANG (1X), SENDOK MAKAN (1X), SENDOK MAKAN (1X), GARPU (1X), GARPU (1X)",CORD,55500.00,IDR,restaurant,
dataset/temp_cord/image/receipt_00232.png,UNKNOWN,,"655,292",restaurant,"HOT OCHA (1), OCHA (3), JYO HARAMI 30% (1), WAKI SALAD (1), MARBLED SIRLOIN STEAK 200gr (2)",CORD,655292.00,IDR,restaurant,
dataset/temp_cord/image/receipt_00233.png,UNKNOWN,,29.700,restaurant,"Pepenero Pastel (1x), Arem Arem (1x)",CORD,29700.00,IDR,restaurant,
dataset/temp_cord/image/receipt_00234.png,UNKNOWN,,"21,000",restaurant,"REDBEAN BREAD (1), FRANKFRUT SAUSAGE ROLL (1)",CORD,21000.00,IDR,restaurant,
dataset/temp_cord/image/receipt_00235.png,UNKNOWN,,"43,110",restaurant,"NS MINI STICK (2X), GERRY SM CHEESE110 (1X), DECOLGEN TABLET 4S (3X), FIXALL HK 26521 (2X)",CORD,43110.00,IDR,restaurant,
dataset/temp_cord/image/receipt_00236.png,UNKNOWN,,"22,000",restaurant,,CORD,22000.00,IDR,restaurant,
dataset/temp_cord/image/receipt_00237.png,UNKNOWN,,22.000,restaurant,,CORD,22000.00,IDR,restaurant,
dataset/temp_cord/image/receipt_00238.png,UNKNOWN,,"9,000",restaurant,,CORD,9000.00,IDR,restaurant,
dataset/temp_cord/image/receipt_00239.png,UNKNOWN,,"177,500",restaurant,"TWIST DONUT (1), BANANA DONUT (1), DARK CHOCOLATE MUFFIN (2), [MD] MINI CASTELLA CHOCOL (1), PREMIUM MILK PAN BREAD (1), APPLE PIE (1), PAIN AU CHOCOLATE (2), KAYA BUN (2), SAUSAGE BREAD (1), TLJ HOTDOG (1)",CORD,177500.00,IDR,restaurant,
dataset/temp_cord/image/receipt_00240.png,UNKNOWN,,"9,000",restaurant,,CORD,9000.00,IDR,restaurant,
dataset/temp_cord/image/receipt_00241.png,UNKNOWN,,"49,500",restaurant,"Salad Deluxe (2), Perkedel (2), Chicken HCC, 1PCS (1), CHARGE TA (1)",CORD,49500.00,IDR,restaurant,
dataset/temp_cord/image/receipt_00242.png,UNKNOWN,,"19,000",restaurant,,CORD,19000.00,IDR,restaurant,
dataset/temp_cord/image/receipt_00243.png,UNKNOWN,,"382,350",restaurant,"BULGOGI JEONGSIK (1), EL KEUN HWANGTAE (1), SUNDUBU(TUKBEGI) GYERAN CIM (1)",CORD,382350.00,IDR,restaurant,
dataset/temp_cord/image/receipt_00244.png,UNKNOWN,,48.000,restaurant,,CORD,48000.00,IDR,restaurant,
dataset/temp_cord/image/receipt_00245.png,UNKNOWN,,"242,528",restaurant,"BLACK PRAWN PASTA (1), CARBONARA (1), EARL GREY MILK TEA (1)",CORD,242528.00,IDR,restaurant,
dataset/temp_cord/image/receipt_00246.png,UNKNOWN,,"43,000",restaurant,"CARAMEL PASTRY (1), CHOCOLATE TWIST (1), SAUSAGE BREAD (1)",CORD,43000.00,IDR,restaurant,
dataset/temp_cord/image/receipt_00247.png,UNKNOWN,,72.000,restaurant,,CORD,72000.00,IDR,restaurant,
dataset/temp_cord/image/receipt_00248.png,UNKNOWN,,24.000,restaurant,,CORD,24000.00,IDR,restaurant,
dataset/temp_cord/image/receipt_00249.png,UNKNOWN,,"36,300",restaurant,,CORD,36300.00,IDR,restaurant,
dataset/temp_cord/image/receipt_00250.png,UNKNOWN,,15000,restaurant,,CORD,15000.00,IDR,restaurant,
dataset/temp_cord/image/receipt_00251.png,UNKNOWN,,"19,500",restaurant,,CORD,19500.00,IDR,restaurant,
dataset/temp_cord/image/receipt_00252.png,UNKNOWN,,22.000,restaurant,"2001-Hokkaido Milk Toast (x1), 6001-Plastic Bag Small (x1)",CORD,22000.00,IDR,restaurant,
dataset/temp_cord/image/receipt_00253.png,UNKNOWN,,"75,000",restaurant,"), >, > (1), FL-Xmas 30 Off (1)",CORD,75000.00,IDR,restaurant,
dataset/temp_cord/image/receipt_00254.png,UNKNOWN,,259.298,restaurant,"Ayam goreng+Sayur asem (1), Nasi Uduk Ayam (1), Nasi Rawon (1), NASI PUTIH (1), Mineral Water (2), Teh Tawar Dingin (2), Sayur Asem (1)",CORD,259298.00,IDR,restaurant,
dataset/temp_cord/image/receipt_00255.png,UNKNOWN,,"104,000",restaurant,"NEW BEEF SPAGHETTI (1), P/P AMERICAN FAV (1), PAKET HAPPY HOUR (1)",CORD,104000.00,IDR,restaurant,
dataset/temp_cord/image/receipt_00256.png,UNKNOWN,,"226,500.00",restaurant,"AMBUSH DBL CHS BURG (11), AMBUSH CHS BURGER (4), TAKE AWAY CHARGE (1)",CORD,22650000.00,IDR,restaurant,
dataset/temp_cord/image/receipt_00257.png,UNKNOWN,,Rp 165000.00,restaurant,,CORD,16500000.00,IDR,restaurant,
dataset/temp_cord/image/receipt_00258.png,UNKNOWN,,"41,000",restaurant,,CORD,41000.00,IDR,restaurant,
dataset/temp_cord/image/receipt_00259.png,UNKNOWN,,15000,restaurant,,CORD,15000.00,IDR,restaurant,
dataset/temp_cord/image/receipt_00260.png,UNKNOWN,,"258,500",restaurant,"BITTERBALLEN (1.0), MOZZARELA STICK (1.0), NOUGAT ICE CREAM (1.0), SAUCYS BROOD (1.0), AMANDEL BROOD (1.0), BOKKEPOOTJES (1.0)",CORD,258500.00,IDR,restaurant,
dataset/temp_cord/image/receipt_00261.png,UNKNOWN,,134.000,restaurant,"Mie Jumbo Pst/bakso (2), Bakmie Pst/ Bakso (1), Liang Teh (2), Es /hagat Jeruk (1), Krupuk Babi Bungkus (1)",CORD,134000.00,IDR,restaurant,
dataset/temp_cord/image/receipt_00262.png,UNKNOWN,,"67,000",restaurant,"TWIST DONUT (1), PEACH PASTRY (1), CHOCO CUSTARD PASTRY (1), EGG TART (1), ROYAL CHEESE TART (1)",CORD,67000.00,IDR,restaurant,
dataset/temp_cord/image/receipt_00263.png,UNKNOWN,,"60,999",restaurant,"Nutella Cheese (1), Toblerone BanCheese (1)",CORD,60999.00,IDR,restaurant,
dataset/temp_cord/image/receipt_00264.png,UNKNOWN,,"392,590",restaurant,"JASMINE (1), P. RIBS SP (R) (1), PORK TENDER (L) (1), TAIL STOMACH (S) (1), P. INTESTINE (R) (1), CAKWE (L) (1), WHITE RICE (2), PLAIN CONGEE (1)",CORD,392590.00,IDR,restaurant,
dataset/temp_cord/image/receipt_00265.png,UNKNOWN,,75.000,restaurant,"Popcorn Salt (M) (1), Mineral Water (S) (1), Fanta Stwbry (L) (1)",CORD,75000.00,IDR,restaurant,
dataset/temp_cord/image/receipt_00266.png,UNKNOWN,,"1,241,790",restaurant,"UDANG REBUS (M) (1), ANGSIO TH PC JMR (1), AYAM GR KERING (1), BIHUN GORENG JJ (1), NASI GORENG NJUN (1), HOT TEA (5), IKAN GURAME MED SOP IKAN (1), CUMI GR JUNJAN (1), SUP BURUNG DARA (1), ICED TEA (1), CHINESE TEA KWAN'IM (1), NASI PUTIH (2)",CORD,1241790.00,IDR,restaurant,
dataset/temp_cord/image/receipt_00267.png,UNKNOWN,,41.000,restaurant,,CORD,41000.00,IDR,restaurant,
dataset/temp_cord/image/receipt_00268.png,UNKNOWN,,"17,000",restaurant,,CORD,17000.00,IDR,restaurant,
dataset/temp_cord/image/receipt_00269.png,UNKNOWN,,"81,400",restaurant,"TUNA & CHEDDAR, ONION RINGS, AQUA BTL",CORD,81400.00,IDR,restaurant,
dataset/temp_cord/image/receipt_00270.png,UNKNOWN,,"22,000",restaurant,,CORD,22000.00,IDR,restaurant,
dataset/temp_cord/image/receipt_00271.png,UNKNOWN,,36.000,restaurant,,CORD,36000.00,IDR,restaurant,
dataset/temp_cord/image/receipt_00272.png,UNKNOWN,,"16,500",restaurant,"Astor Stick Cokelat 40gr (1), green tea (1)",CORD,16500.00,IDR,restaurant,
dataset/temp_cord/image/receipt_00273.png,UNKNOWN,,"41,000",restaurant,,CORD,41000.00,IDR,restaurant,
dataset/temp_cord/image/receipt_00274.png,UNKNOWN,,"128,700",restaurant,"NASI UDUK SATE BUNTEL (X 1), NASI BALI (EMPAL) (X 1)",CORD,128700.00,IDR,restaurant,
dataset/temp_cord/image/receipt_00275.png,UNKNOWN,,"260,150",restaurant,"Benedict Burrito (1), Lychee Ice Tea (1), Soup Of The Day (1), Strawberry jc (1)",CORD,260150.00,IDR,restaurant,
dataset/temp_cord/image/receipt_00276.png,UNKNOWN,,19.000,restaurant,,CORD,19000.00,IDR,restaurant,
dataset/temp_cord/image/receipt_00277.png,UNKNOWN,,"2,307,021",restaurant,"SOGOGI JAPCHAE (2), GONG GIBAB (6), GYERAN MARI (2), JEK SEOK TEOK POKI (S) (1), * MINERAL WATER (1), EL KEUN HWANGTAE SUNDUBU (TUKBEGI) (2), DAK GANG JEONG (2), YANG NYEOM SAM GYEOP SAL (1), PREMIUM YANGNYEOM GALBISAL (1), JEKSEOK YANG NYEOM GUI (1), HAEMUL DENJANG JJIGAE (1)",CORD,2307021.00,IDR,restaurant,
dataset/temp_cord/image/receipt_00278.png,UNKNOWN,,"45,000",restaurant,"S-Fresh Lemon Lime (1X), S-Fresh Lemon Lime (1X), S-Fresh Lemon Lime (1X)",CORD,45000.00,IDR,restaurant,
dataset/temp_cord/image/receipt_00279.png,UNKNOWN,,"15,000",restaurant,"SOP AYM BNG, TEH TARIK P",CORD,15000.00,IDR,restaurant,
dataset/temp_cord/image/receipt_00280.png,UNKNOWN,,"25,000",restaurant,"RB. COKLAT BAR (1), RB. COKLAT BUN (1), RB. CREPES CHICKEN (1)",CORD,25000.00,IDR,restaurant,
dataset/temp_cord/image/receipt_00281.png,UNKNOWN,,"10,450",restaurant,,CORD,10450.00,IDR,restaurant,
dataset/temp_cord/image/receipt_00282.png,UNKNOWN,,88.620,restaurant,,CORD,88620.00,IDR,restaurant,
dataset/temp_cord/image/receipt_00283.png,UNKNOWN,,"22,000",restaurant,"ELEPHANT READ BEAN (1), chapsal twister donnut (1)",CORD,22000.00,IDR,restaurant,
dataset/temp_cord/image/receipt_00284.png,UNKNOWN,,"137,478",restaurant,"DOUBLE CHICK BREAST (1), IPED MANDARIN (1)",CORD,137478.00,IDR,restaurant,
dataset/temp_cord/image/receipt_00285.png,UNKNOWN,,75.000,restaurant,"Popcorn Salt (M) (1), Mineral Water (S) (1), Fanta Stwbry (L) (1)",CORD,75000.00,IDR,restaurant,
dataset/temp_cord/image/receipt_00286.png,UNKNOWN,,"14,000",restaurant,,CORD,14000.00,IDR,restaurant,
dataset/temp_cord/image/receipt_00287.png,UNKNOWN,,"28,000",restaurant,,CORD,28000.00,IDR,restaurant,
dataset/temp_cord/image/receipt_00288.png,UNKNOWN,,"80,000",restaurant,,CORD,80000.00,IDR,restaurant,
dataset/temp_cord/image/receipt_00289.png,UNKNOWN,,185.900,restaurant,"NASI GORENG (2), TEH BTL ES, TEH TELOR, SATE PADANG, NASI GORENG (2)",CORD,185900.00,IDR,restaurant,
dataset/temp_cord/image/receipt_00290.png,UNKNOWN,,"107,998",restaurant,,CORD,107998.00,IDR,restaurant,
dataset/temp_cord/image/receipt_00291.png,UNKNOWN,,"17,000",restaurant,,CORD,17000.00,IDR,restaurant,
dataset/temp_cord/image/receipt_00292.png,UNKNOWN,,40.000,restaurant,"Mineral Water (S). (2), Popcorn Salt (S). (1)",CORD,40000.00,IDR,restaurant,
dataset/temp_cord/image/receipt_00293.png,UNKNOWN,,466.620,restaurant,"Nasi Liwet (1), Nasi Uduk Ayam (1), Ayam Garang Asem (1), Ayam. Kremes (1), Nila Penyet + Nasi (1), Nasi Goreng Gila (1), Nasi Goreng Rawon (1), Mendoan (1), Teh Tawar Dingin (3), Teh Tawar Panas (1)",CORD,466620.00,IDR,restaurant,
dataset/temp_cord/image/receipt_00294.png,UNKNOWN,,78.000,restaurant,"Dumpling (1), Jamur Kuping (1), Caisim Kecil (1), Lapchiong (2), Otak-otak Singapore (2), Bihun (MLY) (1)",CORD,78000.00,IDR,restaurant,
dataset/temp_cord/image/receipt_00295.png,UNKNOWN,,"20,000",restaurant,"CHOCOLATE SUNDAE, REGULAR FRIES, TakeAway Charge",CORD,20000.00,IDR,restaurant,
dataset/temp_cord/image/receipt_00296.png,UNKNOWN,,"56,000",restaurant,,CORD,56000.00,IDR,restaurant,
dataset/temp_cord/image/receipt_00297.png,UNKNOWN,,"300,300",restaurant,"KUE CUBIT OVO/ SKIPPY (1), ES BUAH (2), DODOT KAKEK (1), DODOT CUCU COKLAT (1), CHOCOLATE MILK SHAKE (1), T. TARIK GREENTEA DINGIN (2), CHOCOLATE MILK SHAKE (1), ICED CAPPUCINO JELLY (1), T. TARIK GREENTEA DINGIN (1), TEH PAHIT PANAS (1), MINERAL WATER (1)",CORD,300300.00,IDR,restaurant,
dataset/temp_cord/image/receipt_00298.png,UNKNOWN,,"63,000",restaurant,,CORD,63000.00,IDR,restaurant,
dataset/temp_cord/image/receipt_00299.png,UNKNOWN,,51.000,restaurant,"Soto Daging (1), Nasi Putih (1), Teh Tawar Hangat (1)",CORD,51000.00,IDR,restaurant,
dataset/temp_cord/image/receipt_00300.png,UNKNOWN,,72.001,restaurant,"PAKET SUPER MANTAP 2A RAACHA (1), RICE (1)",CORD,72001.00,IDR,restaurant,
dataset/temp_cord/image/receipt_00301.png,UNKNOWN,,"16.000,00",restaurant,"1009-Roti Kelapa (x2), 1245-Plastik Tentengan Kecil (x1)",CORD,1600000.00,IDR,restaurant,
dataset/temp_cord/image/receipt_00302.png,UNKNOWN,,"353,320",restaurant,"Dom Cha Vire Sls (1x), P J Cotes du (2x)",CORD,353320.00,IDR,restaurant,
dataset/temp_cord/image/receipt_00303.png,UNKNOWN,,"836,000",restaurant,"AQUA 600ML (5), BIHUN GORENG SPECIAL (1), BIHUN MASAK KUAH (1), ES ALPUKAT (1), ES TEH MANIS (5), ES THE TAWAR (1), IFUMIE (1), JUICE ALPUKAT (1), JUICE STRAWBERRY (1), KWETIAW SIRAM SAPI (1), KWETIAW SIRAM SEA (1), KWETIAW GORENG SAPI (1), KWETIAW GORENG SEA (2), MIE GORENG SPECIAL (2), MPEKMPEK K SELAM (1), MPEKMPEK LENJER (1), NASI GORENG SPECIAL (2), TEH MANIS PANAS (3), TEH TAWAR (2), YAMIN BASO SAPI (1), YAMIN PANGSIT REBUS (1)",CORD,836000.00,IDR,restaurant,
dataset/temp_cord/image/receipt_00304.png,UNKNOWN,,"35,000",restaurant,"SPECIALTY COMBO (x 1), BOTTLED WATER (x 1)",CORD,35000.00,IDR,restaurant,
dataset/temp_cord/image/receipt_00305.png,UNKNOWN,,"42,000",restaurant,"CARAMELALMOND (1), STIX ECLAIRS (1)",CORD,42000.00,IDR,restaurant,
dataset/temp_cord/image/receipt_00306.png,UNKNOWN,,"30,000",restaurant,,CORD,30000.00,IDR,restaurant,
dataset/temp_cord/image/receipt_00307.png,UNKNOWN,,"11,500",restaurant,,CORD,11500.00,IDR,restaurant,
dataset/temp_cord/image/receipt_00308.png,UNKNOWN,,140.000,restaurant,"Mineral water (s) (1), Blend GT (M) (1), Extra Jelly Lychee (1), Extra Ice Cream (1), French Fries + FF (1)",CORD,140000.00,IDR,restaurant,
dataset/temp_cord/image/receipt_00309.png,UNKNOWN,,"9.500,00",restaurant,,CORD,950000.00,IDR,restaurant,
dataset/temp_cord/image/receipt_00310.png,UNKNOWN,,"770,000",restaurant,,CORD,770000.00,IDR,restaurant,
dataset/temp_cord/image/receipt_00311.png,UNKNOWN,,"22,000",restaurant,,CORD,22000.00,IDR,restaurant,
dataset/temp_cord/image/receipt_00312.png,UNKNOWN,,"10,000",restaurant,,CORD,10000.00,IDR,restaurant,
dataset/temp_cord/image/receipt_00313.png,UNKNOWN,,70.000,restaurant,"3002-Kyoto Choco Mochi (x3), 1019-Choco Banana (x1), 6001-Plastic Bag Small (x1)",CORD,70000.00,IDR,restaurant,
dataset/temp_cord/image/receipt_00314.png,UNKNOWN,,"59,998",restaurant,,CORD,59998.00,IDR,restaurant,
dataset/temp_cord/image/receipt_00315.png,UNKNOWN,,"12,000",restaurant,,CORD,12000.00,IDR,restaurant,
dataset/temp_cord/image/receipt_00316.png,UNKNOWN,,"505,428",restaurant,"Peach Tea (3), Lemon Tea (4), Chicken Kazan Curry (1), Chicken Karamiso Special (1), Chicken Shio Special (2), Beef Set A (1)",CORD,505428.00,IDR,restaurant,
dataset/temp_cord/image/receipt_00317.png,UNKNOWN,,"34,000",restaurant,,CORD,34000.00,IDR,restaurant,
dataset/temp_cord/image/receipt_00318.png,UNKNOWN,,"50,000",restaurant,,CORD,50000.00,IDR,restaurant,
dataset/temp_cord/image/receipt_00319.png,UNKNOWN,,"140,800",restaurant,"LONTONG CAP GO MEH (X 1), NASI LIWET (SATE BUNTEL AYAM) (X 1), TEH JAWA (X 2)",CORD,140800.00,IDR,restaurant,
dataset/temp_cord/image/receipt_00320.png,UNKNOWN,,"18,500",restaurant,,CORD,18500.00,IDR,restaurant,
dataset/temp_cord/image/receipt_00321.png,UNKNOWN,,"1,802,900",restaurant,"Angus Striploin (1), Chicken Steak (1), CK Redvelvet (1), Creamed Spinach (1), F Squeeze Orange (1), House Blend (1), Ice Tea Peach (1), Ice Tea Rasp (2), Jasmine Tea (1), Roasted Chicken (2), Salmon (1), Salmon Seaweed Bowl (1), Sorbet (1)",CORD,1802900.00,IDR,restaurant,
dataset/temp_cord/image/receipt_00322.png,UNKNOWN,,"38.500,00",restaurant,"3180-Soes Marmer (x3), 1006-Roti Molen (x2), 1245-Plastik Tentengan Kecil (x1), 1244-Plastik Tentengan Sedang (x1)",CORD,3850000.00,IDR,restaurant,
dataset/temp_cord/image/receipt_00323.png,UNKNOWN,,"43,000",restaurant,,CORD,43000.00,IDR,restaurant,
dataset/temp_cord/image/receipt_00324.png,UNKNOWN,,"39,200,00",restaurant,,CORD,3920000.00,IDR,restaurant,
dataset/temp_cord/image/receipt_00325.png,UNKNOWN,,"287,760",restaurant,"AOP Seafood (1), Omurice Katsu Curry (1), Earl Gray Tea (1), Hot Tea (1)",CORD,287760.00,IDR,restaurant,
dataset/temp_cord/image/receipt_00326.png,UNKNOWN,,"37,000",restaurant,,CORD,37000.00,IDR,restaurant,
dataset/temp_cord/image/receipt_00327.png,UNKNOWN,,"39,600",restaurant,,CORD,39600.00,IDR,restaurant,
dataset/temp_cord/image/receipt_00328.png,UNKNOWN,,228.000,restaurant,"Coke (L) (1), Fanta Strwbry (L) (1), XXI Java Tea Spc (1), Caramel Medium (1), Butter Milk Popcorn (1), Tahu Ikan Oma Giok (3)",CORD,228000.00,IDR,restaurant,
dataset/temp_cord/image/receipt_00329.png,UNKNOWN,,30.000,restaurant,"Mineral Water (S). (1), Popcorn Salt (S). (1)",CORD,30000.00,IDR,restaurant,
dataset/temp_cord/image/receipt_00330.png,UNKNOWN,,"45,000",restaurant,,CORD,45000.00,IDR,restaurant,
dataset/temp_cord/image/receipt_00331.png,UNKNOWN,,"54,000",restaurant,"KWT GR MGMSP, TEH HANGAT",CORD,54000.00,IDR,restaurant,
dataset/temp_cord/image/receipt_00332.png,UNKNOWN,,"60,523",restaurant,"CF NASI PUTIH (1X), CF NASI PUTIH (1X), CF BBQ CHKN WING (1X), FILLET DORI (0.354X), KERUPUK KERING (1X)",CORD,60523.00,IDR,restaurant,
dataset/temp_cord/image/receipt_00333.png,UNKNOWN,,"54,000",restaurant,,CORD,54000.00,IDR,restaurant,
dataset/temp_cord/image/receipt_00334.png,UNKNOWN,,89.000,restaurant,"Kwetiaw Ayam Jamur (2), 1/2 OTAK-OTAK (1), Es Cincau (1)",CORD,89000.00,IDR,restaurant,
dataset/temp_cord/image/receipt_00335.png,UNKNOWN,,"83,000",restaurant,"TWIST DONUT (3), CRANBERRY WALNUT (S) (2), POTATO SAUSAGE BREAD (1), BLACK CHEESE HOTDOG (1)",CORD,83000.00,IDR,restaurant,
dataset/temp_cord/image/receipt_00336.png,UNKNOWN,,35.000,restaurant,"Mineral Water (S) (1), Lemon Tea (L) (1)",CORD,35000.00,IDR,restaurant,
dataset/temp_cord/image/receipt_00337.png,UNKNOWN,,72.600,restaurant,"Iced Sleepy Coffee (1), Pisang Goreng (1)",CORD,72600.00,IDR,restaurant,
dataset/temp_cord/image/receipt_00338.png,UNKNOWN,,,restaurant,,CORD,,IDR,restaurant,
dataset/temp_cord/image/receipt_00339.png,UNKNOWN,,"38,000",restaurant,,CORD,38000.00,IDR,restaurant,
dataset/temp_cord/image/receipt_00340.png,UNKNOWN,,"57,500",restaurant,"PKT LELEH AYM GEPRK (1), PKT MIE LELEH (1)",CORD,57500.00,IDR,restaurant,
dataset/temp_cord/image/receipt_00341.png,UNKNOWN,,"152,000",restaurant,"ES TEH TAWAR (2), Lychee Tea (1), FROZEN CAPUCINO (1), NS BISTIK AYM TP (1), NS+AYAM GR RICA (1), KWETIAUW AYM SRM (1)",CORD,152000.00,IDR,restaurant,
dataset/temp_cord/image/receipt_00342.png,UNKNOWN,,47.000,restaurant,"1001-Choco Bun (x1), 4005-Maple glazed (x1), 6002-Plastic Bag Medium (x1)",CORD,47000.00,IDR,restaurant,
dataset/temp_cord/image/receipt_00343.png,UNKNOWN,,"185,394",restaurant,"BANANA RHUM RAISIN (1), PRAWN & SPINACH PASTA (1), ORIGINAL BREWED TEA (1)",CORD,185394.00,IDR,restaurant,
dataset/temp_cord/image/receipt_00344.png,UNKNOWN,,"121,000.00",restaurant,"AMBUSH DBL CHS BURG (6), AMBUSH CHS BURGER (2)",CORD,12100000.00,IDR,restaurant,
dataset/temp_cord/image/receipt_00345.png,UNKNOWN,,31.000,restaurant,,CORD,31000.00,IDR,restaurant,
dataset/temp_cord/image/receipt_00346.png,UNKNOWN,,"45,000",restaurant,"<AYA BUN (3), CRISPY REAL CHEESE (1)",CORD,45000.00,IDR,restaurant,
dataset/temp_cord/image/receipt_00347.png,UNKNOWN,,"347,655",restaurant,"Lumpia Klt Tahu (3) (1), SM Udang & Aym (4) (1), XLB Kptg&Aym(4) (1), Brokoli Bwg Putih (1), Mie Sup WT (U & A) (1), The Roselle (1)",CORD,347655.00,IDR,restaurant,
dataset/temp_cord/image/receipt_00348.png,UNKNOWN,,"45,000",restaurant,,CORD,45000.00,IDR,restaurant,
dataset/temp_cord/image/receipt_00349.png,UNKNOWN,,"599,955",restaurant,"GONG GIBAB (1), BO SSAM (1), HAEMUL DENJANG JJIGAE (1), MULNAENGMYO N (1)",CORD,599955.00,IDR,restaurant,
dataset/temp_cord/image/receipt_00350.png,UNKNOWN,,"32,000",restaurant,,CORD,32000.00,IDR,restaurant,
dataset/temp_cord/image/receipt_00351.png,UNKNOWN,,"34,500",restaurant,"Yakiniku Rice Organic (1), Mocca Float (1)",CORD,34500.00,IDR,restaurant,
dataset/temp_cord/image/receipt_00352.png,UNKNOWN,,"56,650",restaurant,"ES ILAT BOYO (1), NASI PUTIH (1), SAMBEL TOMAT SEG (1), SAYAP AYAM (1), TEA TAWAR (1)",CORD,56650.00,IDR,restaurant,
dataset/temp_cord/image/receipt_00353.png,UNKNOWN,,"18,999",restaurant,,CORD,18999.00,IDR,restaurant,
dataset/temp_cord/image/receipt_00354.png,UNKNOWN,,22.000,restaurant,"1001-Choco Bun (x1), 6001-Plastic Bag Small (x1)",CORD,22000.00,IDR,restaurant,
dataset/temp_cord/image/receipt_00355.png,UNKNOWN,,"92,000",restaurant,"Avocado with Rock Salt and Cocoa Cream [R], Avocado with Rock Salt and Cocoa Cream [R], Rock salt and Cheese [R] Coffee",CORD,92000.00,IDR,restaurant,
dataset/temp_cord/image/receipt_00356.png,UNKNOWN,,"37,000",restaurant,,CORD,37000.00,IDR,restaurant,
dataset/temp_cord/image/receipt_00357.png,UNKNOWN,,245.201,restaurant,"Nats Bitter Choco cake (1), Es Kopi Susu Pandan (1), Extra Whipping Cream (1), Iced Coffee Latte (1), Iced Sugar Cane (1), Sparkling Mango Mojito (1), Iced Coffee (1)",CORD,245201.00,IDR,restaurant,
dataset/temp_cord/image/receipt_00358.png,UNKNOWN,,"25,000",restaurant,,CORD,25000.00,IDR,restaurant,
dataset/temp_cord/image/receipt_00359.png,UNKNOWN,,"239,165",restaurant,"YANG YUM GUI (1), GALBI TANG (1), NASI(GONGGI BAB) (1)",CORD,239165.00,IDR,restaurant,
dataset/temp_cord/image/receipt_00360.png,UNKNOWN,,"96,000",restaurant,"TWIST ORANGE CHOCO DONUT (2), CHOCOLATE TWIST (2), REAL CHOCOLATE ROLL (1), CHOCOLATE SOBORO (2)",CORD,96000.00,IDR,restaurant,
dataset/temp_cord/image/receipt_00361.png,UNKNOWN,,282.000,restaurant,"Peach Iced Tea (1), Mango Mint Iced Tea (1), Nannys Customer Fries (1), Robert Olio Mushroom Spaghetti (1), Emily's Shrimp Scampi Fettucine (1)",CORD,282000.00,IDR,restaurant,
dataset/temp_cord/image/receipt_00362.png,UNKNOWN,,"599,955",restaurant,"GONG GIBAB (1), BO SSAM (1), HAEMUL DENJANG JJIGAE (1), MULNAENGMYON (1)",CORD,599955.00,IDR,restaurant,
dataset/temp_cord/image/receipt_00363.png,UNKNOWN,,"58,000",restaurant,,CORD,58000.00,IDR,restaurant,
dataset/temp_cord/image/receipt_00364.png,UNKNOWN,,"126,000",restaurant,"[RICHE] BLACK SAKURA (1), [RICHE] BLACK SAKURA (1)",CORD,126000.00,IDR,restaurant,
dataset/temp_cord/image/receipt_00365.png,UNKNOWN,,"441,782",restaurant,"LM Dmplg Chli Sc (1), LM Poach Marble Beef (2), DIMSUM (2), XLB Org Pork 6x (1), Oolong Jasmine Cup (1), Tea (2)",CORD,441782.00,IDR,restaurant,
dataset/temp_cord/image/receipt_00366.png,UNKNOWN,,"74,000",restaurant,"CHICKEN KATSU CURRY UDON (1), KAKIAGE TEMPURA (1), COLD OCHA (1)",CORD,74000.00,IDR,restaurant,
dataset/temp_cord/image/receipt_00367.png,UNKNOWN,,"80,500",restaurant,"TWIST DONUT (2), BROWNIE (1), REAL GANACHE (1), REAL CHOCOLATE ROLL (1), REDBEAN BREAD (1)",CORD,80500.00,IDR,restaurant,
dataset/temp_cord/image/receipt_00368.png,UNKNOWN,,"13,000",restaurant,,CORD,13000.00,IDR,restaurant,
dataset/temp_cord/image/receipt_00369.png,UNKNOWN,,"60,000",restaurant,"HZ CHOCO MT (L) TOPPING (1 x), MANGO GT (L) (1 x)",CORD,60000.00,IDR,restaurant,
dataset/temp_cord/image/receipt_00370.png,UNKNOWN,,"41,500",restaurant,"CKM 1 OR (1), Sundae (1)",CORD,41500.00,IDR,restaurant,
dataset/temp_cord/image/receipt_00371.png,UNKNOWN,,"42,000",restaurant,"S-Ovaltine Macchiat (1X), S-Hazelnut Milk Tea (1X)",CORD,42000.00,IDR,restaurant,
dataset/temp_cord/image/receipt_00372.png,UNKNOWN,,"18,000",restaurant,,CORD,18000.00,IDR,restaurant,
dataset/temp_cord/image/receipt_00373.png,UNKNOWN,,"43,500",restaurant,"Bento Barbeque (1), Lychee Float (1), KFC Winger HC (1)",CORD,43500.00,IDR,restaurant,
dataset/temp_cord/image/receipt_00374.png,UNKNOWN,,70.000,restaurant,"3002-Kyoto Choco Mochi (x4), 3001-Sakura Mochi (x1), 6001-Plastic Bag Small (x1)",CORD,70000.00,IDR,restaurant,
dataset/temp_cord/image/receipt_00375.png,UNKNOWN,,315.700,restaurant,"Grande (3), Lemon grass tea (Dine in) (1), Cheese Tea Hokkaido Melon (3), Air Mineral (2)",CORD,315700.00,IDR,restaurant,
dataset/temp_cord/image/receipt_00376.png,UNKNOWN,,"181,271",restaurant,"SWEEAT ICE TEA (1), OREO MILK BLEND (1), FRIED RC SFOOD (1), SHISHA (1), MASHED POTATO (1)",CORD,181271.00,IDR,restaurant,
dataset/temp_cord/image/receipt_00377.png,UNKNOWN,,"40,000",restaurant,,CORD,40000.00,IDR,restaurant,
dataset/temp_cord/image/receipt_00378.png,UNKNOWN,,19.800,restaurant,,CORD,19800.00,IDR,restaurant,
dataset/temp_cord/image/receipt_00379.png,UNKNOWN,,"80,000",restaurant,"Original Hugarian Ku (1x), Original Hugarian Ku (1x), Original Hugarian Ku (1x), Original Hugarian Ku (1x)",CORD,80000.00,IDR,restaurant,
dataset/temp_cord/image/receipt_00380.png,UNKNOWN,,"30,000",restaurant,,CORD,30000.00,IDR,restaurant,
dataset/temp_cord/image/receipt_00381.png,UNKNOWN,,"16,000",restaurant,"RB. AI-AI CHOCO (1), RB. COKLAT COFFEE (1)",CORD,16000.00,IDR,restaurant,
dataset/temp_cord/image/receipt_00382.png,UNKNOWN,,30.000,restaurant,,CORD,30000.00,IDR,restaurant,
dataset/temp_cord/image/receipt_00383.png,UNKNOWN,,18.000,restaurant,,CORD,18000.00,IDR,restaurant,
dataset/temp_cord/image/receipt_00384.png,UNKNOWN,,"26,000",restaurant,,CORD,26000.00,IDR,restaurant,
dataset/temp_cord/image/receipt_00385.png,UNKNOWN,,"268,950",restaurant,"CHOCO CHIP (1.0), NOUGAT ICE CREAM (2.0), AMANDEL BROOD (1.0), BOKKEPOOTJES (1.0), CHOCOLATE ICE CREAM (2.0), MOCCA ICE CREAM (1.0)",CORD,268950.00,IDR,restaurant,
dataset/temp_cord/image/receipt_00386.png,UNKNOWN,,"1,198,648",restaurant,"HOT OCHA (1), OCHA (3), WAKI PLATTER FOR 4-5 (1), CHAPJEA (1), KALBI PLATTER 2-3 (1), MARBLED SIRLOIN STEAK 200gr (1)",CORD,1198648.00,IDR,restaurant,
dataset/temp_cord/image/receipt_00387.png,UNKNOWN,,"28,000",restaurant,,CORD,28000.00,IDR,restaurant,
dataset/temp_cord/image/receipt_00388.png,UNKNOWN,,"553,200",restaurant,"escargot florentine (1), Zurich Geschnitzel (1), Valdostana (3), Chicken Herb Crust (1), Lasagna Di Carne (1), Lemon Jc (1), Apple Pie (1), hot tea (1), hot lemon tea (1)",CORD,553200.00,IDR,restaurant,
dataset/temp_cord/image/receipt_00389.png,UNKNOWN,,"19,500",restaurant,,CORD,19500.00,IDR,restaurant,
dataset/temp_cord/image/receipt_00390.png,UNKNOWN,,"42,000",restaurant,,CORD,42000.00,IDR,restaurant,
dataset/temp_cord/image/receipt_00391.png,UNKNOWN,,"17,000",restaurant,,CORD,17000.00,IDR,restaurant,
dataset/temp_cord/image/receipt_00392.png,UNKNOWN,,30.000,restaurant,"ROTI ""0"" (x 3), SHOPPING BAG ROTI'O' 370/ (x 1)",CORD,30000.00,IDR,restaurant,
dataset/temp_cord/image/receipt_00393.png,UNKNOWN,,25.000,restaurant,"4005-Maple glazed (x1), 6001-Plastic Bag Small (x1)",CORD,25000.00,IDR,restaurant,
dataset/temp_cord/image/receipt_00394.png,UNKNOWN,,22.000,restaurant,"1001-Choco Bun (x1), 6001-Plastic Bag Small (x1)",CORD,22000.00,IDR,restaurant,
dataset/temp_cord/image/receipt_00395.png,UNKNOWN,,155.999,restaurant,"Bakmi Ayam Spc Ng (3), Box Bakmie (M) (3), Bakmi Ultah (1), Box Yi Fu Mie (L) (1)",CORD,155999.00,IDR,restaurant,
dataset/temp_cord/image/receipt_00396.png,UNKNOWN,,Rp 58000.00,restaurant,,CORD,5800000.00,IDR,restaurant,
dataset/temp_cord/image/receipt_00397.png,UNKNOWN,,"188,499",restaurant,"PILLOW COKLAT (1X), PILLOW DURIAN (1X), AYAM (2X), BANANA SPLIT (3X), DONATCOKLAT (4X), AYAM (1X), PLASTIK TENTENG KECIL (1X)",CORD,188499.00,IDR,restaurant,
dataset/temp_cord/image/receipt_00398.png,UNKNOWN,,"45,000",restaurant,"KCS 1, WHOP JR 15K, CHANGE TO CHICKEN BOX",CORD,45000.00,IDR,restaurant,
dataset/temp_cord/image/receipt_00399.png,UNKNOWN,,"49,500",restaurant,,CORD,49500.00,IDR,restaurant,
dataset/temp_cord/image/receipt_00400.png,UNKNOWN,,"110,000",restaurant,"(TW) MIE GORENG AYAM (1), (TW)NASI GORENG (1), NASI GORENG (1), ES TEH TAWAR (2)",CORD,110000.00,IDR,restaurant,
dataset/temp_cord/image/receipt_00401.png,UNKNOWN,,36.001,restaurant,"Bakso Campur (1), Es Teh Manis (1)",CORD,36001.00,IDR,restaurant,
dataset/temp_cord/image/receipt_00402.png,UNKNOWN,,"247,500",restaurant,,CORD,247500.00,IDR,restaurant,
dataset/temp_cord/image/receipt_00403.png,UNKNOWN,,"15,500",restaurant,,CORD,15500.00,IDR,restaurant,
dataset/temp_cord/image/receipt_00404.png,UNKNOWN,,"49,000",restaurant,"ORIGINAL COMBO (1), ORIGINAL COMBO (1)",CORD,49000.00,IDR,restaurant,
dataset/temp_cord/image/receipt_00405.png,UNKNOWN,,"130.000,00",restaurant,,CORD,13000000.00,IDR,restaurant,
dataset/temp_cord/image/receipt_00406.png,UNKNOWN,,6.000,restaurant,,CORD,6000.00,IDR,restaurant,
dataset/temp_cord/image/receipt_00407.png,UNKNOWN,,"39,200",restaurant,"LAPIS SINGAPUR (2X), LEMPER (2X), AREM AREM, MIKA BESAR, PLASTIK SEDANG",CORD,39200.00,IDR,restaurant,
dataset/temp_cord/image/receipt_00408.png,UNKNOWN,,31.500,restaurant,"GoFood Beragam - ICE LAT TE (1), ES KOPI SUSU (1)",CORD,31500.00,IDR,restaurant,
dataset/temp_cord/image/receipt_00409.png,UNKNOWN,,"41,000",restaurant,,CORD,41000.00,IDR,restaurant,
dataset/temp_cord/image/receipt_00410.png,UNKNOWN,,"125,000",restaurant,,CORD,125000.00,IDR,restaurant,
dataset/temp_cord/image/receipt_00411.png,UNKNOWN,,"25,000",restaurant,,CORD,25000.00,IDR,restaurant,
dataset/temp_cord/image/receipt_00412.png,UNKNOWN,,"13,000",restaurant,,CORD,13000.00,IDR,restaurant,
dataset/temp_cord/image/receipt_00413.png,UNKNOWN,,"275,000",restaurant,"CHIKATSU BEN (10X), BOX T. O (10X), OCHA (10X)",CORD,275000.00,IDR,restaurant,
dataset/temp_cord/image/receipt_00414.png,UNKNOWN,,"12,000",restaurant,,CORD,12000.00,IDR,restaurant,
dataset/temp_cord/image/receipt_00415.png,UNKNOWN,,"28,000",restaurant,,CORD,28000.00,IDR,restaurant,
dataset/temp_cord/image/receipt_00416.png,UNKNOWN,,"133,000",restaurant,"NIKU UDON (1), ABURA UDON (SPICY) (1), INARI (1), KAKIAGE TEMPURA (1), COLD OCHA (1)",CORD,133000.00,IDR,restaurant,
dataset/temp_cord/image/receipt_00417.png,UNKNOWN,,95.000,restaurant,"Blend GT (M) (1), Es Kopi Susu Pandan (1)",CORD,95000.00,IDR,restaurant,
dataset/temp_cord/image/receipt_00418.png,UNKNOWN,,"110,000",restaurant,"SAUSAGE DONUT (1), TLJ CROQUETTE (1), CORONET (2), SPOOKY SOBORO (2), SCREAMING RED BEAN (1), PIZZA TOAST (1)",CORD,110000.00,IDR,restaurant,
dataset/temp_cord/image/receipt_00419.png,UNKNOWN,,"369,600",restaurant,"Pork Belly Cheese Fries (1), Reflection Sparkling (1), Hot Black Cofee (1), Nasi Campur ala Bali (2), Oriental ""Ketjap"" Pork Rice (1)",CORD,369600.00,IDR,restaurant,
dataset/temp_cord/image/receipt_00420.png,UNKNOWN,,100.000,restaurant,,CORD,100000.00,IDR,restaurant,
dataset/temp_cord/image/receipt_00421.png,UNKNOWN,,"53,000",restaurant,"OCHA COLD (1), ABURA SOBA CHK (1)",CORD,53000.00,IDR,restaurant,
dataset/temp_cord/image/receipt_00422.png,UNKNOWN,,62.000,restaurant,"Thai Tea - ICE (1), Green Tea ICE (1), Thai Coffee ICE (1)",CORD,62000.00,IDR,restaurant,
dataset/temp_cord/image/receipt_00423.png,UNKNOWN,,"22,000",restaurant,"[MD] SOFT STEAMED CHEESEC (1), CHOCO CUSTARD PASTRY (1)",CORD,22000.00,IDR,restaurant,
dataset/temp_cord/image/receipt_00424.png,UNKNOWN,,"35,000",restaurant,,CORD,35000.00,IDR,restaurant,
dataset/temp_cord/image/receipt_00425.png,UNKNOWN,,"135,000",restaurant,"ES TEH MANIS (2), NS FILET IKN ASM MNS (1), NS+AYAM GR TPG (1), NASI GORENG SPC (1)",CORD,135000.00,IDR,restaurant,
dataset/temp_cord/image/receipt_00426.png,UNKNOWN,,"145,900",restaurant,"COLD OCHA (1), BCA PROMO (1), SKEWERED SHUMAI (1), SKEWERED TOFU ROLL (1), EBI TEMPURA (1), KITSUNE UDON (KIDS) (1)",CORD,145900.00,IDR,restaurant,
dataset/temp_cord/image/receipt_00427.png,UNKNOWN,,"726,495",restaurant,"Pangsit Delima (1), Lumpia Udg K Th (1), Ha Kaou Udng (1), Cheong Fen Udg (1), Hatosi Rambutan (2), Sio May Kpting (1), Kwo Tie Jala2 (1), Pancake Durian (1), Mie Gr Udg Gala (1), Lamien Udang T (1), Lamien Aym Ktsu (1), Ns Pgng Kj Sp (1), Kwt Polos Mdn (1), N Aym Hainam Jl (1), Chinese Tea (1), Ice Lemon Tea (1), Mineral Water (2)",CORD,726495.00,IDR,restaurant,
dataset/temp_cord/image/receipt_00428.png,UNKNOWN,,30.000,restaurant,,CORD,30000.00,IDR,restaurant,
dataset/temp_cord/image/receipt_00429.png,UNKNOWN,,"256,608",restaurant,"BLACKCURRANT (1), FRIED CALAMARI (1), SALTED EGG FISH & CHIPS (1), DANISH FISH & CHIPS (1)",CORD,256608.00,IDR,restaurant,
dataset/temp_cord/image/receipt_00430.png,UNKNOWN,,87.000,restaurant,"4005-Maple glazed (x1), 6001-Plastic Bag Small (x1), 5003-Chokoreto Cookies (x1)",CORD,87000.00,IDR,restaurant,
dataset/temp_cord/image/receipt_00431.png,UNKNOWN,,"44,000",restaurant,,CORD,44000.00,IDR,restaurant,
dataset/temp_cord/image/receipt_00432.png,UNKNOWN,,55.000,restaurant,"XXI Java Tea Spc (1), Popcorn Sweet (S) (1)",CORD,55000.00,IDR,restaurant,
dataset/temp_cord/image/receipt_00433.png,UNKNOWN,,"125,000",restaurant,"TORI BAITAN UDON (1), BEEF CURRY RICE (1), INARI (1), COLD OCHA (1)",CORD,125000.00,IDR,restaurant,
dataset/temp_cord/image/receipt_00434.png,UNKNOWN,,38.000,restaurant,,CORD,38000.00,IDR,restaurant,
dataset/temp_cord/image/receipt_00435.png,UNKNOWN,,"77,000",restaurant,"PREMIUM MILK PAN BREAD (1), CREAMCHEESE WALNUT BREAD (1), ROLL-IT PIZZA BREAD (1)",CORD,77000.00,IDR,restaurant,
dataset/temp_cord/image/receipt_00436.png,UNKNOWN,,"127,500",restaurant,"JAPANEESE GR TEA HOT (1), CHICKEN SKIN (1), GYU MOZZA DON (1), C.KATSU NOODLE HP (1)",CORD,127500.00,IDR,restaurant,
dataset/temp_cord/image/receipt_00437.png,UNKNOWN,,"256,000",restaurant,"TALKING ACTIVITY BK (1), KERTAS KADO 1500 (1)",CORD,256000.00,IDR,restaurant,
dataset/temp_cord/image/receipt_00438.png,UNKNOWN,,"97,500",restaurant,"H N Cheesy Chic (1), Rice Organik (1), K.Chees Chic RC (1), MOCA FLT OVLTIN (1), Perkedel (1), FFries Large (1)",CORD,97500.00,IDR,restaurant,
dataset/temp_cord/image/receipt_00439.png,UNKNOWN,,1126510,restaurant,"PaulanerP1 (1), DarkBeer0.5L (1), Weiss 0.3 L (1), Grill Sea Bass (2), LgrBeer0.3L (1), FlyDark 0.3 (1), DarkBeer0.3L (1)",CORD,1126510.00,IDR,restaurant,
dataset/temp_cord/image/receipt_00440.png,UNKNOWN,,24.000,restaurant,"1004-Smoked Cheese & Mushroom (x1), 6001-Plastic Bag Small (x1)",CORD,24000.00,IDR,restaurant,
dataset/temp_cord/image/receipt_00441.png,UNKNOWN,,"25,000",restaurant,,CORD,25000.00,IDR,restaurant,
dataset/temp_cord/image/receipt_00442.png,UNKNOWN,,"194,469",restaurant,"SHISAMO MENTAIKO (1), SALMON BACON (1), DYNAMITE SCALLOP (1), TOBIKO TOFU (1)",CORD,194469.00,IDR,restaurant,
dataset/temp_cord/image/receipt_00443.png,UNKNOWN,,"45,000",restaurant,,CORD,45000.00,IDR,restaurant,
dataset/temp_cord/image/receipt_00444.png,UNKNOWN,,52.800,restaurant,,CORD,52800.00,IDR,restaurant,
dataset/temp_cord/image/receipt_00445.png,UNKNOWN,,"42,500",restaurant,"ALMOND SUGAR MILK BREAD (1), POTATO SAUSAGE BREAD (1)",CORD,42500.00,IDR,restaurant,
dataset/temp_cord/image/receipt_00446.png,UNKNOWN,,"17,500",restaurant,,CORD,17500.00,IDR,restaurant,
dataset/temp_cord/image/receipt_00447.png,UNKNOWN,,Rp 29000.00,restaurant,,CORD,2900000.00,IDR,restaurant,
dataset/temp_cord/image/receipt_00448.png,UNKNOWN,,"113,000.00",restaurant,"Berry Many-Low (P) (1), 500 days of summer (P) (1), sun kissed (P) (1), PLASTIC BAG (1)",CORD,11300000.00,IDR,restaurant,
dataset/temp_cord/image/receipt_00449.png,UNKNOWN,,"66,000",restaurant,"KING DEAL CHEESE BURGER R, KINGBBOBPG ML REG, MED ICED LEMON TEA",CORD,66000.00,IDR,restaurant,
dataset/temp_cord/image/receipt_00450.png,UNKNOWN,,"21,000",restaurant,"CUSTARD BRIOCHE (1), CUSTARD SOBORO (1)",CORD,21000.00,IDR,restaurant,
dataset/temp_cord/image/receipt_00451.png,UNKNOWN,,13.200,restaurant,,CORD,13200.00,IDR,restaurant,
dataset/temp_cord/image/receipt_00452.png,UNKNOWN,,"22,000",restaurant,,CORD,22000.00,IDR,restaurant,
dataset/temp_cord/image/receipt_00453.png,UNKNOWN,,"54,000",restaurant,,CORD,54000.00,IDR,restaurant,
dataset/temp_cord/image/receipt_00454.png,UNKNOWN,,"45,000",restaurant,"MILK CREAM BREAD (1), REAL MILK CHOCO BREAD (1), RED BEAN BRAIDED BREAD (1)",CORD,45000.00,IDR,restaurant,
dataset/temp_cord/image/receipt_00455.png,UNKNOWN,,70.599,restaurant,"BASO TAHU (1), NASI PUTIH (1), TAHU SATUAN (1)",CORD,70599.00,IDR,restaurant,
dataset/temp_cord/image/receipt_00456.png,UNKNOWN,,"159,638",restaurant,"mush pasta (1), chic ques (1)",CORD,159638.00,IDR,restaurant,
dataset/temp_cord/image/receipt_00457.png,UNKNOWN,,15.000,restaurant,,CORD,15000.00,IDR,restaurant,
dataset/temp_cord/image/receipt_00458.png,UNKNOWN,,22.000,restaurant,,CORD,22000.00,IDR,restaurant,
dataset/temp_cord/image/receipt_00459.png,UNKNOWN,,104.500,restaurant,"ZUPPA SOUP, CHILLY N'CHEESE, BEEF CHEDDAR PO, MINERAL WATER",CORD,104500.00,IDR,restaurant,
dataset/temp_cord/image/receipt_00460.png,UNKNOWN,,11000,restaurant,,CORD,11000.00,IDR,restaurant,
dataset/temp_cord/image/receipt_00461.png,UNKNOWN,,"53,000",restaurant,"KFC Winger HC (2), Soaghetti Deluxe (1)",CORD,53000.00,IDR,restaurant,
dataset/temp_cord/image/receipt_00462.png,UNKNOWN,,"26,000",restaurant,,CORD,26000.00,IDR,restaurant,
dataset/temp_cord/image/receipt_00463.png,UNKNOWN,,"20,000",restaurant,,CORD,20000.00,IDR,restaurant,
dataset/temp_cord/image/receipt_00464.png,UNKNOWN,,"54,000",restaurant,,CORD,54000.00,IDR,restaurant,
dataset/temp_cord/image/receipt_00465.png,UNKNOWN,,"56,760",restaurant,"NASI RAMES, AYAM PANGGANG, ES TEH/TAWAR",CORD,56760.00,IDR,restaurant,
dataset/temp_cord/image/receipt_00466.png,UNKNOWN,,"104,000",restaurant,"NEW BEEF SPAGHETTI (1), P/P AMERICAN FAV (1), PAKET HAPPY HOUR (1)",CORD,104000.00,IDR,restaurant,
dataset/temp_cord/image/receipt_00467.png,UNKNOWN,,22.000,restaurant,,CORD,22000.00,IDR,restaurant,
dataset/temp_cord/image/receipt_00468.png,UNKNOWN,,,restaurant,"Nasi CampurBali (2), Sambal Besar (1), Sambal Kecil (1), Es Teh Manis (2), KrpBangka/Bawang (1)",CORD,,IDR,restaurant,
dataset/temp_cord/image/receipt_00469.png,UNKNOWN,,"42,500",restaurant,"Hero (2), Choco Bite (3)",CORD,42500.00,IDR,restaurant,
dataset/temp_cord/image/receipt_00470.png,UNKNOWN,,"9,000",restaurant,,CORD,9000.00,IDR,restaurant,
dataset/temp_cord/image/receipt_00471.png,UNKNOWN,,"30,000",restaurant,,CORD,30000.00,IDR,restaurant,
dataset/temp_cord/image/receipt_00472.png,UNKNOWN,,"3,100",restaurant,"LE MINERALE 600ML (1), PLASTIK SDG (1)",CORD,3100.00,IDR,restaurant,
dataset/temp_cord/image/receipt_00473.png,UNKNOWN,,"31,900",restaurant,,CORD,31900.00,IDR,restaurant,
dataset/temp_cord/image/receipt_00474.png,UNKNOWN,,"32,500",restaurant,,CORD,32500.00,IDR,restaurant,
dataset/temp_cord/image/receipt_00475.png,UNKNOWN,,"1,096,040",restaurant,"IKAN GURAME MED (1), CUMI GR JUNJAN (1), CUMI GR TEPUNG (1), AGSIO TH PC JMR (1), POCAI BWG PUTIH (1), LUMPIA UDG PREM (1), NASI PUTIH (6), HOT TEA (3), AQUA (1), ICED TEA (2), ICED TEA (1)",CORD,1096040.00,IDR,restaurant,
dataset/temp_cord/image/receipt_00476.png,UNKNOWN,,"75,500.00",restaurant,"PLASTIC BAG (1), Pink Panther (P) (1), Red dragon (P) (1)",CORD,7550000.00,IDR,restaurant,
dataset/temp_cord/image/receipt_00477.png,UNKNOWN,,"76,000",restaurant,"CAPPUCCINO, ORANGE JUICE (2X)",CORD,76000.00,IDR,restaurant,
dataset/temp_cord/image/receipt_00478.png,UNKNOWN,,230.999,restaurant,"Pecel Pincuk (10), Tahu Bacem (5), Tempe Bacem (5), Empal (2), Peyek Parcel (1)",CORD,230999.00,IDR,restaurant,
dataset/temp_cord/image/receipt_00479.png,UNKNOWN,,"498,608",restaurant,"VALINO DONNA (2), SB SIZE 45.5",CORD,498608.00,IDR,restaurant,
dataset/temp_cord/image/receipt_00480.png,UNKNOWN,,Rp 29000.00,restaurant,,CORD,2900000.00,IDR,restaurant,
dataset/temp_cord/image/receipt_00481.png,UNKNOWN,,"62.000,00",restaurant,"1517-ROTI KENTANG KEJU MANIS (x1), 1009-ROTI KELAPA (x3), 1439-TUNA CHEESE WHEAT SANDWICH (x1), 1244-PLASTIK TENTENGAN SEDANG (x1)",CORD,6200000.00,IDR,restaurant,
dataset/temp_cord/image/receipt_00482.png,UNKNOWN,,"42,000",restaurant,"THAI ICETEA, ICE GREENTEA",CORD,42000.00,IDR,restaurant,
dataset/temp_cord/image/receipt_00483.png,UNKNOWN,,25.000,restaurant,,CORD,25000.00,IDR,restaurant,
dataset/temp_cord/image/receipt_00484.png,UNKNOWN,,"13,000",restaurant,,CORD,13000.00,IDR,restaurant,
dataset/temp_cord/image/receipt_00485.png,UNKNOWN,,"17,000",restaurant,,CORD,17000.00,IDR,restaurant,
dataset/temp_cord/image/receipt_00486.png,UNKNOWN,,"28,000",restaurant,,CORD,28000.00,IDR,restaurant,
dataset/temp_cord/image/receipt_00487.png,UNKNOWN,,"76,000",restaurant,"R.PISANG COKLAT (2), D.RING COKLAT (2), R.BANA CHIP (1), R.TAWAR ISI 2 (1), NU GREENTEA ORGE (1), YAKULT ISI 5 PCS (2)",CORD,76000.00,IDR,restaurant,
dataset/temp_cord/image/receipt_00488.png,UNKNOWN,,"63,000",restaurant,,CORD,63000.00,IDR,restaurant,
dataset/temp_cord/image/receipt_00489.png,UNKNOWN,,"76,000",restaurant,,CORD,76000.00,IDR,restaurant,
dataset/temp_cord/image/receipt_00490.png,UNKNOWN,,,restaurant,,CORD,,IDR,restaurant,
dataset/temp_cord/image/receipt_00491.png,UNKNOWN,,"21,000",restaurant,"TWIST DONUT (1), CUSTARD SOB RO (1)",CORD,21000.00,IDR,restaurant,
dataset/temp_cord/image/receipt_00492.png,UNKNOWN,,"80,300",restaurant,"NASI PUTIH, AYAM GR BUMBU (2X), NESTLE 330 ML (2X)",CORD,80300.00,IDR,restaurant,
dataset/temp_cord/image/receipt_00493.png,UNKNOWN,,41.000,restaurant,"Large 1 (1), Small 1 (3), *PlastiK Kcl (1)",CORD,41000.00,IDR,restaurant,
dataset/temp_cord/image/receipt_00494.png,UNKNOWN,,25.000,restaurant,,CORD,25000.00,IDR,restaurant,
dataset/temp_cord/image/receipt_00495.png,UNKNOWN,,"6,001",restaurant,,CORD,6001.00,IDR,restaurant,
dataset/temp_cord/image/receipt_00496.png,UNKNOWN,,"56,000",restaurant,"BBQ Chicken (1), Mineral Water 600 ml (1), Teh Pucuk 350 ml (1)",CORD,56000.00,IDR,restaurant,
dataset/temp_cord/image/receipt_00497.png,UNKNOWN,,"17,000",restaurant,,CORD,17000.00,IDR,restaurant,
dataset/temp_cord/image/receipt_00498.png,UNKNOWN,,"21,000",restaurant,"MILK PASTRY ROLL (1), CARAMEL PASTRY (1)",CORD,21000.00,IDR,restaurant,
dataset/temp_cord/image/receipt_00499.png,UNKNOWN,,120.000,restaurant,"YIFUMI (1), Bihun Goreng (1), Nasi Goreng (1)",CORD,120000.00,IDR,restaurant,
dataset/temp_cord/image/receipt_00500.png,UNKNOWN,,"63,636 63,636",restaurant,"BASO TAHU BIHUN (1), LIMAU KASTURI (1), LOYALTY PROGRAM (1)",CORD,63636.00,IDR,restaurant,
dataset/temp_cord/image/receipt_00501.png,UNKNOWN,,"63,498",restaurant,"CHICKEN PICATTA (1), JAVA TEA (1)",CORD,63498.00,IDR,restaurant,
dataset/temp_cord/image/receipt_00502.png,UNKNOWN,,"19,850",restaurant,"VANBOOLEN, JONGKONG, PLASTIK KECIL, SENDOK BEBEK",CORD,19850.00,IDR,restaurant,
dataset/temp_cord/image/receipt_00503.png,UNKNOWN,,36362,restaurant,"MDSE ST, Ayam Grg Kalasan (1x), Tempe (3x)",CORD,36362.00,IDR,restaurant,
dataset/temp_cord/image/receipt_00504.png,UNKNOWN,,"10,450",restaurant,,CORD,10450.00,IDR,restaurant,
dataset/temp_cord/image/receipt_00505.png,UNKNOWN,,"54,950",restaurant,"LUMPIA (2X), BANANA KISMIS, SOSIS SOLO, LUMPUR, DADAR PISANG, KLEPON, BUGIS, MACARONI, PLASTIK TENTENG",CORD,54950.00,IDR,restaurant,
dataset/temp_cord/image/receipt_00506.png,UNKNOWN,,"20,000",restaurant,,CORD,20000.00,IDR,restaurant,
dataset/temp_cord/image/receipt_00507.png,UNKNOWN,,"217,685",restaurant,,CORD,217685.00,IDR,restaurant,
dataset/temp_cord/image/receipt_00508.png,UNKNOWN,,"21.000,00",restaurant,"1013-ROTI NANAS (x1), 3025-BOLU GULUNG MOCCA PTG (x1), 5014-LEMPER IKAN (x1), 1245-PLASTIK TENTENGAN KECIL (x1)",CORD,2100000.00,IDR,restaurant,
dataset/temp_cord/image/receipt_00509.png,UNKNOWN,,"53,999",restaurant,,CORD,53999.00,IDR,restaurant,
dataset/temp_cord/image/receipt_00510.png,UNKNOWN,,48.000,restaurant,"1026-Garlic Pesto (x1), 1028-Dark Choco Creamcheese (x1), 6001-Plastic Bag Small (x1)",CORD,48000.00,IDR,restaurant,
dataset/temp_cord/image/receipt_00511.png,UNKNOWN,,"30,000",restaurant,"TWIST STRAWBERRY DONUT (2), TWIST ORANGE CHOCO DONUT (1)",CORD,30000.00,IDR,restaurant,
dataset/temp_cord/image/receipt_00512.png,UNKNOWN,,"43,000",restaurant,"Gado Gado (1), Nasi Putih GG (1)",CORD,43000.00,IDR,restaurant,
dataset/temp_cord/image/receipt_00513.png,UNKNOWN,,"37,000",restaurant,,CORD,37000.00,IDR,restaurant,
dataset/temp_cord/image/receipt_00514.png,UNKNOWN,,"35,000",restaurant,"APPLE PIE (2), APPLE CREAMCHEESE PASTRY (1)",CORD,35000.00,IDR,restaurant,
dataset/temp_cord/image/receipt_00515.png,UNKNOWN,,"105,600",restaurant,"ZUPPA SOUP (3.000x), MINERAL WATER (3.000x)",CORD,105600.00,IDR,restaurant,
dataset/temp_cord/image/receipt_00516.png,UNKNOWN,,"156,090",restaurant,"ChicTeriyakiTeishoku (1), JapaneseBeef Hamburg (1), Ocha Cold (1), Ocha Hot (1)",CORD,156090.00,IDR,restaurant,
dataset/temp_cord/image/receipt_00517.png,UNKNOWN,,"87,000",restaurant,"MILK PASTRY ROLL (3), REDBEAN BREAD (4), FRANKFRUT SAUSAGE ROLL (2)",CORD,87000.00,IDR,restaurant,
dataset/temp_cord/image/receipt_00518.png,UNKNOWN,,"49,000",restaurant,,CORD,49000.00,IDR,restaurant,
dataset/temp_cord/image/receipt_00519.png,UNKNOWN,,19.000,restaurant,,CORD,19000.00,IDR,restaurant,
dataset/temp_cord/image/receipt_00520.png,UNKNOWN,,23.000,restaurant,"Premier Mineral Water (L t1) (1), Lychee Tea (1)",CORD,23000.00,IDR,restaurant,
dataset/temp_cord/image/receipt_00521.png,UNKNOWN,,"172,000",restaurant,"NEW BEEF SPAGHETTI (1), NEW BEEF LASAGNA (1), PAKET BER2 (1)",CORD,172000.00,IDR,restaurant,
dataset/temp_cord/image/receipt_00522.png,UNKNOWN,,"63,500",restaurant,"Kuey Teow Goreng Singapore (1x), Tea (Ice) (1x)",CORD,63500.00,IDR,restaurant,
dataset/temp_cord/image/receipt_00523.png,UNKNOWN,,50.000,restaurant,,CORD,50000.00,IDR,restaurant,
dataset/temp_cord/image/receipt_00524.png,UNKNOWN,,,restaurant,,CORD,,IDR,restaurant,
dataset/temp_cord/image/receipt_00525.png,UNKNOWN,,"17,000",restaurant,,CORD,17000.00,IDR,restaurant,
dataset/temp_cord/image/receipt_00526.png,UNKNOWN,,14.000,restaurant,,CORD,14000.00,IDR,restaurant,
dataset/temp_cord/image/receipt_00527.png,UNKNOWN,,"777,840",restaurant,"OPEN KITCHEN (1), OPEN KITCHEN (1), TAHU LAMPION (1), SUP JGG KPT (1), AYAM PANGGANG (1), CHINESE TE (2), LUMPIA UDANG (1), OPEN KITCHEN (1), NASI PUTIH (5)",CORD,777840.00,IDR,restaurant,
dataset/temp_cord/image/receipt_00528.png,UNKNOWN,,"70,000",restaurant,"CHOCOLATE ECLAIR (1), DOUBLE CHEESE PAN BREAD(L (1), WHOLE WHEAT PAN BREAD (1)",CORD,70000.00,IDR,restaurant,
dataset/temp_cord/image/receipt_00529.png,UNKNOWN,,"80,000",restaurant,,CORD,80000.00,IDR,restaurant,
dataset/temp_cord/image/receipt_00530.png,UNKNOWN,,Rp 58000.00,restaurant,,CORD,5800000.00,IDR,restaurant,
dataset/temp_cord/image/receipt_00531.png,UNKNOWN,,60.000,restaurant,,CORD,60000.00,IDR,restaurant,
dataset/temp_cord/image/receipt_00532.png,UNKNOWN,,"63,800",restaurant,,CORD,63800.00,IDR,restaurant,
dataset/temp_cord/image/receipt_00533.png,UNKNOWN,,"60,000",restaurant,"TROPICAL PUNCH (1), SOUP 50% (1), SALAD BAR 50% (1)",CORD,60000.00,IDR,restaurant,
dataset/temp_cord/image/receipt_00534.png,UNKNOWN,,"36.500,00",restaurant,"3190-Disney Taartjes Siram Coklat (x1), 1245-Plastik Tentengan Kecil (x1), 4032-Mini Glazed Croissant (isi 5 pcs) (x1)",CORD,3650000.00,IDR,restaurant,
dataset/temp_cord/image/receipt_00535.png,UNKNOWN,,"14,000",restaurant,,CORD,14000.00,IDR,restaurant,
dataset/temp_cord/image/receipt_00536.png,UNKNOWN,,"41,000",restaurant,,CORD,41000.00,IDR,restaurant,
dataset/temp_cord/image/receipt_00537.png,UNKNOWN,,"20,000",restaurant,,CORD,20000.00,IDR,restaurant,
dataset/temp_cord/image/receipt_00538.png,UNKNOWN,,287.595,restaurant,"Mineral Water (1), Nasi Goreng Buntut (1), NASI LIWET (1), Ayam Penyet Sambal Glede (1), Mendoan (1), Teh Tawar Panas (2), Teh Tubruk Jahe (1)",CORD,287595.00,IDR,restaurant,
dataset/temp_cord/image/receipt_00539.png,UNKNOWN,,146.625,restaurant,"Combo 4 (1), Crispy Mushroom (1), Equil Natural (1)",CORD,146625.00,IDR,restaurant,
dataset/temp_cord/image/receipt_00540.png,UNKNOWN,,"31,500",restaurant,"SB 1 HC (1), CHARGE TA (1)",CORD,31500.00,IDR,restaurant,
dataset/temp_cord/image/receipt_00541.png,UNKNOWN,,30000,restaurant,,CORD,30000.00,IDR,restaurant,
dataset/temp_cord/image/receipt_00542.png,UNKNOWN,,"66,000",restaurant,,CORD,66000.00,IDR,restaurant,
dataset/temp_cord/image/receipt_00543.png,UNKNOWN,,"31,000",restaurant,,CORD,31000.00,IDR,restaurant,
dataset/temp_cord/image/receipt_00544.png,UNKNOWN,,"196,350.00",restaurant,"SUSHI SALMON (1.00), SALAD DRESSING THOUSAND ISLAND (1.00), LEMONADE (2.00), SHRIMP SATSUMA (1.00), SHITAKE SKEWER (1.00), SPICY TEMPURA (1.00), SAUCE SHOYU SUSHI YAMASA HALAL (10.00), SUSHI SALMON FRESH PAKET (1.00), SENDOK DAN GARPU PLASTIK (1.00), TOBIKKO ORANGE (3.00), TAMAGO (1.00), SATSUMA AGE NIGIRI (1.00)",CORD,19635000.00,IDR,restaurant,
dataset/temp_cord/image/receipt_00545.png,UNKNOWN,,"376,640",restaurant,"M02.LMK BEEF RNDANG (1), I13.SIMANGOSONG (1), 101.NS BEBEK KAMPUNG (1), A13.MIE ACP (1), CT06.TEA 0 HOT R. (2), CT06.TEA 0 ICE R. (3), NO1.MR.MI TLR ASIN (1)",CORD,376640.00,IDR,restaurant,
dataset/temp_cord/image/receipt_00546.png,UNKNOWN,,20.000,restaurant,,CORD,20000.00,IDR,restaurant,
dataset/temp_cord/image/receipt_00547.png,UNKNOWN,,"39,000",restaurant,"SAUSAGE DONUT (1), PREMIUM TOAST PAN BREAD (1)",CORD,39000.00,IDR,restaurant,
dataset/temp_cord/image/receipt_00548.png,UNKNOWN,,86.000,restaurant,"1057-French Bread Puding (x1), 1001-Choco Bun (x3), 6002-Plastic Bag Medium (x1)",CORD,86000.00,IDR,restaurant,
dataset/temp_cord/image/receipt_00549.png,UNKNOWN,,"49,000",restaurant,"[MD] SOFT STEAMED CHOCOCA (1), [MD] SOFT STEAMED CHEESEC (1), [MD] MINI CASTELLA ORIGIN (1), REDBEAN BREAD (2)",CORD,49000.00,IDR,restaurant,
dataset/temp_cord/image/receipt_00550.png,UNKNOWN,,"125,000",restaurant,,CORD,125000.00,IDR,restaurant,
dataset/temp_cord/image/receipt_00551.png,UNKNOWN,,"293,370",restaurant,"GYOZA AYAM GORENG (1), OCHA DINGIN (3), RAMEN AYAM SPECIAL (3)",CORD,293370.00,IDR,restaurant,
dataset/temp_cord/image/receipt_00552.png,UNKNOWN,,"80,000",restaurant,"Original Hugarian Ku (1x), Original Hugarian Ku (1x), Original Hugarian Ku (1x), Original Hugarian Ku (1x)",CORD,80000.00,IDR,restaurant,
dataset/temp_cord/image/receipt_00553.png,UNKNOWN,,15000,restaurant,,CORD,15000.00,IDR,restaurant,
dataset/temp_cord/image/receipt_00554.png,UNKNOWN,,"20,000",restaurant,,CORD,20000.00,IDR,restaurant,
dataset/temp_cord/image/receipt_00555.png,UNKNOWN,,,restaurant,"DL+GA+FF+R+2RB, UP Drink 16 (1), UP Orange 16 (1)",CORD,,IDR,restaurant,
dataset/temp_cord/image/receipt_00556.png,UNKNOWN,,"9,900",restaurant,"KP BRANDING S (1), HYDROCOCO 250ML (2)",CORD,9900.00,IDR,restaurant,
dataset/temp_cord/image/receipt_00557.png,UNKNOWN,,"190,000",restaurant,,CORD,190000.00,IDR,restaurant,
dataset/temp_cord/image/receipt_00558.png,UNKNOWN,,1178.100,restaurant,"YAKI ADULT (3), SHABU ADULT (3)",CORD,1178100.00,IDR,restaurant,
dataset/temp_cord/image/receipt_00559.png,UNKNOWN,,"25,000",restaurant,,CORD,25000.00,IDR,restaurant,
dataset/temp_cord/image/receipt_00560.png,UNKNOWN,,"52,000",restaurant,"Nasi (1), Soup Patin (1), Kerang/Kikil (1), Tahu Woku (1), Tahu Bakso (1), Teh Kotak (1), Mineral Cup (1)",CORD,52000.00,IDR,restaurant,
dataset/temp_cord/image/receipt_00561.png,UNKNOWN,,60.000,restaurant,,CORD,60000.00,IDR,restaurant,
dataset/temp_cord/image/receipt_00562.png,UNKNOWN,,"36,300",restaurant,,CORD,36300.00,IDR,restaurant,
dataset/temp_cord/image/receipt_00563.png,UNKNOWN,,"375,000",restaurant,"Mocha (1), Cappucino (1), Ice Tea (1), Lemon Juice (1), Croque Mme. (1), Caesar Salad (1), Canele (Mini) (1)",CORD,375000.00,IDR,restaurant,
dataset/temp_cord/image/receipt_00564.png,UNKNOWN,,"36,000",restaurant,"JPR SUS U, L C MESES, PLASTIK 33",CORD,36000.00,IDR,restaurant,
dataset/temp_cord/image/receipt_00565.png,UNKNOWN,,"28,000",restaurant,"CHOCO CUSTARD PASTRY (1), NOIR PIZZA BREAD (1)",CORD,28000.00,IDR,restaurant,
dataset/temp_cord/image/receipt_00566.png,UNKNOWN,,"9.500,00",restaurant,,CORD,950000.00,IDR,restaurant,
dataset/temp_cord/image/receipt_00567.png,UNKNOWN,,"100,100",restaurant,"PILOW DUR PX, NASI BAKAR, MIKA BESAR, SENDOK MAKAN, SIOMAY (4X), MIKA SEDANG, GARPU MAKAN, MACARONI GR, PASTELGORENG, SEMAR MENDEM, BAKWAN JAGUNG, PLASTIK TENTENG",CORD,100100.00,IDR,restaurant,
dataset/temp_cord/image/receipt_00568.png,UNKNOWN,,46.000,restaurant,"Large 1 (2), Polo 1 (2), *PlastiK Kcl (1)",CORD,46000.00,IDR,restaurant,
dataset/temp_cord/image/receipt_00569.png,UNKNOWN,,34.000,restaurant,"Sate Babi Manis (2), Sate Babi Bumbu Bali (2), Lapolong (1), Sate Babi Cabe Ijo (1), Paru Babi (1), Ngohiong (1), Es Teh Manis (1)",CORD,34000.00,IDR,restaurant,
dataset/temp_cord/image/receipt_00570.png,UNKNOWN,,"43,500",restaurant,"REDBEAN BREAD (1), KAYA BUN (1), REAL MILK CHOCO BREAD (2)",CORD,43500.00,IDR,restaurant,
dataset/temp_cord/image/receipt_00571.png,UNKNOWN,,"101,640",restaurant,"SMOKY PAN CLASSIC (1), Chicken Popcorn (1)",CORD,101640.00,IDR,restaurant,
dataset/temp_cord/image/receipt_00572.png,UNKNOWN,,15000,restaurant,,CORD,15000.00,IDR,restaurant,
dataset/temp_cord/image/receipt_00573.png,UNKNOWN,,"45,499",restaurant,,CORD,45499.00,IDR,restaurant,
dataset/temp_cord/image/receipt_00574.png,UNKNOWN,,"57,900",restaurant,"BASO TAHU (1), NASI PUTIH (1), A.MINERAL GELAS (1)",CORD,57900.00,IDR,restaurant,
dataset/temp_cord/image/receipt_00575.png,UNKNOWN,,330.000,restaurant,"Pastel (15x), Kroket (10x)",CORD,330000.00,IDR,restaurant,
dataset/temp_cord/image/receipt_00576.png,UNKNOWN,,"23,000",restaurant,,CORD,23000.00,IDR,restaurant,
dataset/temp_cord/image/receipt_00577.png,UNKNOWN,,"20,000",restaurant,,CORD,20000.00,IDR,restaurant,
dataset/temp_cord/image/receipt_00578.png,UNKNOWN,,"34,000",restaurant,"SAM DA S00 MINERAL WATER (1), TWIST DONUT (2)",CORD,34000.00,IDR,restaurant,
dataset/temp_cord/image/receipt_00579.png,UNKNOWN,,20.000,restaurant,,CORD,20000.00,IDR,restaurant,
dataset/temp_cord/image/receipt_00580.png,UNKNOWN,,22.000,restaurant,,CORD,22000.00,IDR,restaurant,
dataset/temp_cord/image/receipt_00581.png,UNKNOWN,,25.000,restaurant,"4005-Maple glazed (x1), 6001-Plastic Bag Small (x1)",CORD,25000.00,IDR,restaurant,
dataset/temp_cord/image/receipt_00582.png,UNKNOWN,,56.000,restaurant,"BLACKPINK (1), MATCHABERRY (1)",CORD,56000.00,IDR,restaurant,
dataset/temp_cord/image/receipt_00583.png,UNKNOWN,,"72,500.00",restaurant,"KING DEAL FISH (1), KING DEAL CHEESE BG (1), 1 BIC ALA CARTE (1)",CORD,7250000.00,IDR,restaurant,
dataset/temp_cord/image/receipt_00584.png,UNKNOWN,,"79,750.00",restaurant,"BENTO CHICKEN TERIYAKI (1.00), SURIMI - SATSUMA AGE VEGETABLE (1.00), CALAMARI KATSU (1.00), DORI KATSU (1.00), ROBA - SPICY KAWA SKEWER KULIT (1.00), SENDOK DAN GARPU PLASTIK (1.00), SALAD DRESSING SPICY TOMATOES KEWPIE 25ML (1.00)",CORD,7975000.00,IDR,restaurant,
dataset/temp_cord/image/receipt_00585.png,UNKNOWN,,"34,500",restaurant,"Choco Lining Bread (1x), Tuna N Chicken Floos Bread (1x)",CORD,34500.00,IDR,restaurant,
dataset/temp_cord/image/receipt_00586.png,UNKNOWN,,"103,000",restaurant,"TWIST DONUT (6), PIZZA TOAST (2), CROQUE MONSIEUR (1)",CORD,103000.00,IDR,restaurant,
dataset/temp_cord/image/receipt_00587.png,UNKNOWN,,"20.000,00",restaurant,"1017-Roti Pisang Keju (x1), 1025-Roti Sosis Sapi (x1)",CORD,2000000.00,IDR,restaurant,
dataset/temp_cord/image/receipt_00588.png,UNKNOWN,,"117,000",restaurant,"CHICKEN KATSU CURRY RICE (1), NIKU UDON (1), HOT OCHA (1)",CORD,117000.00,IDR,restaurant,
dataset/temp_cord/image/receipt_00589.png,UNKNOWN,,"426,195",restaurant,"SAMGYOPSAL (2), SUL LUNG TANG (1), MAKOLI (1)",CORD,426195.00,IDR,restaurant,
dataset/temp_cord/image/receipt_00590.png,UNKNOWN,,"55,000",restaurant,"BREAD BOX M (1), PEACH PASTRY (3)",CORD,55000.00,IDR,restaurant,
dataset/temp_cord/image/receipt_00591.png,UNKNOWN,,30.000,restaurant,,CORD,30000.00,IDR,restaurant,
dataset/temp_cord/image/receipt_00592.png,UNKNOWN,,"54,500",restaurant,"NB AYAM, TEH/ES TEH MANIS",CORD,54500.00,IDR,restaurant,
dataset/temp_cord/image/receipt_00593.png,UNKNOWN,,"46,000",restaurant,"DEPT04, DEPT01",CORD,46000.00,IDR,restaurant,
dataset/temp_cord/image/receipt_00594.png,UNKNOWN,,"13,000",restaurant,,CORD,13000.00,IDR,restaurant,
dataset/temp_cord/image/receipt_00595.png,UNKNOWN,,"211,365",restaurant,"CB PR SIRLOIN (1), F.FRIES MEDIUM (2), F.FRIES COMBO (1), BROWN SAUCE (2), ES TEH TAWAR (1), COCA COLA (1)",CORD,211365.00,IDR,restaurant,
dataset/temp_cord/image/receipt_00596.png,UNKNOWN,,"42,000",restaurant,,CORD,42000.00,IDR,restaurant,
dataset/temp_cord/image/receipt_00597.png,UNKNOWN,,22.000,restaurant,"1001-Choco Bun (x1), 6001-Plastic Bag Small (x1)",CORD,22000.00,IDR,restaurant,
dataset/temp_cord/image/receipt_00598.png,UNKNOWN,,"23,400",restaurant,"WALL'S BABY SHARK 60 (1), MAGNUM WHT ALMND 80 (1), WALL'S FEAST VNILA65 (1)",CORD,23400.00,IDR,restaurant,
dataset/temp_cord/image/receipt_00599.png,UNKNOWN,,"65,500",restaurant,"Full Box (1), SB 1 HC (1)",CORD,65500.00,IDR,restaurant,
dataset/temp_cord/image/receipt_00600.png,UNKNOWN,,50.000,restaurant,,CORD,50000.00,IDR,restaurant,
dataset/temp_cord/image/receipt_00601.png,UNKNOWN,,"63,910",restaurant,"KOROKE ORI (1), KOROKE CURRY (1), EBI KTSU 1 PCS (1), TSUKUNE (3), MOMO (1), ONIGIRI (1)",CORD,63910.00,IDR,restaurant,
dataset/temp_cord/image/receipt_00602.png,UNKNOWN,,"20,500",restaurant,,CORD,20500.00,IDR,restaurant,
dataset/temp_cord/image/receipt_00603.png,UNKNOWN,,"81,000",restaurant,"TEH PANAS (1), ES TEH TAWAR (1), NASI CAH JAMUR (1), BIHUN GORENG AYAM (1)",CORD,81000.00,IDR,restaurant,
dataset/temp_cord/image/receipt_00604.png,UNKNOWN,,34.500,restaurant,"Bihun Ayam Jamur (1), Es Teh (1)",CORD,34500.00,IDR,restaurant,
dataset/temp_cord/image/receipt_00605.png,UNKNOWN,,128.000,restaurant,"ES KOPI SUSU (6), ES KOPI SOKLAT (1)",CORD,128000.00,IDR,restaurant,
dataset/temp_cord/image/receipt_00606.png,UNKNOWN,,"138,600",restaurant,"WARISAN 2 FREE DRINK (1), WARISAN 2 FREE DRINK (1)",CORD,138600.00,IDR,restaurant,
dataset/temp_cord/image/receipt_00607.png,UNKNOWN,,"140,999",restaurant,,CORD,140999.00,IDR,restaurant,
dataset/temp_cord/image/receipt_00608.png,UNKNOWN,,75.000,restaurant,,CORD,75000.00,IDR,restaurant,
dataset/temp_cord/image/receipt_00609.png,UNKNOWN,,"34,000",restaurant,"CINNAMON SUGAR (1), TRIPPLE CHEESE (1)",CORD,34000.00,IDR,restaurant,
dataset/temp_cord/image/receipt_00610.png,UNKNOWN,,"135,500",restaurant,"REGULAR JASMINE TEA, Kupon 7, Kupon 4, BOGO CHEESY RASHER, MS SWISS ML MED",CORD,135500.00,IDR,restaurant,
dataset/temp_cord/image/receipt_00611.png,UNKNOWN,,90.800,restaurant,"Round Wagyu (1gr) (202), Wagyu Rice Box (1)",CORD,90800.00,IDR,restaurant,
dataset/temp_cord/image/receipt_00612.png,UNKNOWN,,"37,000",restaurant,"Mineral Water (1), Mocca Float (1), 1 PC CHOCHICKS (1)",CORD,37000.00,IDR,restaurant,
dataset/temp_cord/image/receipt_00613.png,UNKNOWN,,"284,983",restaurant,"Crispy Egg Corn (1), Mun Tofu (1), Go Hiong (1), Steam Rice (3), Ice Lemon Tea (2)",CORD,284983.00,IDR,restaurant,
dataset/temp_cord/image/receipt_00614.png,UNKNOWN,,201.900,restaurant,"Lemon iced tea (1), Banana Milkshake (1), Heavy alvin potato (1), fettucine Hubert chicken capers (1)",CORD,201900.00,IDR,restaurant,
dataset/temp_cord/image/receipt_00615.png,UNKNOWN,,"29,999",restaurant,,CORD,29999.00,IDR,restaurant,
dataset/temp_cord/image/receipt_00616.png,UNKNOWN,,56.800,restaurant,"BASO KWETIAU (1), A.MINERAL BOTOL (1)",CORD,56800.00,IDR,restaurant,
dataset/temp_cord/image/receipt_00617.png,UNKNOWN,,78.000,restaurant,"Dumpling (1), Jamur Kuping (1), Caisim Kecil (1), Lapchiong (2), Otak-otak Singapore (2), Bihun (MLY) (1)",CORD,78000.00,IDR,restaurant,
dataset/temp_cord/image/receipt_00618.png,UNKNOWN,,"45,901",restaurant,,CORD,45901.00,IDR,restaurant,
dataset/temp_cord/image/receipt_00619.png,UNKNOWN,,58.000,restaurant,"Nasi Goreng (1), Nasi Goreng Ayam (1)",CORD,58000.00,IDR,restaurant,
dataset/temp_cord/image/receipt_00620.png,UNKNOWN,,6.000,restaurant,,CORD,6000.00,IDR,restaurant,
dataset/temp_cord/image/receipt_00621.png,UNKNOWN,,"80,000",restaurant,"TLJ SPANISH COFFEE (2), CLASSIC CREAMCEESE CINNAM (1)",CORD,80000.00,IDR,restaurant,
dataset/temp_cord/image/receipt_00622.png,UNKNOWN,,"25,500",restaurant,"DN. LONG JOHN (1), RB. AI-AI CHOCO (1), RB. SAPSAY CHICKEN (1)",CORD,25500.00,IDR,restaurant,
dataset/temp_cord/image/receipt_00623.png,UNKNOWN,,"441,350",restaurant,"IKAN GURAME REG (1), POCAI 3 TELUR (1), UDG GR MAYONAISE (1), TAHU JPG S TRM (1), NASI PUTIH (2), ES TEH TAW GUILINGGAO (2), OPEN DESSERT (1)",CORD,441350.00,IDR,restaurant,
dataset/temp_cord/image/receipt_00624.png,UNKNOWN,,"391,545",restaurant,"Chicken Soy Sauce H (1), Butter Cheese Corn (1), Bintang L (1), Chum Churum (1)",CORD,391545.00,IDR,restaurant,
dataset/temp_cord/image/receipt_00625.png,UNKNOWN,,"28,000",restaurant,,CORD,28000.00,IDR,restaurant,
dataset/temp_cord/image/receipt_00626.png,UNKNOWN,,161.000,restaurant,"Mineral Water (S) (1), Pocky Chocolate (1), Nerds Strw Grape (1), Nerds Trop Punch (1), Nerds Watermelon (1)",CORD,161000.00,IDR,restaurant,
dataset/temp_cord/image/receipt_00627.png,UNKNOWN,,"12,750",restaurant,,CORD,12750.00,IDR,restaurant,
dataset/temp_cord/image/receipt_00628.png,UNKNOWN,,"23,000",restaurant,,CORD,23000.00,IDR,restaurant,
dataset/temp_cord/image/receipt_00629.png,UNKNOWN,,"41,000",restaurant,,CORD,41000.00,IDR,restaurant,
dataset/temp_cord/image/receipt_00630.png,UNKNOWN,,"574,255",restaurant,"Grilled Salmon Head (1), Set Menu Family (1), Tairyos Salmon Maki (1), Tepanyaki Cawanmushi (2), Teppan Seafood Fr Rc (1), Tobiko Gunkan (1)",CORD,574255.00,IDR,restaurant,
dataset/temp_cord/image/receipt_00631.png,UNKNOWN,,58.500,restaurant,"CHOC BANANA, CHEESE BUN, SUPER CHEESE, SUPER CHEESE, CLS CHK CHIL, PLASTIC BAG ME",CORD,58500.00,IDR,restaurant,
dataset/temp_cord/image/receipt_00632.png,UNKNOWN,,"22,000",restaurant,,CORD,22000.00,IDR,restaurant,
dataset/temp_cord/image/receipt_00633.png,UNKNOWN,,68.500,restaurant,"Pavarotti (1), Lov Triangle (1), Choco Bun (1), Mgc Chees Wd (1), Hot Cappuccino (1), Ice Cappuccino (1)",CORD,68500.00,IDR,restaurant,
dataset/temp_cord/image/receipt_00634.png,UNKNOWN,,"42,000",restaurant,,CORD,42000.00,IDR,restaurant,
dataset/temp_cord/image/receipt_00635.png,UNKNOWN,,"111,000",restaurant,"ORIGINAL, TIRAMISU CIN, MUF CHOC CHP, CHO CAKE SMA, RED VELVET (2X), HAZELNUT, TIRAMISU CIN, ORIGINAL",CORD,111000.00,IDR,restaurant,
dataset/temp_cord/image/receipt_00636.png,UNKNOWN,,"36,300",restaurant,,CORD,36300.00,IDR,restaurant,
dataset/temp_cord/image/receipt_00637.png,UNKNOWN,,40.000,restaurant,,CORD,40000.00,IDR,restaurant,
dataset/temp_cord/image/receipt_00638.png,UNKNOWN,,"30,000",restaurant,,CORD,30000.00,IDR,restaurant,
dataset/temp_cord/image/receipt_00639.png,UNKNOWN,,38.000,restaurant,,CORD,38000.00,IDR,restaurant,
dataset/temp_cord/image/receipt_00640.png,UNKNOWN,,"49,000.00",restaurant,,CORD,4900000.00,IDR,restaurant,
dataset/temp_cord/image/receipt_00641.png,UNKNOWN,,"31,500",restaurant,"CRISPY APPLE RAISIN PASTR (1), PAIN AU CHOCOLATE (1), REDBEAN BREAD (1)",CORD,31500.00,IDR,restaurant,
dataset/temp_cord/image/receipt_00642.png,UNKNOWN,,90.000,restaurant,,CORD,90000.00,IDR,restaurant,
dataset/temp_cord/image/receipt_00643.png,UNKNOWN,,22.000,restaurant,"1001-Choco Bun (x1), 6001-Plastic Bag Small (x1)",CORD,22000.00,IDR,restaurant,
dataset/temp_cord/image/receipt_00644.png,UNKNOWN,,5.000,restaurant,,CORD,5000.00,IDR,restaurant,
dataset/temp_cord/image/receipt_00645.png,UNKNOWN,,"69,000",restaurant,"S-Ovaltine Macchiat (2X), S-KOI Cafe Macchiat (1X)",CORD,69000.00,IDR,restaurant,
dataset/temp_cord/image/receipt_00646.png,UNKNOWN,,"83,000",restaurant,"TWIST DONUT (3), CRANBERRY WALNUT (S) (2), POTATO SAUSAGE BREAD (1), BLACK CHEESE HOTDOG (1)",CORD,83000.00,IDR,restaurant,
dataset/temp_cord/image/receipt_00647.png,UNKNOWN,,"118.000,00",restaurant,"-Plastic Big Small (x1), -Chokoreto Cookies (x1), -Corn Flakes Cookies (x1)",CORD,11800000.00,IDR,restaurant,
dataset/temp_cord/image/receipt_00648.png,UNKNOWN,,"9.500,00",restaurant,,CORD,950000.00,IDR,restaurant,
dataset/temp_cord/image/receipt_00649.png,UNKNOWN,,"90,000",restaurant,"CARBONARA UDON (1), EGG TEMPURA [P] (1), EBI TEMPURA (1), COLD OCHA (1)",CORD,90000.00,IDR,restaurant,
dataset/temp_cord/image/receipt_00650.png,UNKNOWN,,"76,000",restaurant,"CAPPUCCINO, ORANGE JUICE (2X)",CORD,76000.00,IDR,restaurant,
dataset/temp_cord/image/receipt_00651.png,UNKNOWN,,"10,000",restaurant,,CORD,10000.00,IDR,restaurant,
dataset/temp_cord/image/receipt_00652.png,UNKNOWN,,"17,500",restaurant,"WHDP JR 15K, TakeQuay Charge",CORD,17500.00,IDR,restaurant,
dataset/temp_cord/image/receipt_00653.png,UNKNOWN,,"516,780",restaurant,"Pandan Cream brulee (1), Tanqueray NO 10 gls (2), Lurisia Bolle 330ml (1), Lurisia stille 330ml (1), Tonic Water (1)",CORD,516780.00,IDR,restaurant,
dataset/temp_cord/image/receipt_00654.png,UNKNOWN,,"56,000",restaurant,,CORD,56000.00,IDR,restaurant,
dataset/temp_cord/image/receipt_00655.png,UNKNOWN,,"46,000",restaurant,"ORIGINAL NO SALT (1), SOUR CREAM N ONION (2)",CORD,46000.00,IDR,restaurant,
dataset/temp_cord/image/receipt_00656.png,UNKNOWN,,"10,000",restaurant,,CORD,10000.00,IDR,restaurant,
dataset/temp_cord/image/receipt_00657.png,UNKNOWN,,13.200,restaurant,,CORD,13200.00,IDR,restaurant,
dataset/temp_cord/image/receipt_00658.png,UNKNOWN,,20.000,restaurant,,CORD,20000.00,IDR,restaurant,
dataset/temp_cord/image/receipt_00659.png,UNKNOWN,,"293,370",restaurant,"GYOZA AYAM GORENG (1), OCHA HANGAT (2), OCHA DINGIN (1), RAMEN AYAM SPECIAL (3)",CORD,293370.00,IDR,restaurant,
dataset/temp_cord/image/receipt_00660.png,UNKNOWN,,"115,500",restaurant,"BL1 M LW (1), WH3 M LW (1), RE5 M LW (1)",CORD,115500.00,IDR,restaurant,
dataset/temp_cord/image/receipt_00661.png,UNKNOWN,,"100,000",restaurant,"[REG] BLACK SAKURA (1), [REG] BLACK SAKURA (1)",CORD,100000.00,IDR,restaurant,
dataset/temp_cord/image/receipt_00662.png,UNKNOWN,,30.000,restaurant,,CORD,30000.00,IDR,restaurant,
dataset/temp_cord/image/receipt_00663.png,UNKNOWN,,"17,999",restaurant,,CORD,17999.00,IDR,restaurant,
dataset/temp_cord/image/receipt_00664.png,UNKNOWN,,"18,000",restaurant,"KEJU SUSU, PISANG KEJU, PLASTIK KECIL",CORD,18000.00,IDR,restaurant,
dataset/temp_cord/image/receipt_00665.png,UNKNOWN,,"770,000",restaurant,,CORD,770000.00,IDR,restaurant,
dataset/temp_cord/image/receipt_00666.png,UNKNOWN,,"196,001",restaurant,"PHILLY CHEESESTEAK SL (1), SAUSAGE PASTRY ROLL (1), CREAMY BEEF CLS FTC (1), AQUA BOTTLE (1), LIPTON ICE TEA REGULA (2), PAKET HAPPY HOUR (1)",CORD,196001.00,IDR,restaurant,
dataset/temp_cord/image/receipt_00667.png,UNKNOWN,,"105,999",restaurant,"KAKE UDON (1), KITSUNE UDON (KIDS) (1), COLD OCHA (1), SKEWERED TOFU ROLL (1), EBI TEMPURA (1)",CORD,105999.00,IDR,restaurant,
dataset/temp_cord/image/receipt_00668.png,UNKNOWN,,"94,999",restaurant,"BEEF CURRYRICE (1), EBI TEMPURA (1), SKEWERED TOFU ROLL (1), HOT OCHA (1)",CORD,94999.00,IDR,restaurant,
dataset/temp_cord/image/receipt_00669.png,UNKNOWN,,53.200,restaurant,,CORD,53200.00,IDR,restaurant,
dataset/temp_cord/image/receipt_00670.png,UNKNOWN,,200.000,restaurant,,CORD,200000.00,IDR,restaurant,
dataset/temp_cord/image/receipt_00671.png,UNKNOWN,,20.000,restaurant,,CORD,20000.00,IDR,restaurant,
dataset/temp_cord/image/receipt_00672.png,UNKNOWN,,"20,000",restaurant,,CORD,20000.00,IDR,restaurant,
dataset/temp_cord/image/receipt_00673.png,UNKNOWN,,38.000,restaurant,,CORD,38000.00,IDR,restaurant,
dataset/temp_cord/image/receipt_00674.png,UNKNOWN,,"1,241,790",restaurant,"UDANG REBUS (M) (1), AGSIO TH PC JMR (1), AYAM GR KERING (1), BIHUN GORENG JJ (1), NASI GORENG NJUN (1), HOT TEA (5), IKAN GURAME MED SOP IKAN (1), CUMI GR JUNJAN (1), SUP BURUNG DARA (1), ICED TEA (1), CHINESE TEA KWAN'IM (1), NASI PUTIH (2)",CORD,1241790.00,IDR,restaurant,
dataset/temp_cord/image/receipt_00675.png,UNKNOWN,,"45,000",restaurant,,CORD,45000.00,IDR,restaurant,
dataset/temp_cord/image/receipt_00676.png,UNKNOWN,,"22,000",restaurant,,CORD,22000.00,IDR,restaurant,
dataset/temp_cord/image/receipt_00677.png,UNKNOWN,,"21,000",restaurant,"CHOCO CUSTAF D PASTRY (1), CUSTARD BRIC CHE (1)",CORD,21000.00,IDR,restaurant,
dataset/temp_cord/image/receipt_00678.png,UNKNOWN,,"19,000",restaurant,,CORD,19000.00,IDR,restaurant,
dataset/temp_cord/image/receipt_00679.png,UNKNOWN,,27500,restaurant,,CORD,27500.00,IDR,restaurant,
dataset/temp_cord/image/receipt_00680.png,UNKNOWN,,"454,462",restaurant,"Fruit Compliment (1), Udang Mentega Sdg (M (1), Chinese Tea-Jasmine (2), Buruno Gr IN (5), Nasi Putih (5)",CORD,454462.00,IDR,restaurant,
dataset/temp_cord/image/receipt_00681.png,UNKNOWN,,"408,683",restaurant,"SALMON PESTO (1), GRILLED SALMON TERIYAK (1), MINERAL WATER (1), FRESH FRUIT COCKTAIL (1)",CORD,408683.00,IDR,restaurant,
dataset/temp_cord/image/receipt_00682.png,UNKNOWN,,,restaurant,,CORD,,IDR,restaurant,
dataset/temp_cord/image/receipt_00683.png,UNKNOWN,,102000,restaurant,"Shampo Aloevera (1), Sabun Propolis (1), Sabun Transparant Madu (1)",CORD,102000.00,IDR,restaurant,
dataset/temp_cord/image/receipt_00684.png,UNKNOWN,,"20,000",restaurant,"CHOCOLATE SUNDAE, REGULAR FRIES, TakeAway Charge",CORD,20000.00,IDR,restaurant,
dataset/temp_cord/image/receipt_00685.png,UNKNOWN,,"39,500",restaurant,"SB 1 HC (1), Cream Soup (1)",CORD,39500.00,IDR,restaurant,
dataset/temp_cord/image/receipt_00686.png,UNKNOWN,,"125,895",restaurant,"CHEESE KC BOKUMBAP (1), PAKET CHICKEN 3 (1), JAJANGMYEON (1)",CORD,125895.00,IDR,restaurant,
dataset/temp_cord/image/receipt_00687.png,UNKNOWN,,"154,000.00",restaurant,"AMBUSH DBL CHS BURG (8), AMBUSH CHS BURGER (2)",CORD,15400000.00,IDR,restaurant,
dataset/temp_cord/image/receipt_00688.png,UNKNOWN,,"129,000",restaurant,"BUBBLE GUM (1), CAPPUCINO BLEND (1), STRAWBERRY (1), COOKIES AND CREAM (1), CHOCO ALMOND (1), CAPPUCINO BLEND (1)",CORD,129000.00,IDR,restaurant,
dataset/temp_cord/image/receipt_00689.png,UNKNOWN,,24.000,restaurant,"DADA DADA (1), ateh Tawar ateh Tawar (1)",CORD,24000.00,IDR,restaurant,
dataset/temp_cord/image/receipt_00690.png,UNKNOWN,,57.000,restaurant,"Giant Squid (x1), Milo Dino (x1)",CORD,57000.00,IDR,restaurant,
dataset/temp_cord/image/receipt_00691.png,UNKNOWN,,"57,900",restaurant,"ISI CAMPUR (1), AQUA BOTOL (1)",CORD,57900.00,IDR,restaurant,
dataset/temp_cord/image/receipt_00692.png,UNKNOWN,,"17,001",restaurant,,CORD,17001.00,IDR,restaurant,
dataset/temp_cord/image/receipt_00693.png,UNKNOWN,,"215,985",restaurant,"Toripaitan shoyu telur, Toripaitan Ekstrim telur, Green Tea cold, (Goreng)Ayam Gyoza, Mineral water(normal)",CORD,215985.00,IDR,restaurant,
dataset/temp_cord/image/receipt_00694.png,UNKNOWN,,250.000,restaurant,,CORD,250000.00,IDR,restaurant,
dataset/temp_cord/image/receipt_00695.png,UNKNOWN,,,restaurant,,CORD,,IDR,restaurant,
dataset/temp_cord/image/receipt_00696.png,UNKNOWN,,"52,500",restaurant,"Spaghetti Deluxe (1), Lychee Float (1), SB 1 HC (1), Perkedel (1)",CORD,52500.00,IDR,restaurant,
dataset/temp_cord/image/receipt_00697.png,UNKNOWN,,44.000,restaurant,,CORD,44000.00,IDR,restaurant,
dataset/temp_cord/image/receipt_00698.png,UNKNOWN,,"23,000",restaurant,,CORD,23000.00,IDR,restaurant,
dataset/temp_cord/image/receipt_00699.png,UNKNOWN,,,restaurant,,CORD,,IDR,restaurant,
dataset/temp_cord/image/receipt_00700.png,UNKNOWN,,55.500,restaurant,"ROTI (6), ROTI (3), ROTI (2)",CORD,55500.00,IDR,restaurant,
dataset/temp_cord/image/receipt_00701.png,UNKNOWN,,"3,703,791",restaurant,"CHUM CHURUM (1), CHAMISUL (3), GONG GIBAB (3), CHULPAN CHEESE DAK GALBI (1), * MINERAL WATER (1), CREAM TEOK PO KI (1), CHUM CHURUM PEACH (8), PREMIUM YANGNYEOM GALBISAL (1), CHAM KKOT SAL (2), U SAM GYEOP (1), CHEESE GAMJAJEON (1)",CORD,3703791.00,IDR,restaurant,
dataset/temp_cord/image/receipt_00702.png,UNKNOWN,,"83,799",restaurant,"BIHUN CAMPUR (1), JERUK MURNI (1), ES NONA REGULAR (1)",CORD,83799.00,IDR,restaurant,
dataset/temp_cord/image/receipt_00703.png,UNKNOWN,,60.000,restaurant,,CORD,60000.00,IDR,restaurant,
dataset/temp_cord/image/receipt_00704.png,UNKNOWN,,"97,500",restaurant,"H N Cheesy Chic (1), Rice Organik (1), K.Chees Chic RC (1), MOCA FLT OVLTIN (1), Perkedel (1), FFries Large (1)",CORD,97500.00,IDR,restaurant,
dataset/temp_cord/image/receipt_00705.png,UNKNOWN,,"12,000",restaurant,,CORD,12000.00,IDR,restaurant,
dataset/temp_cord/image/receipt_00706.png,UNKNOWN,,"20,000",restaurant,"SIRSAK (1), SUNKIST (1)",CORD,20000.00,IDR,restaurant,
dataset/temp_cord/image/receipt_00707.png,UNKNOWN,,"115,000",restaurant,"CHEESE ROLLS 6PCS (1), PAKET BER2 UP1 (1)",CORD,115000.00,IDR,restaurant,
dataset/temp_cord/image/receipt_00708.png,UNKNOWN,,"164,000",restaurant,,CORD,164000.00,IDR,restaurant,
dataset/temp_cord/image/receipt_00709.png,UNKNOWN,,"1,579,190",restaurant,"YANG YUM GUI (2), MOKDENGSIM (1), SAMGYOPSAL (2), SOONDUBU CHIGE (1), GALBI TANG (1), JINSENG SAMGYETANG (1), JAP CHAE (2), PAJON (1), BIR BINTANG BOTOL ( ) (2), AQUA (2), BULGOGI BIBIMBAB (1), NASI(GONGGI BAB) (2)",CORD,1579190.00,IDR,restaurant,
dataset/temp_cord/image/receipt_00710.png,UNKNOWN,,"31,000",restaurant,,CORD,31000.00,IDR,restaurant,
dataset/temp_cord/image/receipt_00711.png,UNKNOWN,,"1,092,542",restaurant,"UDG GR TLUR ASIN =*MEDIUM*= (1), SAPO TH SEAFOOD =*MEDIUM*= (1), CUMI GR JUNJAN =*MEDIUM*= (1), BIHUN GORENG JJ =*MEDIUM*= (1), OYONG 3 TELOR =*MEDIUM*= (1), GURAME FILLET M ASAM MANIS (1), CHINESE TE (2), CRYSANTNUM (2), NASI PUTIH (8), HOT TEA (3), ICED TEA (3)",CORD,1092542.00,IDR,restaurant,
dataset/temp_cord/image/receipt_00712.png,UNKNOWN,,"300,000",restaurant,,CORD,300000.00,IDR,restaurant,
dataset/temp_cord/image/receipt_00713.png,UNKNOWN,,22.000,restaurant,,CORD,22000.00,IDR,restaurant,
dataset/temp_cord/image/receipt_00714.png,UNKNOWN,,8.000,restaurant,,CORD,8000.00,IDR,restaurant,
dataset/temp_cord/image/receipt_00715.png,UNKNOWN,,"42,500",restaurant,,CORD,42500.00,IDR,restaurant,
dataset/temp_cord/image/receipt_00716.png,UNKNOWN,,"100,000.00",restaurant,"AMOUSH DBL CHS BURG (6), TAKE AWAY CHARGE (1)",CORD,10000000.00,IDR,restaurant,
dataset/temp_cord/image/receipt_00717.png,UNKNOWN,,55.000,restaurant,"Coke (L) (1), XXI Java Tea Spc (1), Extra Jelly Lychee (1)",CORD,55000.00,IDR,restaurant,
dataset/temp_cord/image/receipt_00718.png,UNKNOWN,,"364,716",restaurant,"SHARKIE FREEZE (1), DINE FOR 2 (1), DINE FOR 2 (1)",CORD,364716.00,IDR,restaurant,
dataset/temp_cord/image/receipt_00719.png,UNKNOWN,,"Rp 49,000.00",restaurant,,CORD,4900000.00,IDR,restaurant,
dataset/temp_cord/image/receipt_00720.png,UNKNOWN,,"264,000",restaurant,"CARBONARA UDON (1), ON TAMA UDON (HOT) (1), ABURA UDON (ORIGINAL) (1), GREEN BEAN KAKIAGE (1), EGG TEMPURA (1), HOT OCHA (1), BEEF CURRY UDON (1), BEEF CROQUETTE (1), COLD OCHA (2)",CORD,264000.00,IDR,restaurant,
dataset/temp_cord/image/receipt_00721.png,UNKNOWN,,"36,000",restaurant,,CORD,36000.00,IDR,restaurant,
dataset/temp_cord/image/receipt_00722.png,UNKNOWN,,"157,000",restaurant,"CRUNCHY CHOC, FREE LILIN SPIRAL (5X)",CORD,157000.00,IDR,restaurant,
dataset/temp_cord/image/receipt_00723.png,UNKNOWN,,"28,000",restaurant,,CORD,28000.00,IDR,restaurant,
dataset/temp_cord/image/receipt_00724.png,UNKNOWN,,"24,000",restaurant,,CORD,24000.00,IDR,restaurant,
dataset/temp_cord/image/receipt_00725.png,UNKNOWN,,"72,500",restaurant,"CHOCO CUSTARD PASTRY (2), APPLE CREAMCHEESE PASTRY (1), REAL GANACHE (1), POTATO SAUSAGE BREAD (1)",CORD,72500.00,IDR,restaurant,
dataset/temp_cord/image/receipt_00726.png,UNKNOWN,,"110,000",restaurant,"SAUSAGE DONUT (1), TLJ CROQUETTE (1), CORONET (2), SPOOKY SOBORO (2), SCREAMING RED BEAN (1), PIZZA TOAST (1)",CORD,110000.00,IDR,restaurant,
dataset/temp_cord/image/receipt_00727.png,UNKNOWN,,"210,200",restaurant,"Ayam Goreng Crispy Spicy (1x), Capcai Seafood (1x), Chinese Tea (1x), Nasi Putih (3x), Soup Baso Ikan (1x)",CORD,210200.00,IDR,restaurant,
dataset/temp_cord/image/receipt_00728.png,UNKNOWN,,"12,000",restaurant,,CORD,12000.00,IDR,restaurant,
dataset/temp_cord/image/receipt_00729.png,UNKNOWN,,"7,000",restaurant,,CORD,7000.00,IDR,restaurant,
dataset/temp_cord/image/receipt_00730.png,UNKNOWN,,27.500,restaurant,,CORD,27500.00,IDR,restaurant,
dataset/temp_cord/image/receipt_00731.png,UNKNOWN,,"91,000",restaurant,"TEH PUCUK (1), SPICY C CHEESE (1), WOOSAM RICE R (1)",CORD,91000.00,IDR,restaurant,
dataset/temp_cord/image/receipt_00732.png,UNKNOWN,,19.000,restaurant,,CORD,19000.00,IDR,restaurant,
dataset/temp_cord/image/receipt_00733.png,UNKNOWN,,29.000,restaurant,"1023-Chocochip & Walnut (x1), 6001-Plastic Bag Small (x1)",CORD,29000.00,IDR,restaurant,
dataset/temp_cord/image/receipt_00734.png,UNKNOWN,,"59,125",restaurant,,CORD,59125.00,IDR,restaurant,
dataset/temp_cord/image/receipt_00735.png,UNKNOWN,,"83,497",restaurant,"TEH TAWAR (1), AIR MINERAL (2), I TRIPL CHZ (1), I SPECIAL SBL MATAH (1), I ROA GORENG SPC (1)",CORD,83497.00,IDR,restaurant,
dataset/temp_cord/image/receipt_00736.png,UNKNOWN,,"24,000",restaurant,,CORD,24000.00,IDR,restaurant,
dataset/temp_cord/image/receipt_00737.png,UNKNOWN,,150.000,restaurant,,CORD,150000.00,IDR,restaurant,
dataset/temp_cord/image/receipt_00738.png,UNKNOWN,,"29,500",restaurant,"MEDIUM FRIES, REGULAR COKE, K11 CHOCO 1217",CORD,29500.00,IDR,restaurant,
dataset/temp_cord/image/receipt_00739.png,UNKNOWN,,60.000,restaurant,"Sprite (L). (1), Lemon Tea (L). (1), Extra Jelly Lychee. (2)",CORD,60000.00,IDR,restaurant,
dataset/temp_cord/image/receipt_00740.png,UNKNOWN,,"94,000",restaurant,"M-Ovaltine Macchiat (2X), M-Konjac Milk Tea (1X)",CORD,94000.00,IDR,restaurant,
dataset/temp_cord/image/receipt_00741.png,UNKNOWN,,53.000,restaurant,"3002-Kyoto Choco Mochi (x1), 1009-Honey Pistachio (x1), 6001-Plastic Bag Small (x1)",CORD,53000.00,IDR,restaurant,
dataset/temp_cord/image/receipt_00742.png,UNKNOWN,,"85,998",restaurant,"KWE BUN SAPI, KWE GR CMP",CORD,85998.00,IDR,restaurant,
dataset/temp_cord/image/receipt_00743.png,UNKNOWN,,"143,908",restaurant,"Ayam Asam Manis M (1), Ikan Gurame Tahu M (1), Pocai 3 Telor M (1), Sapo Tohu Sea M (1), Udang Gandum L (1)",CORD,143908.00,IDR,restaurant,
dataset/temp_cord/image/receipt_00744.png,UNKNOWN,,"108,000",restaurant,"FL Cake-French (2), Red Velvet S (1)",CORD,108000.00,IDR,restaurant,
dataset/temp_cord/image/receipt_00745.png,UNKNOWN,,"3,400",restaurant,,CORD,3400.00,IDR,restaurant,
dataset/temp_cord/image/receipt_00746.png,UNKNOWN,,22.000,restaurant,,CORD,22000.00,IDR,restaurant,
dataset/temp_cord/image/receipt_00747.png,UNKNOWN,,10.000,restaurant,,CORD,10000.00,IDR,restaurant,
dataset/temp_cord/image/receipt_00748.png,UNKNOWN,,"127,678",restaurant,"GIANT FCL TISSUE, MITU S/C BLUE, PPSODENT TP WHTNG, FORMULA S/P P, NICE TRAVEL PACK, RICHEESE WFR KJ P, RICHOCO WFR CH P1, JERUK LEMON IMP (0,896X), GOLIA ACTIV PLS 4, S/QUEEN MONTES 50, S/QUEEN MONTES 50, DELFI C/CHA MINIS",CORD,127678.00,IDR,restaurant,
dataset/temp_cord/image/receipt_00749.png,UNKNOWN,,"100,000",restaurant,,CORD,100000.00,IDR,restaurant,
dataset/temp_cord/image/receipt_00750.png,UNKNOWN,,"583,968",restaurant,"Bakpao telur asin (1), Cai Mieo (1), caisim special (1), Carsiupau Ayam (1), Fish Glue (1), Jamur Isi Ayam (1), Jamur Kuping (1), Kailan hongkong (1), Kuah Kaldu Ayam (1), Kue Macok (1), Pangsit Special (1), Sirloin Roll Enoki (1), Sutake Kombinasi (1), Tahu Jepang (1), Tahu Sandwidh (1), TOM YAM (1), Udon (1), Chines Tea Green Tea (2), Tahu Isi Ayam (2), Green tea Dingin (5), Nasi Putih (7), Bakso Ikan (1)",CORD,583968.00,IDR,restaurant,
dataset/temp_cord/image/receipt_00751.png,UNKNOWN,,"160,000",restaurant,"MIE + AYAM KATSU TERI... (1), MIE SIRAM AYAM (1), NASI GORENG SPC (1), ES JERUK (2), FRENCH FRIES (1)",CORD,160000.00,IDR,restaurant,
dataset/temp_cord/image/receipt_00752.png,UNKNOWN,,57.173,restaurant,"PECEL MADIUN (1), AIR MINERAL (1)",CORD,57173.00,IDR,restaurant,
dataset/temp_cord/image/receipt_00753.png,UNKNOWN,,"32,500",restaurant,,CORD,32500.00,IDR,restaurant,
dataset/temp_cord/image/receipt_00754.png,UNKNOWN,,"301,003",restaurant,"Crunchy Wings(5) Luisiana (5), Bogo (5) Boneless (5), Steam Rice (4), FF SoftDrink (M) (2), Mush Fritters (1)",CORD,301003.00,IDR,restaurant,
dataset/temp_cord/image/receipt_00755.png,UNKNOWN,,"42,000",restaurant,,CORD,42000.00,IDR,restaurant,
dataset/temp_cord/image/receipt_00756.png,UNKNOWN,,79.200,restaurant,"Se'i Sapi Sambal Lu'at (R) (1), Lidah Asap Sambal Lu'at ( R ) (1), Nasi Putih (2), Jus Jeruk (1)",CORD,79200.00,IDR,restaurant,
dataset/temp_cord/image/receipt_00757.png,UNKNOWN,,"92,000",restaurant,"Cuci (1.0), B Pjg/Vr 3 (1.0)",CORD,92000.00,IDR,restaurant,
dataset/temp_cord/image/receipt_00758.png,UNKNOWN,,"22,500",restaurant,,CORD,22500.00,IDR,restaurant,
dataset/temp_cord/image/receipt_00759.png,UNKNOWN,,64000,restaurant,"TWIST DONUT (1), MILK PASTRY ROLL (1), [MD] SOFT STEAMED CHOCOCAKE (1), REDBEAN BREAD (1), KAYA BUN (1), PREMIUM MILK PAN BREAD (1)",CORD,64000.00,IDR,restaurant,
dataset/temp_cord/image/receipt_00760.png,UNKNOWN,,"28,000",restaurant,"Pdg Madness (1), BCT (1)",CORD,28000.00,IDR,restaurant,
dataset/temp_cord/image/receipt_00761.png,UNKNOWN,,65.000,restaurant,"Lemon Tea (L) (1), Popcorn Salt (M) (1)",CORD,65000.00,IDR,restaurant,
dataset/temp_cord/image/receipt_00762.png,UNKNOWN,,"17,999",restaurant,,CORD,17999.00,IDR,restaurant,
dataset/temp_cord/image/receipt_00763.png,UNKNOWN,,399000.00,restaurant,,CORD,39900000.00,IDR,restaurant,
dataset/temp_cord/image/receipt_00764.png,UNKNOWN,,"211,365",restaurant,"CB PR SIRLOIN (1), ES TEH TAWAR (1), COCA COLA (1)",CORD,211365.00,IDR,restaurant,
dataset/temp_cord/image/receipt_00765.png,UNKNOWN,,25.000,restaurant,,CORD,25000.00,IDR,restaurant,
dataset/temp_cord/image/receipt_00766.png,UNKNOWN,,"74,000",restaurant,"[MD] SOFT MORNING ROLL (1), REAL HONEY PANCAKE BREAD (2), CUSTARD BRIOCHE (4)",CORD,74000.00,IDR,restaurant,
dataset/temp_cord/image/receipt_00767.png,UNKNOWN,,"80,501",restaurant,"JUICE JAMBU (1), TEH TAWAR (1), N AYM PENYET SAMBAL MATAH (1), TAHU DOMBA MEMBARA (1), TP KULIT (1)",CORD,80501.00,IDR,restaurant,
dataset/temp_cord/image/receipt_00768.png,UNKNOWN,,"90,000",restaurant,"TWIST DONUT (1), PAIN AU CAFE MOCHA (4), POTATO SAUSAGE BREAD (1), ROYAL CHEESE TART (1)",CORD,90000.00,IDR,restaurant,
dataset/temp_cord/image/receipt_00769.png,UNKNOWN,,"30,000",restaurant,,CORD,30000.00,IDR,restaurant,
dataset/temp_cord/image/receipt_00770.png,UNKNOWN,,67000,restaurant,,CORD,67000.00,IDR,restaurant,
dataset/temp_cord/image/receipt_00771.png,UNKNOWN,,Rp 29000.00,restaurant,,CORD,2900000.00,IDR,restaurant,
dataset/temp_cord/image/receipt_00772.png,UNKNOWN,,25.000,restaurant,"4005-Maple glazed (x1), 6001-Plastic Bag Small (x1)",CORD,25000.00,IDR,restaurant,
dataset/temp_cord/image/receipt_00773.png,UNKNOWN,,"21,000",restaurant,"CHOCO CUSTARD PASTRY (1), CUSTARD BRIOCHE (1)",CORD,21000.00,IDR,restaurant,
dataset/temp_cord/image/receipt_00774.png,UNKNOWN,,172.500,restaurant,"SANGU TIMBEL KOMPLIT (1), SANGU TUTUG ONCOM (1), TOGE LAUK ASIN (1), TERONG BEJEUG (1), TEH SEREH (1)",CORD,172500.00,IDR,restaurant,
dataset/temp_cord/image/receipt_00775.png,UNKNOWN,,"23,000",restaurant,,CORD,23000.00,IDR,restaurant,
dataset/temp_cord/image/receipt_00776.png,UNKNOWN,,67.000,restaurant,"Nasgor Jawa (1), Jeruk Panas (1), Air Mineral (1)",CORD,67000.00,IDR,restaurant,
dataset/temp_cord/image/receipt_00777.png,UNKNOWN,,"1,303,112",restaurant,"CHINESE TE (3), CRYSANTNUM (3), CHINESE TE (3), CRYSANTNUM (3), KRPU MCN TIM 700 (1), AYM RBS 1 EKOR (1), AGSIO TH PC JMR (1), POCAI BWG PUTIH (1), NASI PUTIH (5), IKAN MALAS 650GR (1), AGSIO TH PC JMR (1)",CORD,1303112.00,IDR,restaurant,
dataset/temp_cord/image/receipt_00778.png,UNKNOWN,,"54,500",restaurant,"Cheese Tart Original (1), FL Mille Crepes - (1)",CORD,54500.00,IDR,restaurant,
dataset/temp_cord/image/receipt_00779.png,UNKNOWN,,"14,999",restaurant,"RISOL ROGUT (1X), MINERALWATER (1X)",CORD,14999.00,IDR,restaurant,
dataset/temp_cord/image/receipt_00780.png,UNKNOWN,,105.000,restaurant,,CORD,105000.00,IDR,restaurant,
dataset/temp_cord/image/receipt_00781.png,UNKNOWN,,50.000,restaurant,,CORD,50000.00,IDR,restaurant,
dataset/temp_cord/image/receipt_00782.png,UNKNOWN,,135.000,restaurant,"YIFUMI (1), Yi Fu Mies Small (1), Bakmi Ayam (1), 1/2 Baso Sapi (1), Es Teh (1)",CORD,135000.00,IDR,restaurant,
dataset/temp_cord/image/receipt_00783.png,UNKNOWN,,,restaurant,,CORD,,IDR,restaurant,
dataset/temp_cord/image/receipt_00784.png,UNKNOWN,,22.000,restaurant,,CORD,22000.00,IDR,restaurant,
dataset/temp_cord/image/receipt_00785.png,UNKNOWN,,"113,886",restaurant,"SALMON PESTO (1), SALMON PESTO (1)",CORD,113886.00,IDR,restaurant,
dataset/temp_cord/image/receipt_00786.png,UNKNOWN,,"32,000",restaurant,,CORD,32000.00,IDR,restaurant,
dataset/temp_cord/image/receipt_00787.png,UNKNOWN,,246.073,restaurant,"LS TOILETBRUSH102 (1X), TAMMIA 259 (1X), WDH SUN GEL 40ML (1X), TAM 424 BUFFER 219 (1X), SIKAT BOTOL/BSC (1X), GOCUJANG H.200G (1X), PM CABE HIJAU CURA (0.064X), TIMUN JEPANG (0.482X), KONGKEE TOFU JEPUN (1X), +PALM SHW GEL 450 (1X)",CORD,246073.00,IDR,restaurant,
dataset/temp_cord/image/receipt_00788.png,UNKNOWN,,"Rp 117,998",restaurant,"MIE MERAH PG (1), MIE CINCANG (1), HAI CMP SPC (1)",CORD,117998.00,IDR,restaurant,
dataset/temp_cord/image/receipt_00789.png,UNKNOWN,,"24,000",restaurant,,CORD,24000.00,IDR,restaurant,
dataset/temp_cord/image/receipt_00790.png,UNKNOWN,,30.000,restaurant,,CORD,30000.00,IDR,restaurant,
dataset/temp_cord/image/receipt_00791.png,UNKNOWN,,"385,0000",restaurant,,CORD,3850000.00,IDR,restaurant,
dataset/temp_cord/image/receipt_00792.png,UNKNOWN,,"20,000",restaurant,,CORD,20000.00,IDR,restaurant,
dataset/temp_cord/image/receipt_00793.png,UNKNOWN,,Rp. 20.000,restaurant,,CORD,20000.00,IDR,restaurant,
dataset/temp_cord/image/receipt_00794.png,UNKNOWN,,1.220.500,restaurant,"PAKET WEEKEND 1 (13), PAKET WEEKEND 2 (6), ES JERUK (1), ES TEH TAWAR (1), KOPI HITAM (1), ES BATU (1)",CORD,1220500.00,IDR,restaurant,
dataset/temp_cord/image/receipt_00795.png,UNKNOWN,,48.000,restaurant,,CORD,48000.00,IDR,restaurant,
dataset/temp_cord/image/receipt_00796.png,UNKNOWN,,28.000,restaurant,"1066-Choconut Bun (x1), 6001-Plastic Bag Small (x1)",CORD,28000.00,IDR,restaurant,
dataset/temp_cord/image/receipt_00797.png,UNKNOWN,,"148,127",restaurant,"GRILLED BABY POTATO ( R (1), HOT TUNA (1), HOT TUNA (1)",CORD,148127.00,IDR,restaurant,
dataset/temp_cord/image/receipt_00798.png,UNKNOWN,,30.000,restaurant,,CORD,30000.00,IDR,restaurant,
dataset/temp_cord/image/receipt_00799.png,UNKNOWN,,18.000,restaurant,,CORD,18000.00,IDR,restaurant,
dataset/temp_sroie/image/X00016469612.jpg,BOOK TA .K (TAMAN DAYA) SDN BHD,25/12/2018,9.00,retail,"NO.53 55,57 & 59, JALAN SAGU 18, TAMAN DAYA, 81100 JOHOR BAHRU, JOHOR.",SROIE,9.00,MYR,retail,
dataset/temp_sroie/image/X00016469619.jpg,INDAH GIFT & HOME DECO,19/10/2018,60.30,retail,"27, JALAN DEDAP 13, TAMAN JOHOR JAYA, 81100 JOHOR BAHRU, JOHOR.",SROIE,60.30,MYR,retail,
dataset/temp_sroie/image/X00016469620.jpg,MR D.I.Y. (JOHOR) SDN BHD,12-01-19,33.90,retail,"LOT 1851-A & 1851-B, JALAN KPB 6, KAWASAN PERINDUSTRIAN BALAKONG, 43300 SERI KEMBANGAN, SELANGOR (MR DIY TESCO TERBAU)",SROIE,33.90,MYR,retail,
dataset/temp_sroie/image/X00016469622.jpg,YONGFATT ENTERPRISE,25/12/2018,80.90,retail,NO 122.124. JALAN DEDAP 13 81100 JOHOR BAHRU,SROIE,80.90,MYR,retail,
dataset/temp_sroie/image/X00016469623.jpg,MR D.I.Y. (M) SDN BHD,18-11-18,30.90,retail,"LOT 1851-A & 1851-B, JALAN KPB 6, KAWASAN PERINDUSTRIAN BALAKONG, 43300 SERI KEMBANGAN, SELANGOR (TESCO PUTRA NILAI)",SROIE,30.90,MYR,retail,
dataset/temp_sroie/image/X00016469669.jpg,ABC HO TRADING,09/01/2019,31.00,retail,"NO.2&4, JALAN HARMONI 3/2, TAMAN DESA HARMONI. 81100 JOHOR BAHRU JOHOR",SROIE,31.00,MYR,retail,
dataset/temp_sroie/image/X00016469670.jpg,OJC MARKETING SDN BHD,15/01/2019,193.00,retail,"NO 2 & 4, JALAN BAYU 4, BANDAR SERI ALAM, B1750 MASAI, JOHOR",SROIE,193.00,MYR,retail,
dataset/temp_sroie/image/X00016469671.jpg,OJC MARKETING SDN BHD,02/01/2019,170.00,retail,"NO 2 & 4, JALAN BAYU 4, BANDAR SERI ALAM, 81750 MASAI, JOHOR",SROIE,170.00,MYR,retail,
dataset/temp_sroie/image/X00016469672.jpg,SOON HUAT MACHINERY ENTERPRISE,11/01/2019,327.00,retail,"NO.53 JALAN PUTRA 1, TAMAN SRI PUTRA, 81200 JOHOR BAHRU JOHOR",SROIE,327.00,MYR,retail,
dataset/temp_sroie/image/X00016469676.jpg,S.H.H. MOTOR (SUNGAI RENGIT) SDN. BHD.,23-01-2019,20.00,retail,"NO. 343, JALAN KURAU, SUNGAI RENGIT, 81620 PENGERANG, JOHOR.",SROIE,20.00,MYR,retail,
dataset/temp_sroie/image/X51005200931.jpg,PERNIAGAAN ZHENG HUI,09/02/2018,436.20,retail,NO.59 JALAN PERMAS 9/5 BANDAR BARU PERMAS JAYA 81750 JOHOR BAHRU,SROIE,436.20,MYR,retail,
dataset/temp_sroie/image/X51005200938.jpg,PERNIAGAAN ZHENG HUI,12/02/2018,112.45,retail,NO.59 JALAN PERMAS 9/5 BANDAR BARU PERMAS JAYA 81760 JOHOR BAHRU,SROIE,112.45,MYR,retail,
dataset/temp_sroie/image/X51005230605.jpg,PETRON BKT LANJAN SB,01/02/2018,4.90,retail,"KM 458.4 BKT LANJAN UTARA, L/RAYA UTARA SELATAN,SG BULOH 47000 SUNGAI BUL",SROIE,4.90,MYR,retail,
dataset/temp_sroie/image/X51005230616.jpg,GERBANG ALAF RESTAURANTS SDN BHD,18/01/2018,38.90,retail,"LEVEL 6, BANGUNAN TH, DAMANSARA UPTOWN3 NO.3, JALAN SS21/39,47400 PETALING JAYA SELANGOR",SROIE,38.90,MYR,retail,
dataset/temp_sroie/image/X51005230617.jpg,GERBANG ALAF RESTAURANTS SDN BHD,18/01/2018,26.60,retail,"LEVEL 6, BANGUNAN TH, DAMANSARA UPTOWN3 NO.3, JALAN SS21/39,47400 PETALING JAYA SELANGOR",SROIE,26.60,MYR,retail,
dataset/temp_sroie/image/X51005230621.jpg,SIN LIANHAP SDN BHD,05/02/2018,7.30,retail,"LOT 13, JALAN IPOH, KG BATU 30, ULU YAM LAMA 44300 BTG KALI, SELANGOR.",SROIE,7.30,MYR,retail,
dataset/temp_sroie/image/X51005230648.jpg,CROSS CHANNEL NETWORK SDN. BHD.,29/01/2018,6.35,retail,"47, JALAN MERANTI 1, SEK. 3, BANDAR UTAMA BATANG KALI, 44300 BATANG KALI, SELANGOR.",SROIE,6.35,MYR,retail,
dataset/temp_sroie/image/X51005230657.jpg,CROSS CHANNEL NETWORK SDN. BHD.,31/12/2017,7.95,retail,"47, JALAN MERANTI 1, SEK. 3, BANDAR UTAMA BATANG KALI, 44300 BATANG KALI, SELANGOR.",SROIE,7.95,MYR,retail,
dataset/temp_sroie/image/X51005230659.jpg,SWC ENTERPRISE SDN BHD,08/01/2018,8.00,retail,"NO. 5-7, JALAN MAHAGONI 7/1, SEKYSEN 4, BANDAR UTAMA, 44300 BATANG KALI, SELANGOR.",SROIE,8.00,MYR,retail,
dataset/temp_sroie/image/X51005255805.jpg,SAM SAM TRADING CO,29-12-2017,14.10,retail,"67,JLN MEWAH 25/63 TMN SRI MUDA, 40400 SHAH ALAM.",SROIE,14.10,MYR,retail,
dataset/temp_sroie/image/X51005268200.jpg,AIK HUAT HARDWARE ENTERPRISE (SETIA ALAM) SDN BHD,15/06/2017,15.00,retail,"NO. 17-G, JALAN SETIA INDAH (X) U13/X, SETIA ALAM, SEKSYEN U13, 40170 SHAH ALAM,",SROIE,15.00,MYR,retail,
dataset/temp_sroie/image/X51005268262.jpg,HOME MASTER HARDWARE & ELECTRICAL,22/12/2017,15.90,retail,"NO.113G & 115G, JALAN SETIA GEMBILANG U13/BG BANDAR SETIA ALAM, 40170 BANDAR SETIA ALAM, SELANGOR.",SROIE,15.90,MYR,retail,
dataset/temp_sroie/image/X51005268275.jpg,LIGHTROOM GALLERY SDN BHD,20/11/2017,278.80,retail,"NO: 28, JALAN ASTANA 1C, BANDAR BUKIT RAJA, 41050 KLANG SELANGOR D.E, MALAYSIA",SROIE,278.80,MYR,retail,
dataset/temp_sroie/image/X51005268400.jpg,RESTORAN HASSANBISTRO,12/28/2017,15.00,retail,NO.2-1-1 JALAN SEITA PRIMA Q U 13/Q SEITA ALAM 40170 SHAN ALAM SELANGOR,SROIE,15.00,MYR,retail,
dataset/temp_sroie/image/X51005268408.jpg,99 SPEED MART S/B,20-11-17,169.80,retail,"LOT P.T. 2811, JALAN ANGSA, TAMAN BERKELEY 41150 KLANG, SELANGOR 1413-SETIA ALAM 2",SROIE,169.80,MYR,retail,
dataset/temp_sroie/image/X51005268472.jpg,ASIA MART,22/12/2017,32.70,retail,"NO.23 BATU 10, TAMAN SENTOSA, JALAN KAPAR, 42200 KLANG, SELANGOR.",SROIE,32.70,MYR,retail,
dataset/temp_sroie/image/X51005288570.jpg,SECURE PARKING CORPORATION S/B,23.03.18,1.00,retail,"RIVERWALK VILLAGE BATU 3, JALAN IPOH 51200 KL.",SROIE,1.00,MYR,retail,
dataset/temp_sroie/image/X51005301659.jpg,HOME MASTER HARDWARE & ELECTRICAL,22/12/2017,15.90,retail,"NO.113G & 115G, JALAN SETIA GEMBILANG U13/BG BANDAR SETIA ALAM, 40170 BANDAR SETIA ALAM, SELANGOR.",SROIE,15.90,MYR,retail,
dataset/temp_sroie/image/X51005301661.jpg,LIGHTROOM GALLERY SDN BHD,20/12/2017,73.00,retail,"NO: 28, JALAN ASTANA 1C, BANDAR BUKIT RAJA, 41050 KLANG SELANGOR D.E, MALAYSIA",SROIE,73.00,MYR,retail,
dataset/temp_sroie/image/X51005301666.jpg,LIGHTROOM GALLERY SDN BHD,20/11/2017,278.80,retail,"NO: 28, JALAN ASTANA 1C, BANDAR BUKIT RAJA, 41050 KLANG SELANGOR D.E, MALAYSIA",SROIE,278.80,MYR,retail,
dataset/temp_sroie/image/X51005301667.jpg,LIGHTROOM GALLERY SDN BHD,20/11/2017,39.80,retail,"NO: 28, JALAN ASTANA 1C, BANDAR BUKIT RAJA, 41050 KLANG SELANGOR D.E, MALAYSIA",SROIE,39.80,MYR,retail,
dataset/temp_sroie/image/X51005303661.jpg,LIGHTROOM GALLERY SDN BHD,20/12/2017,73.00,retail,"NO: 28,JALAN ASTANA 1C, BANDAR BUKIT RAJA, 41050 KLANG SELANGOR D.E, MALAYSIA",SROIE,73.00,MYR,retail,
dataset/temp_sroie/image/X51005306399.jpg,SHELL ISNI PETRO TRADING,18/03/18,86.00,retail,LOT 2685 JLN GENTING KLANG 53300 KL SITE 1066,SROIE,86.00,MYR,retail,
dataset/temp_sroie/image/X51005337867.jpg,OLD TOWN KOPITAM SND BHD,22 MAR 18,30.25,retail,SRI RAMPAI,SROIE,30.25,MYR,retail,
dataset/temp_sroie/image/X51005337872.jpg,SYL ROASTED DELIGHTS SDN. BHD.,06/03/2018,54.50,retail,"75. JALAN SS 22/19, DAMANSARA JAYA, 47400 PJ",SROIE,54.50,MYR,retail,
dataset/temp_sroie/image/X51005337877.jpg,UROKO JAPANESE CUISINE SDN BHD,20/03/2018,53.00,retail,"22A-1, JALAN 17/54, SECTION 17, 46400 PETALING JAYA, SELANGOR.",SROIE,53.00,MYR,retail,
dataset/temp_sroie/image/X51005361883.jpg,TEO HENG STATIONERY & BOOKS,18/01/2018,4.90,retail,"NO. 53, JALAN BESAR, 45600 BATANG BERJUNTAI SELANGOR DARUL EHSAN",SROIE,4.90,MYR,retail,
dataset/temp_sroie/image/X51005361895.jpg,FUYI MINI MARKET,25/01/2018,9.00,retail,"NO 43-45-47G, TAMAN SEJATI, IJOK, 45600 BESTARI JAYA, KUALA SELANGOR.",SROIE,9.00,MYR,retail,
dataset/temp_sroie/image/X51005361897.jpg,TEO HENG STATIONERY & BOOKS,17/01/2018,27.55,retail,"NO.53, JALAN BESAR, 45600 BATANG BERJUNTAI SELANGOR DARUL EHSAN",SROIE,27.55,MYR,retail,
dataset/temp_sroie/image/X51005361898.jpg,TEO HENG STATIONERY & BOOKS,15/01/2018,55.10,retail,"NO.53, JALAN BESAR, 45600 BATANG BEJUNTAL SELANGOR DARUL EHSAN",SROIE,55.10,MYR,retail,
dataset/temp_sroie/image/X51005361900.jpg,TEO HENG STATIONERY & BOOKS,23/01/2018,18.00,retail,"NO.53,JALAN BESAR,45600 BATANG BERJUNTAI SELANGOR DARUL EHSAN",SROIE,18.00,MYR,retail,
dataset/temp_sroie/image/X51005361906.jpg,TED HENG STATIONERY & BOOKS,27/01/2018,27.35,retail,"NO. 53, JALAN BESAR, 45600 BATANG BERJUNTAI SELANGOR DARUL EHSAN",SROIE,27.35,MYR,retail,
dataset/temp_sroie/image/X51005361907.jpg,TED HENG STATIONERY & BOOKS,12/02/2018,153.35,retail,"NO. 53, JALAN BESAR, 45600 BATANG BERJUNTAI SELANGOR DARUL EHSAN",SROIE,153.35,MYR,retail,
dataset/temp_sroie/image/X51005361908.jpg,TEO HENG STATIONERY & BOOKS,15/03/2018,127.20,retail,"NO. 53, JALAN BESAR, 45600 BATANG BERJUNTAI SELANGOR DARUL EHSAN",SROIE,127.20,MYR,retail,
dataset/temp_sroie/image/X51005361912.jpg,TEO HENG STATIONERY & BOOKS,29/01/2018,1.05,retail,"NO. 53, JALAN BESAR, 45600 BATANG BERJUNTAI SELANGOR DARUL EHSAN",SROIE,1.05,MYR,retail,
dataset/temp_sroie/image/X51005361923.jpg,SWC ENTERPRISE SDN BHD,02/01/2018,4.20,retail,"8 & 10, JALAN IJOK PERMAI 1, PUSAT NIAGA IJOK PERMAI, 48000 IJOK, SELANGOR.",SROIE,4.20,MYR,retail,
dataset/temp_sroie/image/X51005361946.jpg,MR. D.I.Y. (M) SDN BHD,14-03-18,37.10,retail,"LOT 1851-A & 1851-B, JALAN KPB 6, KAWASAN PERINDUSTRIAN BALAKONG, 43300 SERI KEMBANGAN, SELANGOR",SROIE,37.10,MYR,retail,
dataset/temp_sroie/image/X51005361950.jpg,99 SPEED MART S/B,24-01-18,2.50,retail,"LOT P.T. 2811, JALAN ANGSA, TAMAN BERKELEY 41150 KLANG, SELANGOR 1076-IJOK",SROIE,2.50,MYR,retail,
dataset/temp_sroie/image/X51005365179.jpg,C W KHOO HARDWARE SDN BHD,01-03-18,21.20,retail,"NO.50,JALAN PBS 14/11, KAWASAN PERINDUSTRIAN BUKIT SERDANG,",SROIE,21.20,MYR,retail,
dataset/temp_sroie/image/X51005365187.jpg,F&P PHARMACY,02/03/2018,31.90,retail,"NO.20. GROUND FLOOR, JALAN BS 10/6 TAMAN BUKIT SERDANG, SEKSYEN 10, 43300 SERI KEMBANGAN. SELANGOR DARUL EHSAN",SROIE,31.90,MYR,retail,
dataset/temp_sroie/image/X51005433492.jpg,UNIHAKKA INTERNATIONAL SDN BHD,05 MAR 2018,$8.20,retail,"12, JALAN TAMPOI 7/4,KAWASAN PERINDUSTRIAN TAMPOI,81200 JOHOR BAHRU,JOHOR",SROIE,8.20,MYR,retail,
dataset/temp_sroie/image/X51005433494.jpg,AEON CO. (M) BHD,06/03/2018,75.00,retail,"3RD FLR, AEON TAMAN MALURI SD JLN JEJAKA, TAMAN MALURI CHERAS, 55100 KUALA LUMPUR",SROIE,75.00,MYR,retail,
dataset/temp_sroie/image/X51005433514.jpg,UNIHAKKA INTERNATIONAL SDN BHD,03 MAR 2018,$8.20,retail,"12, JALAN TAMPOI 7/4,KAWASAN PERINDUSTRIAN TAMPOI 81200 JOHOR BAHRU,JOHOR",SROIE,8.20,MYR,retail,
dataset/temp_sroie/image/X51005433518.jpg,UNIHAKKA INTERNATIONAL SDN BHD,07 MAR 2018,$8.20,retail,"12, JALAN TAMPOI 7/4,KAWASAN PERINDUSTRIAN TAMPOI,81200 JOHOR BAHRU,JOHOR",SROIE,8.20,MYR,retail,
dataset/temp_sroie/image/X51005433522.jpg,UNIHAKKA INTERNATIONAL SDN BHD,10 MAR 2018,,retail,"12, JALAN TAMPOI 7/4,KAWASAN PERINDUSTRIAN TAMPOI,81200 JOHOR BAHRU,JOHOR",SROIE,,MYR,retail,
dataset/temp_sroie/image/X51005433533.jpg,PERNIAGAAN ZHENG HUI,09/03/2018,332.30,retail,NO.59 JALAN PERMAS 9/5 BANDAR BARU PERMAS JAYA 81750 JOHOR BAHRU,SROIE,332.30,MYR,retail,
dataset/temp_sroie/image/X51005433538.jpg,UNIHAKKA INTERNATIONAL SDN BHD,12 MAR 2018,$8.20,retail,"12, JALAN TAMPOI 7/4,KAWASAN PERINDUSTRIAN TAMPOI,81200 JOHOR BAHRU,JOHOR",SROIE,8.20,MYR,retail,
dataset/temp_sroie/image/X51005433541.jpg,UNIHAKKA INTERNATIONAL SDN BHD,14 MAR 2018,$8.20,retail,"12, JALAN TAMPOI 7/4,KAWASAN PERINDUSTRIAN TAMPOI,81200 JOHOR BAHRU,JOHOR",SROIE,8.20,MYR,retail,
dataset/temp_sroie/image/X51005433543.jpg,UNIHAKKA INTERNATIONAL SDN BHD,13 MAR 2018,$8.20,retail,"12, JALAN TAMPOI 7/4,KAWASAN PERINDUSTRIAN TAMPOI,81200 JOHOR BAHRU,JOHOR",SROIE,8.20,MYR,retail,
dataset/temp_sroie/image/X51005433548.jpg,PASAR MINI JIN SENG,03/03/18,33.80,retail,"379, JALAN PERMAS SATU, BANDAR BARU PERMAS JAYA 81750 PLENTONG, JOHOR.",SROIE,33.80,MYR,retail,
dataset/temp_sroie/image/X51005433552.jpg,WARAKUYA PERMAS CITY SDN BHD,10/03/2018,57.80,retail,JALAN PERMAS UTARA 1 PERMAS JAYA 81750 MASAI JOHOR,SROIE,57.80,MYR,retail,
dataset/temp_sroie/image/X51005433553.jpg,YHM AEON TEBRAU CITY,11/03/2018,13.10,retail,"S117, SECOND FLOOR, AEON TEBRAU CITY, 1, JALAN DESA TEBRAU, TAMAN DESA TEBRAU, 81100 JOHOR BAHRU, JOHOR.",SROIE,13.10,MYR,retail,
dataset/temp_sroie/image/X51005433556.jpg,YHM AEON TEBRAU CITY,11/03/2018,49.70,retail,"S117, SECOND FLOOR, AEON TEBRAU CITY, 1, JALAN DESA TEBRAU, TAMAN DESA TEBRAU, 81100 JOHOR BAHRU, JOHOR.",SROIE,49.70,MYR,retail,
dataset/temp_sroie/image/X51005441398.jpg,OWNER BY CASTLE BLUE S/B,30/03/2018,189.75,retail,"AVTIVO PLAZA,LOT B-F-11, BLOCK B NO1.JALAN PJU 9/1,D'SARA AVEVUE BANDAR SRI D'SARA, 52000 KL",SROIE,189.75,MYR,retail,
dataset/temp_sroie/image/X51005441401.jpg,THREE STOOGES,12/03/2018,343.95,retail,"109, SS21/1A, DAMANSARA UTAMA",SROIE,343.95,MYR,retail,
dataset/temp_sroie/image/X51005441402.jpg,THREE STOOGES,03/03/2018,174.90,retail,"109, SS21/1A, DAMANSARA UTAMA",SROIE,174.90,MYR,retail,
dataset/temp_sroie/image/X51005441407.jpg,TASTE OF THE WORLD SDN BHD,5/3/2018,64.15,retail,"LOT 38, 39 101 BOULEVARD, JALAN KENARI 5, BANDAR PUCHONG JAYA, 47170 PUCHONG, SELANGOR",SROIE,64.15,MYR,retail,
dataset/temp_sroie/image/X51005441408.jpg,32 PUB & BISTRO OWN BY CNU TRADING,10-03-2018,190.00,retail,"78G, JALAN SS21/62, DAMANSARA UTAMA, 47400 PETALING JAYA.",SROIE,190.00,MYR,retail,
dataset/temp_sroie/image/X51005442322.jpg,GRAND COMPANIONS SDN BHD,03 MAR 19,269.40,retail,"LOT G112, AEON MALL TEBRAU CITY NO 1 JALAN DESA TEBRAU 81100 JOHOR BAHRU",SROIE,269.40,MYR,retail,
dataset/temp_sroie/image/X51005442327.jpg,UNIHAKKA INTERNATIONAL SDN BHD,18 MAR 2018,$8.60,retail,"12, JALAN TAMPOI 7/4,KAWASAN PARINDUSTRIAN TAMPOI,81200 JOHOR BAHRU,JOHOR",SROIE,8.60,MYR,retail,
dataset/temp_sroie/image/X51005442333.jpg,UNIHAKKA INTERNATIONAL SDN BHD,27 MAR 2018,$6.90,retail,"12, JALAN TAMPOI 7/4,KAWASAN PARINDUSTRIAN TAMPOI,81200 JOHOR BAHRU,JOHOR",SROIE,6.90,MYR,retail,
dataset/temp_sroie/image/X51005442334.jpg,UNIHAKKA INTERNATIONAL SDN BHD,26 MAR 2018,$8.20,retail,"12, JALAN TAMPOI 7/4,KAWASAN PARINDUSTRIAN TAMPOI,81200 JOHOR BAHRU,JOHOR",SROIE,8.20,MYR,retail,
dataset/temp_sroie/image/X51005442338.jpg,PASAR MINI JIN SENG,18/03/18,28.60,retail,"379, JALAN PERMAS SATU, BANDAR BARU PERMAS JAYA 81750 PLENTONG, JOHOR.",SROIE,28.60,MYR,retail,
dataset/temp_sroie/image/X51005442341.jpg,RESTAURANT SIN DU,09/03/2018,170.00,retail,"K3-113, JL IBRAHIM SULTAN 80300 JOHOR BAHRU JOHOR",SROIE,170.00,MYR,retail,
dataset/temp_sroie/image/X51005442343.jpg,YONG TAT HARDWARE TRADING,13/03/2018,72.00,retail,"NO 4,JALAN PERJIRANAN 10, TAMAN AIR BIRU, 81700 PASIR GUDANG, JOHOR.",SROIE,72.00,MYR,retail,
dataset/temp_sroie/image/X51005442344.jpg,YONG TAT HARDWARE TRADING,13/03/2018,100.90,retail,"NO 4,JALAN PERJIRANAN 10, TAMAN AIR BIRU, 81700 PASIR GUDANG, JOHOR.",SROIE,100.90,MYR,retail,
dataset/temp_sroie/image/X51005442346.jpg,PERNIAGAAN ZHENG HUI,15/03/2018,8.00,retail,NO.59 JALAN PERMAS 9/5 BANDAR BARU PERMAS JAYA 81750 JOHOR BAHRU,SROIE,8.00,MYR,retail,
dataset/temp_sroie/image/X51005442361.jpg,TIMELESS KITCHENETTE SDN BHD,2018-03-23,593.10,retail,"LOT 50, FLOOR T2,SKY AVENUE GENTING HIGHLANDS PAHANG, 69000 PAHANG MALAYSIA",SROIE,593.10,MYR,retail,
dataset/temp_sroie/image/X51005442366.jpg,TRIPLE SIX POINT ENTERPRISE 666,22-03-2018,22.60,retail,NO 14& 16 JALAN PERMAS 4/3 BANDAR BARU PERMAS JAY,SROIE,22.60,MYR,retail,
dataset/temp_sroie/image/X51005442375.jpg,UNIHAKKA INTERNATIONAL SDN BHD,25 MAR 2018,$8.50,retail,"12, JALAN TAMPOI 7/4,KAWASAN PERINDUSTRIAN TAMPOI,81200 JOHOR BAHRU,JOHOR",SROIE,8.50,MYR,retail,
dataset/temp_sroie/image/X51005442376.jpg,UNIHAKKA INTERNATIONAL SDN BHD,22 MAR 2018,$7.60,retail,"12, JALAN TAMPOI 7/4,KAWASAN PERINDUSTRIAN TAMPOI,81200 JOHOR BAHRU,JOHOR",SROIE,7.60,MYR,retail,
dataset/temp_sroie/image/X51005442378.jpg,PAGOH REST AND SERVICE AREA,23/03/2018,10.00,retail,"LOT R1, KWS REHAT & RAWAT PAGOH ARAH UTARA, SIMPANG AMPAT PAGOH, LEBUHRAYA UTARA SELATAN, 84600,PAGOH,JOHOR",SROIE,10.00,MYR,retail,
dataset/temp_sroie/image/X51005442379.jpg,UNIHAKKA INTERNATIONAL SDN BHD,24 MAR 2018,$9.20,retail,"12, JALAN TAMPOI 7/4,KAWASAN PERINDUSTRIAN TAMPOI,81200 JOHOR BAHRU,JOHOR",SROIE,9.20,MYR,retail,
dataset/temp_sroie/image/X51005442382.jpg,UNIHAKKA INTERNATIONAL SDN BHD,20 MAR 2018,$6.60,retail,"12, JALAN TAMPOI 7/4,KAWASAN PERINDUSTRIAN TAMPOI,81200 JOHOR BAHRU,JOHOR",SROIE,6.60,MYR,retail,
dataset/temp_sroie/image/X51005442383.jpg,CARREFOUR RESTAURANT,20/03/2018,13.80,retail,"18,JALAN PERMAS 10/7 BANDAR BARU PERMAS JAYA, MASAI,JOHOR",SROIE,13.80,MYR,retail,
dataset/temp_sroie/image/X51005442384.jpg,UNIHAKKA INTERNATIONAL SDN BHD,19 MAR 2018,$8.20,retail,"12, JALAN TAMPOI 7/4,KAWASAN PERINDUSTRIAN TAMPOI,81200 JOHOR BAHRU,JOHOR",SROIE,8.20,MYR,retail,
dataset/temp_sroie/image/X51005442386.jpg,UNIHAKKA INTERNATIONAL SDN BHD,21 MAR 2018,$8.70,retail,"12, JALAN TAMPOI 7/4,KAWASAN PERINDUSTRIAN TAMPOI,81200 JOHOR BAHRU,JOHOR",SROIE,8.70,MYR,retail,
dataset/temp_sroie/image/X51005442388.jpg,CONTENTO,20/03/18,21.60,retail,"15, JALAN PERMAS 10/7,PERMAS 81750 MASAI JOHOR",SROIE,21.60,MYR,retail,
dataset/temp_sroie/image/X51005442392.jpg,UNIHAKKA INTERNATIONAL SDN BHD,29 MAR 2018,$7.10,retail,"12 JALAN TAMPOI 7/4,KAWASAN PERINDUSTRIAN TAMPOI,81200 JOHOR BAHRU,JOHOR",SROIE,7.10,MYR,retail,
dataset/temp_sroie/image/X51005442394.jpg,UNIHAKKA INTERNATIONAL SDN BHD,30 MAR 2018,$8.20,retail,"12, JALAN TAMPOI 7/4,KAWASAN PERINDUSTRIAN TAMPOI,81200 JOHOR BAHRU,JOHOR",SROIE,8.20,MYR,retail,
dataset/temp_sroie/image/X51005442397.jpg,TRIPLE SIX POINT ENTERPRISE 666,25-03-2018,7.60,retail,NO 14 & 16 JALAN PERMAS 4/3 BANDAR BARU PERMAS JAY,SROIE,7.60,MYR,retail,
dataset/temp_sroie/image/X51005444033.jpg,BENS INDEPENDENT GROCER SDN. BHD,12/03/18,77.20,retail,"LOT 6, JALAN BATAI, PLAZA BATAI, DAMANSARA HEIGHTS 50490, KUALA LUMPUR",SROIE,77.20,MYR,retail,
dataset/temp_sroie/image/X51005444037.jpg,NANDO'S CHICKENLAND MALAYSIA SDN BHD,28 MAR 18,129.30,retail,"UNIT G-13, GROUND FLOOR, NO.1 JLN KIARA, MONT KIARA 50480 KUALA LUMPUR",SROIE,129.30,MYR,retail,
dataset/temp_sroie/image/X51005444040.jpg,BENS INDEPENDENT GROCER SDN. BHD,09/03/18,133.70,retail,"LOT 6, JALAN BATAI, PLAZA BATAI, DAMANSARA HEIGHTS 50490, KUALA LUMPUR",SROIE,133.70,MYR,retail,
dataset/temp_sroie/image/X51005444041.jpg,BENS INDEPENDENT GROCER SDN. BHD,08/03/18,81.00,retail,"LOT 6, JALAN BATAI, PLAZA BATAI, DAMANSARA HEIGHTS 50490, KUALA LUMPUR",SROIE,81.00,MYR,retail,
dataset/temp_sroie/image/X51005444044.jpg,99 SPEED MART S/B,10-03-18,5.35,retail,"LOT P.T. 2811, JALAN ANGSA, TAMAN BERKELEY 41150 KLANG, SELANGOR 1572-TMN BKT PANDAN",SROIE,5.35,MYR,retail,
dataset/temp_sroie/image/X51005444045.jpg,99 SPEED MART S/B,19-03-18,11.40,retail,"LOT P.T. 2811, JALAN ANGSA, TAMAN BERKELEY 41150 KLANG, SELANGOR 1245-DESA SRI HARTAMAS",SROIE,11.40,MYR,retail,
dataset/temp_sroie/image/X51005444046.jpg,STAR GROCER SDN BHD,25/03/18,66.15,retail,"NO 4, DESA PANDAN, OFF KAMPONG PANDAN, 55100 KUALA LUMPUR",SROIE,66.15,MYR,retail,
dataset/temp_sroie/image/X51005447832.jpg,PETRODELI ENTERPRISE,26/02/18,85.54,retail,"LOT 485, TMN LEMBAH KERAMAT JLN ULU KELANG,  54200 KUALA LUMPUR",SROIE,85.54,MYR,retail,
dataset/temp_sroie/image/X51005447833.jpg,SUN WONG KUT SDN BHD,21/02/18,88.17,retail,176 JLN SUNGEI BESI 57100 KUALA LUMPUR.,SROIE,88.17,MYR,retail,
dataset/temp_sroie/image/X51005447839.jpg,RESTAURANT JIAWEI JIAWEI HOUSE,9/3/2018,65.20,retail,"13, JLN TASIK UTAMA 8 MEDAN NIAGA DAMAI SG BESI 57000 KL",SROIE,65.20,MYR,retail,
dataset/temp_sroie/image/X51005447840.jpg,PASARAYA BORONG PINTAR SDN BHD,14/03/2018,8.20,retail,"NO 19-G& 19-1& 19-2 JALAN TASIK UTAMA 4, MEDAN NIAGA TASIK DAMAI",SROIE,8.20,MYR,retail,
dataset/temp_sroie/image/X51005447841.jpg,PASARAYA BORONG PINTAR SDN BHD,09/03/2018,10.40,retail,"NO 19-G& 19-1& 19-2 JALAN TASIK UTAMA 4, MEDAN NIAGA TASIK DAMAI",SROIE,10.40,MYR,retail,
dataset/temp_sroie/image/X51005447842.jpg,PASARAYA BORONG PINTAR SDN BHD,14/03/2018,0.90,retail,"NO 19-G& 19-1& 19-2 JALAN TASIK UTAMA 4, MEDAN NIAGA TASIK DAMAI",SROIE,0.90,MYR,retail,
dataset/temp_sroie/image/X51005447844.jpg,RESTAURANT JIAWEI JIAWEI HOUSE,23/2/2018,110.00,retail,"13, JLN TASIK UTAMA 8 MEDAN NIAGA DAMAI SG BESI",SROIE,110.00,MYR,retail,
dataset/temp_sroie/image/X51005447848.jpg,LIAN CHI PU TIAN VEGETARIAN RESTAURANT SDN BHD,06/01/18,53.55,retail,"54,JALAN SS23/11 TAMAN SEA,47400 PETALING JAYA,SELANGOR",SROIE,53.55,MYR,retail,
dataset/temp_sroie/image/X51005447850.jpg,PASARAYA BORONG PINTAR SDN BHD,20180304,3.20,retail,"NO 19-G& 19-1& 19-2 JALAN TASIK UTAMA 4, MEDAN NIAGA TASIK DAMAI",SROIE,3.20,MYR,retail,
dataset/temp_sroie/image/X51005447851.jpg,PASARAYA BORONG PINTAR SDN BHD,30/01/2018,1.70,retail,"NO 19-G&19-1&19-2 JALAN TASIK UTAMA 4, MEDAN NIAGA TASIK DAMAI",SROIE,1.70,MYR,retail,
dataset/temp_sroie/image/X51005447852.jpg,99 SPEED MART S/B,20-02-18,9.90,retail,"LOT P.T. 2811, JALAN ANGSA, TAMAN BERKELEY 41150 KLANG, SELANGOR 1249-TMN PANDAN CAHAYA",SROIE,9.90,MYR,retail,
dataset/temp_sroie/image/X51005447853.jpg,99 SPEED MART S/B,05-02-18,141.50,retail,"LOT P.T. 2811, JALAN ANGSA, TAMAN BERKELEY 41150 KLANG, SELANGOR 1317 TRILLIUM S6 BESI",SROIE,141.50,MYR,retail,
dataset/temp_sroie/image/X51005447859.jpg,PASARAYA BORONG PINTAR SDN BHD,14/02/2018,1.45,retail,"NO 19-G& 19-1& 19-2 JALAN TASIK UTAMA 4, MEDAN NIAGA TASIK DAMAI",SROIE,1.45,MYR,retail,
dataset/temp_sroie/image/X51005447860.jpg,AEON CO. (M) BHD,19/02/2018,17.70,retail,"3RD FLR, AEON TAMAN MALURI SC JLN JEJAKA, TAMAN MALURI CHERAS, 55100 KUALA LUMPUR",SROIE,17.70,MYR,retail,
dataset/temp_sroie/image/X51005447861.jpg,POPULAR BOOK CO. (M) SDN BHD,01/03/18,49.40,retail,"NO 8, JALAN 7/118B, DESA TUN RAZAK 56000 KUALA LUMPUR, MALAYSIA",SROIE,49.40,MYR,retail,
dataset/temp_sroie/image/X51005453729.jpg,LIAN HING STATIONERY SDN BHD,27/03/2018,79.50,retail,"NO.32 & 33, JALAN SR 1/9, SEKSYEN 9, TAMAN SERDANG RAYA, 43300 SERI KEMBANGAN, SELANGOR DARUL EHSAN",SROIE,79.50,MYR,retail,
dataset/temp_sroie/image/X51005453801.jpg,GL HANDICRAFT & TAIL ORING,20/03/2018,102.00,retail,"19, JALAN KANCIL, OFF JALAN PUDU, 55100 KUALA LUMPUR MALAYSIA",SROIE,102.00,MYR,retail,
dataset/temp_sroie/image/X51005453802.jpg,LIAN HING STATIONERY SDN BHD,30/03/2018,159.00,retail,"NO.32 & 33, JALAN SR 1/9, SEKSYEN 9, TAMAN SERDANG RAYA, 43300 SERI KEMBANGAN, SELANGOR DARUL EHSAN",SROIE,159.00,MYR,retail,
dataset/temp_sroie/image/X51005453804.jpg,LIAN HING STATIONERY SDN BHD,27/03/2018,12.00,retail,"NO.32 & 33, JALAN SR 1/9, SEKSYEN 9, TAMAN SERDANG RAYA, 43300 SERI KEMBANGAN, SELANGOR DARUL EHSAN",SROIE,12.00,MYR,retail,
dataset/temp_sroie/image/X51005568827.jpg,BANH MI CAFE SDN BHD,29-10-2017,23.25,retail,"NO,1 JALAN PUTERI 7/10 BANDAR PUTERI, 47100 PUCHONG SELANGOR, MALAYSIA",SROIE,23.25,MYR,retail,
dataset/temp_sroie/image/X51005568829.jpg,THAI DELICIOUS RESTAURANT,02/02/2017,92.80,retail,"NO.22 JALAN PUTERI 2/4 BANDAR PUTERI 47100 PUCHONG, SELANGOR",SROIE,92.80,MYR,retail,
dataset/temp_sroie/image/X51005568855.jpg,POPULAR BOOK CO. (M) SDN BHD,23/12/17,140.65,retail,"NO 8, JALAN 7/118B, DESA TUN RAZAK 56000 KUALA LUMPUR, MALAYSIA",SROIE,140.65,MYR,retail,
dataset/temp_sroie/image/X51005568866.jpg,POPULAR BOOK CO. (M) SDN BHD,20/08/17,5.05,retail,"NO 8, JALAN 7/118B, DESA TUN RAZAK 56000 KUALA LUMPUR, MALAYSIA",SROIE,5.05,MYR,retail,
dataset/temp_sroie/image/X51005568880.jpg,MR.D.I.Y(M)SDN BHD,19-09-17,15.90,retail,"LOT 1851-A & 1851-B, JALAN KPB 6, KAWASAN PERINDUSTRIAN BALAKONG, 43300 SERI KEMBANGAN, SELANGOR",SROIE,15.90,MYR,retail,
dataset/temp_sroie/image/X51005568881.jpg,HON HWA HARDWARE TRADING,21/09/2017,10.40,retail,"NO 37, JALAN MANIS 7, TAMAN SEGAR, 56100 CHERAS, KUALA LUMPUR.",SROIE,10.40,MYR,retail,
dataset/temp_sroie/image/X51005568884.jpg,MR. D.I.Y. SDN BHD,24-11-17,RM 3.90,retail,"LOT 1851-A & 1851-B, JALAN KPB 6, KAWASAN PERINDUSTRIAN BALAKONG, 43300 SERI KEMBANGAN, SELANGOR",SROIE,3.90,MYR,retail,
dataset/temp_sroie/image/X51005568885.jpg,EVERGREEN LIGHT SDN BHD,10/07/2017,56.00,retail,"NO.7-1, JALAN PUTERI 7/11, BANDAR PUTERI, 47100 PUCHONG, BELANGOR",SROIE,56.00,MYR,retail,
dataset/temp_sroie/image/X51005568887.jpg,HON HWA HARDWARE TRADING,26/04/2017,7.20,retail,"NO 37, JALAN MANIS 7, TAMAN SEGAR, 56100 CHERAS, KUALA LUMPUR.",SROIE,7.20,MYR,retail,
dataset/temp_sroie/image/X51005568889.jpg,HON HWA HARDWARE TRADING,11/02/2017,19.60,retail,"NO 37, JALAN MANIS 7, TAMAN SEGAR, 56100 CHERAS, KUALA LUMPUR.",SROIE,19.60,MYR,retail,
dataset/temp_sroie/image/X51005568890.jpg,HON HWA HARDWARE TRADING,05/01/2017,5.00,retail,"NO 37, JALAN MANIS 7, TAMAN SEGAR, 56100 CHERAS, KUALA LUMPUR.",SROIE,5.00,MYR,retail,
dataset/temp_sroie/image/X51005568891.jpg,HON HWA HARDWARE TRADING,08/02/2017,277.00,retail,"NO 37, JALAN MANIS 7, TAMAN SEGAR, 56100 CHERAS, KUALA LUMPUR.",SROIE,277.00,MYR,retail,
dataset/temp_sroie/image/X51005568892.jpg,EVERGREEN LIGHT SDN BHD,18/09/2017,26.00,retail,"NO.7-1, JALAN PUTERI 7/11, BANDAR PUTERI, 47100 PUCHONG, BELANGOR",SROIE,26.00,MYR,retail,
dataset/temp_sroie/image/X51005568894.jpg,VIVOPAC MARKETING SDN BHD,17/01/2017,46.65,retail,14 JALAN MANIS 4 TAMAN SEGAR 56100 KL,SROIE,46.65,MYR,retail,
dataset/temp_sroie/image/X51005568895.jpg,VIVOPAC MARKETING SDN BHD,13/09/2017,52.45,retail,14 JALAN MANIS 4 TAMAN SEGAR 56100 KL,SROIE,52.45,MYR,retail,
dataset/temp_sroie/image/X51005568898.jpg,VIVOPAC MARKETING SDN BHD,30/05/2017,18.80,retail,14 JALAN MANIS 4 TAMAN SEGAR 56100 KL,SROIE,18.80,MYR,retail,
dataset/temp_sroie/image/X51005568899.jpg,MR. D.I.Y. SDN BHD,18-10-17,5.90,retail,"LOT 1851-A & 1851-B, JALAN KPB 6, KAWASAN PERINDUSTRIAN BALAKONG, 43300 SERI KEMBANGAN, SELANGOR",SROIE,5.90,MYR,retail,
dataset/temp_sroie/image/X51005568900.jpg,MR. D.I.Y. SDN BHD,28-12-17,9.90,retail,"LOT 1851-A & 1851-B, JALAN KPB 6, KAWASAN PERINDUSTRIAN BALAKONG, 43300 SERI KEMBANGAN, SELANGOR",SROIE,9.90,MYR,retail,
dataset/temp_sroie/image/X51005568911.jpg,MR. D.I.Y. (KUCHAI) SDN BHD,08-03-17,37.80,retail,"LOT 1851-A & 1851-B, JALAN KPB 6, KAWASAN PERINDUSTRIAN BALAKONG, 43300 SERI KEMBANGAN, SELANGOR",SROIE,37.80,MYR,retail,
dataset/temp_sroie/image/X51005568913.jpg,IKANO HANDEL SDN BHD,27/07/17,538.00,retail,NO 2A JALAN COCHRANE TAMAN MALURI 55100 KUALA LUMPUR,SROIE,538.00,MYR,retail,
dataset/temp_sroie/image/X51005568914.jpg,IKANO HANDEL SDN BHD,09/08/17,99.80,retail,NO 2A JALAN COCHRANE TAMAN MALURI 55100 KUALA LUMPUR,SROIE,99.80,MYR,retail,
dataset/temp_sroie/image/X51005577191.jpg,FY EAGLE ENTERPRISE,07/12/2017,10.00,retail,"NO. 42, JALAN PBS 14/11, TAMAN PERINDUSTRIAN BUKIT SERDANG, 43300 SERI KEMBANGAN, SELANGOR",SROIE,10.00,MYR,retail,
dataset/temp_sroie/image/X51005577192.jpg,FY EAGLE ENTERPRISE,04/12/2017,7.00,retail,"NO. 42, JALAN PBS 14/11, TAMAN PERINDUSTRIAN BUKIT SERDANG, 43300 SERI KEMBANGAN, SELANGOR",SROIE,7.00,MYR,retail,
dataset/temp_sroie/image/X51005582745.jpg,MODERN DEPOT SDN BHD,04/12/2016,150.00,retail,"NO.19, PT18685, JALAN JAMBU MELAKA 2, JINJANG SELATAN, KEPONG.",SROIE,150.00,MYR,retail,
dataset/temp_sroie/image/X51005587254.jpg,TRI SHAAS SDN BHD,13/03/2017,5.00,retail,"4-20, JALAN RIA 25/62 TAMAN SRI MUDA SEKSYEN 25, 40400 SHAH ALAM SELANGOR",SROIE,5.00,MYR,retail,
dataset/temp_sroie/image/X51005587261.jpg,CHOP YEW LIAN,23/03/17,30.00,retail,"LOT PT 5121, PER. KLANG, SEK. 27 40000 SHAH ALAM, SELANGOR",SROIE,30.00,MYR,retail,
dataset/temp_sroie/image/X51005587267.jpg,TRI SHAAS SDN BHD,4/02/2017,85.10,retail,"4-20, JALAN RIA 25/62 TAMAN SRI MUDA SEKSYEN 25, 40400 SHAH ALAM SELANGOR",SROIE,85.10,MYR,retail,
dataset/temp_sroie/image/X51005605284.jpg,ADVANCO COMPANY,23/03/2018,83.00,retail,"NO 1&3, JALAN WANGSA DELIMA 12, WANGSA LINK, WANGSA MAJU, 53300 KUALA LUMPUR",SROIE,83.00,MYR,retail,
dataset/temp_sroie/image/X51005605285.jpg,AEON CO. (M) BHD.,22/03/2018,5.90,retail,"3 FLOOR, AEON TAMAN MALURI SC JLN JEJAKA, TAMAN MALURI CHERAS, 55100 KUALA LUMPUR",SROIE,5.90,MYR,retail,
dataset/temp_sroie/image/X51005605286.jpg,AEON CO. (M) BHD,09/02/2018,5.90,retail,"3RD FLR, AEON TAMAN MALURI SC JLN JEJAKA, TAMAN MALURI CHERAS, 55100 KUALA LUMPUR",SROIE,5.90,MYR,retail,
dataset/temp_sroie/image/X51005605287.jpg,AEON CO. (M) BHD,14/03/2018,12.25,retail,"3RD FLR, AEON TAMAN MALURI SC JLN JEJAKA, TAMAN MALURI CHERAS, 55100 KUALA LUMPUR",SROIE,12.25,MYR,retail,
dataset/temp_sroie/image/X51005605295.jpg,ECONSAVE CASH & CARRY (FC) S/B,22/03/18,5.15,retail,"LOT GO1, KL FESTIVAL CITY, NO. 67 JIN IBU KOTA TMN DANAU KOTA, KL",SROIE,5.15,MYR,retail,
dataset/temp_sroie/image/X51005605332.jpg,POPULAR BOOK CO. (M) SDN BHD,14/03/18,7.95,retail,"NO 8, JALAN 7/118B, DESA TUN RAZAK 56000 KUALA LUMPUR, MALAYSIA",SROIE,7.95,MYR,retail,
dataset/temp_sroie/image/X51005605333.jpg,POPULAR BOOK CO. (M) SDN BHD,07/01/18,31.45,retail,"NO 8, JALAN 7/118B, DESA TUN RAZAK 56000 KUALA LUMPUR, MALAYSIA KL FESTIVAL CITY MALL",SROIE,31.45,MYR,retail,
dataset/temp_sroie/image/X51005605334.jpg,POPULAR BOOK CO. (M) SDN BHD,29/03/18,9.65,retail,"NO 8, JALAN 7/118B, DESA TUN RAZAK 56000 KUALA LUMPUR, MALAYSIA",SROIE,9.65,MYR,retail,
dataset/temp_sroie/image/X51005605335.jpg,POPULAR BOOK CO. (M) SDN BHD,12/01/18,21.00,retail,"NO 8, JALAN 7/118B, DESA TUN RAZAK 56000 KUALA LUMPUR, MALAYSIA",SROIE,21.00,MYR,retail,
dataset/temp_sroie/image/X51005621482.jpg,PREMIO STATIONERY SDN BHD,20/03/2018,13.40,retail,"NO 57, JALAN SS 3/29, 47300 PETALING JAYA, SELANGOR",SROIE,13.40,MYR,retail,
dataset/temp_sroie/image/X51005663272.jpg,WAHIN HARDWARE SDN BHD,04/12/17,42.40,retail,"425, JALAN PAHANG, SETAPAK, 53000 KUALA LUMPUR.",SROIE,42.40,MYR,retail,
dataset/temp_sroie/image/X51005663273.jpg,SYARIKAT PERNIAGAAN GIN KEE,04/12/2017,47.70,retail,"NO 290, JALAN AIR PANAS. SETAPAK, 53200, KUALA LUMPUR",SROIE,47.70,MYR,retail,
dataset/temp_sroie/image/X51005663274.jpg,LIM SENG THO HARDWARE TRADING,08/02/2018,10.50,retail,"NO 7, SIMPANG OFF BATU VILLAGE, JALAN IPOH BATU 5, 51200 KUALA LUMPUR. MALAYSIA",SROIE,10.50,MYR,retail,
dataset/temp_sroie/image/X51005663276.jpg,SYARIKAT PERNIAGAAN GIN KEE,02/12/2017,7.42,retail,"NO 290, JALAN AIR PANAS. SETAPAK. 53200, KUALA LUMPUR.",SROIE,7.42,MYR,retail,
dataset/temp_sroie/image/X51005663277.jpg,SYARIKAT PERNIAGAAN GIN KEE,02/12/2017,29.68,retail,"NO 290, JALAN AIR PANAS. SETAPAK, 53200, KUALA LUMPUR.",SROIE,29.68,MYR,retail,
dataset/temp_sroie/image/X51005663278.jpg,IKANO HANDEL SDN BHD,23/12/17,73.30,retail,NO 2A JALAN COCHRANE TAMAN MALURI 55100 KUALA LUMPUR,SROIE,73.30,MYR,retail,
dataset/temp_sroie/image/X51005663279.jpg,SYARIKAT PERNIAGAAN GIN KEE,28/12/2017,148.40,retail,"NO 290, JALAN AIR PANAS. SETAPAK, 53200, KUALA LUMPUR",SROIE,148.40,MYR,retail,
dataset/temp_sroie/image/X51005663280.jpg,T.A.S LEISURE SDN BHD,30 DEC 17,102.40,retail,,SROIE,102.40,MYR,retail,
dataset/temp_sroie/image/X51005663293.jpg,SWEET FOREST CAFE,14-02-2018,30.30,retail,"NO 21, JLN BUNGA KANTAN TAMAN P. RAMLEE SETAPAK 53000 KUALA LUMPUR",SROIE,30.30,MYR,retail,
dataset/temp_sroie/image/X51005663297.jpg,BEYOND BROTHERS HARDWARE,14/03/2018,599.45,retail,"LOT 1-0-2, JLN 1/50, DIAMOND SQUARE, OFF JLN GOMBAK 53000 KUALA LUMPUR",SROIE,599.45,MYR,retail,
dataset/temp_sroie/image/X51005663298.jpg,ZAWIAJAYA FOOD N BEVERAGE SDN BHD,21-03-2018,48.15,retail,"106-107, LEVEL 1 THE MINES MALL SERDANG SRI KEMBANGAN, 43300 SELANGOR DARUL EHSAN.",SROIE,48.15,MYR,retail,
dataset/temp_sroie/image/X51005663300.jpg,LIM SENG THO HARDWARE TRADING,02/02/2018,7.00,retail,"NO 7, SIMPANG OFF BATU VILLAGE, JALAN IPOH BATU 5, 51200 KUALA LUMPUR MALAYSIA",SROIE,7.00,MYR,retail,
dataset/temp_sroie/image/X51005663301.jpg,LIM SENG THO HARDWARE TRADING,03/02/2018,7.00,retail,"NO 7. SIMPANG OFF BATU VILLAGE, JALAN IPOH BATU 5, 51200 KUALA LUMPUR MALAYSIA",SROIE,7.00,MYR,retail,
dataset/temp_sroie/image/X51005663307.jpg,LA STATIONERY SDN BHD,09/02/2018,56.80,retail,"NO.8, JALAN 46/26, TAMAN SRI RAMPAI, 53300 KUALA LUMPUR.",SROIE,56.80,MYR,retail,
dataset/temp_sroie/image/X51005663309.jpg,KOH SENG HARDWARE,01/02/2018,5.30,retail,"NO. 939, BATU LIMA, JALAN IPOH, 51200 KUALA LUMPUR.",SROIE,5.30,MYR,retail,
dataset/temp_sroie/image/X51005663310.jpg,LIM SENG THO HARDWARE TRADING,09/02/2018,8.40,retail,"NO 7, SIMPANG OFF BATU VILLAGE, JALAN IPOH BATU 5, 51200 KUALA LUMPUR MALAYSIA",SROIE,8.40,MYR,retail,
dataset/temp_sroie/image/X51005663311.jpg,LIM SENG THO HARDWARE TRADING,09/02/2018,7.00,retail,"NO 7, SIMPANG OFF BATU VILLAGE, JALAN IPOH BATU 5, 51200 KUALA LUMPUR MALAYSIA",SROIE,7.00,MYR,retail,
dataset/temp_sroie/image/X51005663317.jpg,LIM SENG THO HARDWARE TRADING,29/12/2017,6.00,retail,"NO 7, SIMPANG OFF BATU VILLAGE, JALAN IPOH BATU 5, 51200 KUALA LUMPUR MALAYSIA",SROIE,6.00,MYR,retail,
dataset/temp_sroie/image/X51005663323.jpg,KOH SENG HARDWARE,04/12/2017,848.00,retail,"NO. 939, BATU LIMA, JALAN IPOH, 51200 KUALA LUMPUR.",SROIE,848.00,MYR,retail,
dataset/temp_sroie/image/X51005663324.jpg,SYARIKAT PERNIAGAAN GIN KEE,28/12/2017,465.34,retail,"NO 290, JALAN AIR PANAS, SETAPAK, 53200, KUALA LUMPUR.",SROIE,465.34,MYR,retail,
dataset/temp_sroie/image/X51005675095.jpg,SUN VICTORY SDN BHD,14/01/2018,RM4.00,retail,"LEVEL G2, BLOCK D1, SOLARIS DUTAMAS, NO.1, JALAN DUTAMAS 1, 50480 KUALA LUMPUR",SROIE,4.00,MYR,retail,
dataset/temp_sroie/image/X51005675099.jpg,SUPER TERMINAL SDN BHD,20/01/2018,132.50,retail,"NO. 18 & 19, TAMAN CITY, JALAN KUCHING, 52100 KUALA LUMPUR",SROIE,132.50,MYR,retail,
dataset/temp_sroie/image/X51005675103.jpg,SYARIKAT PERNIAGAAN GIN KEE,04/01/2018,100.17,retail,"NO 290, JALAN AIR PANAS, SETAPAK, 53200, KUALA LUMPUR.",SROIE,100.17,MYR,retail,
dataset/temp_sroie/image/X51005675104.jpg,SYARIKAT PERNIAGAAN GIN KEE,25/01/2018,190.80,retail,"NO 290, JALAN AIR PANAS, SETAPAK, 53200, KUALA LUMPUR.",SROIE,190.80,MYR,retail,
dataset/temp_sroie/image/X51005675914.jpg,BEYOND BROTHERS HARDWARE,10/11/2017,67.85,retail,"LOT 1-0-2, JLN 1/50, DIAMOND SQUARE, OFF JLN GOMBAK 53000 KUALA LUMPUR",SROIE,67.85,MYR,retail,
dataset/temp_sroie/image/X51005676534.jpg,SYARIKAT PERNIAGAAN GIN KEE,03/01/2018,72.08,retail,"NO 290, JALAN AIR PANAS, SETAPAK, 53200, KUALA LUMPUR.",SROIE,72.08,MYR,retail,
dataset/temp_sroie/image/X51005676535.jpg,SYARIKAT PERNIAGAAN GIN KEE,30/12/2017,89.04,retail,"NO 290, JALAN AIR PANAS, SETAPAK, 53200, KUALA LUMPUR",SROIE,89.04,MYR,retail,
dataset/temp_sroie/image/X51005676536.jpg,SYARIKAT PERNIAGAAN GIN KEE,02/01/2018,93.07,retail,"NO 290, JALAN AIR PANAS, SETAPAK, 53200, KUALA LUMPUR.",SROIE,93.07,MYR,retail,
dataset/temp_sroie/image/X51005676537.jpg,SYARIKAT PERNIAGAAN GIN KEE,03/01/2018,94.34,retail,"NO 290, JALAN AIR PANAS, SETAPAK, 53200, KUALA LUMPUR.",SROIE,94.34,MYR,retail,
dataset/temp_sroie/image/X51005676538.jpg,SYARIKAT PERNIAGAAN GIN KEE,04/01/2018,44.73,retail,"NO 290, JALAN AIR PANAS, SETAPAK, 53200, KUALA LUMPUR.",SROIE,44.73,MYR,retail,
dataset/temp_sroie/image/X51005676539.jpg,SYARIKAT PERNIAGAAN GIN KEE,10/01/2018,23.32,retail,"NO 290, JALAN AIR PANAS, SETAPAK, 53200, KUALA LUMPUR.",SROIE,23.32,MYR,retail,
dataset/temp_sroie/image/X51005676540.jpg,SYARIKAT PERNIAGAAN GIN KEE,11/01/2018,116.28,retail,"NO 290, JALAN AIR PANAS, SETAPAK, 53200, KUALA LUMPUR.",SROIE,116.28,MYR,retail,
dataset/temp_sroie/image/X51005676541.jpg,SYARIKAT PERNIAGAAN GIN KEE,03/01/2018,94.87,retail,"NO 290, JALAN AIR PANAS, SETAPAK, 53200, KUALA LUMPUR.",SROIE,94.87,MYR,retail,
dataset/temp_sroie/image/X51005676542.jpg,SYARIKAT PERNIAGAAN GIN KEE,29/12/2017,10.60,retail,"NO 290, JALAN AIR PANAS, SETAPAK, 53200, KUALA LUMPUR.",SROIE,10.60,MYR,retail,
dataset/temp_sroie/image/X51005676543.jpg,SYARIKAT PERNIAGAAN GIN KEE,02/01/2018,13.25,retail,"NO 290, JALAN AIR PANAS, SETAPAK, 53200, KUALA LUMPUR.",SROIE,13.25,MYR,retail,
dataset/temp_sroie/image/X51005676544.jpg,SYARIKAT PERNIAGAAN GIN KEE,02/01/2018,2.12,retail,"NO 290, JALAN AIR PANAS, SETAPAK, 53200, KUALA LUMPUR.",SROIE,2.12,MYR,retail,
dataset/temp_sroie/image/X51005676545.jpg,SYARIKAT PERNIAGAAN GIN KEE,13/01/2018,6.36,retail,"NO 290, JALAN AIR PANAS, SETAPAK, 53200, KUALA LUMPUR.",SROIE,6.36,MYR,retail,
dataset/temp_sroie/image/X51005676546.jpg,SYARIKAT PERNIAGAAN GIN KEE,11/01/2018,21.20,retail,"NO 290, JALAN AIR PANAS, SETAPAK, 53200, KUALA LUMPUR.",SROIE,21.20,MYR,retail,
dataset/temp_sroie/image/X51005676547.jpg,SYARIKAT PERNIAGAAN GIN KEE,13/01/2018,12.72,retail,"NO 290, JALAN AIR PANAS, SETAPAK, 53200, KUALA LUMPUR.",SROIE,12.72,MYR,retail,
dataset/temp_sroie/image/X51005676548.jpg,SYARIKAT PERNIAGAAN GIN KEE,15/01/2018,11.13,retail,"NO 290, JALAN AIR PANAS, SETAPAK, 53200, KUALA LUMPUR.",SROIE,11.13,MYR,retail,
dataset/temp_sroie/image/X51005676549.jpg,SYARIKAT PERNIAGAAN GIN KEE,02/01/2018,39.75,retail,"NO 290, JALAN AIR PANAS, SETAPAK, 53200, KUALA LUMPUR.",SROIE,39.75,MYR,retail,
dataset/temp_sroie/image/X51005677327.jpg,SYARIKAT PERNIAGAAN GIN KEE,01/02/2018,36.04,retail,"NO 290, JALAN AIR PANAS, SETAPAK, 53200, KUALA LUMPUR.",SROIE,36.04,MYR,retail,
dataset/temp_sroie/image/X51005677328.jpg,SYARIKAT PERNIAGAAN GIN KEE,12/02/2018,5.30,retail,"NO 290, JALAN AIR PANAS, SETAPAK, 53200, KUALA LUMPUR.",SROIE,5.30,MYR,retail,
dataset/temp_sroie/image/X51005677329.jpg,SYARIKAT PERNIAGAAN GIN KEE,12/02/2018,270.30,retail,"NO 290, JALAN AIR PANAS, SETAPAK, 53200, KUALA LUMPUR.",SROIE,270.30,MYR,retail,
dataset/temp_sroie/image/X51005677331.jpg,SYARIKAT PERNIAGAAN GIN KEE,03/02/2018,60.95,retail,"NO 290, JALAN AIR PANAS, SETAPAK, 53200, KUALA LUMPUR.",SROIE,60.95,MYR,retail,
dataset/temp_sroie/image/X51005677332.jpg,SYARIKAT PERNIAGAAN GIN KEE,12/01/2018,7.95,retail,"NO 290, JALAN AIR PANAS, SETAPAK, 53200, KUALA LUMPUR.",SROIE,7.95,MYR,retail,
dataset/temp_sroie/image/X51005677333.jpg,SYARIKAT PERNIAGAAN GIN KEE,31/01/2018,101.76,retail,"NO 290, JALAN AIR PANAS, SETAPAK, 53200, KUALA LUMPUR.",SROIE,101.76,MYR,retail,
dataset/temp_sroie/image/X51005677334.jpg,SYARIKAT PERNIAGAAN GIN KEE,31/01/2018,82.68,retail,"NO 290, JALAN AIR PANAS, SETAPAK, 53200, KUALA LUMPUR.",SROIE,82.68,MYR,retail,
dataset/temp_sroie/image/X51005677335.jpg,SYARIKAT PERNIAGAAN GIN KEE,24/01/2018,74.20,retail,"NO 290, JALAN AIR PANAS, SETAPAK, 53200, KUALA LUMPUR.",SROIE,74.20,MYR,retail,
dataset/temp_sroie/image/X51005677336.jpg,SYARIKAT PERNIAGAAN GIN KEE,27/01/2018,22.26,retail,"NO 290, JALAN AIR PANAS, SETAPAK, 53200, KUALA LUMPUR.",SROIE,22.26,MYR,retail,
dataset/temp_sroie/image/X51005677337.jpg,SYARIKAT PERNIAGAAN GIN KEE,02/02/2018,94.13,retail,"NO 290, JALAN AIR PANAS, SETAPAK, 53200, KUALA LUMPUR.",SROIE,94.13,MYR,retail,
dataset/temp_sroie/image/X51005677339.jpg,BEYOND BROTHERS HARDWARE,05/02/2018,63.60,retail,"LOT 1-0-2, JLN 1/50, DIAMOND SQUARE, OFF JLN GOMBAK 53000 KUALA LUMPUR",SROIE,63.60,MYR,retail,
dataset/temp_sroie/image/X510056849111.jpg,WESTERN EASTERN STATIONERY SDN. BHD,26-02-2018,RM7.42,retail,"42-46, JLN SULTAN AZLAN SHAH 51200 KUALA LUMPUR",SROIE,7.42,MYR,retail,
dataset/temp_sroie/image/X51005684949.jpg,WESTERN EASTERN STATIONERY SDN. BHD,26-02-2018,7.42,retail,"42-46, JLN SULTAN AZLAN SHAH 51200 KUALA LUMPUR",SROIE,7.42,MYR,retail,
dataset/temp_sroie/image/X51005685355.jpg,RESTORAN IBRAHIM MAJU SB,19/03/2018,5.30,retail,"NO.2, GROUND FLOOR, JALAN REKO SENTRAL 8 TAMAN REKO SENTRAL, 43000 KAJANG SELANGOR DE",SROIE,5.30,MYR,retail,
dataset/temp_sroie/image/X51005685357.jpg,FARMASI MALURI S/B,02/03/18,79.35,retail,"23, JIN BURUNG JENTAYU, TMN BUKIT MALURI, KEPONG, 52100 KL.",SROIE,79.35,MYR,retail,
dataset/temp_sroie/image/X51005705722.jpg,ASO ELECTRICAL TRADING SDN BHD,27/09/2017,248.05,retail,"NO 31G, JALAN SEPADU C 25/C, SECTION 25, TAMAN INDUSTRIES, AXIS 40400 SHAH ALAM, SELANGIR.",SROIE,248.05,MYR,retail,
dataset/temp_sroie/image/X51005705727.jpg,KEDAI BUKU NEW ACHEIVERS,28/12/2017,38.15,retail,"NO. 12 & 14, JALAN JINJANG 27/54 TAMAN ALAM MEGAH, SEKSYEN 27 40400 SHAH ALAM, SELANGOR D. E.",SROIE,38.15,MYR,retail,
dataset/temp_sroie/image/X51005705729.jpg,ASO ELECTRICAL TRADING SDN BHD,13/10/2017,94.60,retail,"NO 31G, JALAN SEPADU C 25/C, SECTION 25, TAMAN INDUSTRIES, AXIS 40400 SHAH ALAM, SELANGOR.",SROIE,94.60,MYR,retail,
dataset/temp_sroie/image/X51005705760.jpg,TRI SHAAS SDN BHD,10/08/2017,21.40,retail,"4-20, JALAN RIA 25/62 TAMAN SRI MUDA SEKSYEN 25, 40400 SHAH ALAM SELANGOR",SROIE,21.40,MYR,retail,
dataset/temp_sroie/image/X51005705784.jpg,KEDAI BUKU NEW ACHEIVERS,15/09/2017,48.00,retail,"NO. 12 & 14, JALAN JINJANG 27/54 TAMAN ALAM MEGAH, SEKSYEN 27 40400 SHAH ALAM, SELANGOR D. E.",SROIE,48.00,MYR,retail,
dataset/temp_sroie/image/X51005705804.jpg,ASO ELECTRICAL TRADING SDN BHD,04/12/2017,99.00,retail,"NO 31G, JALAN SEPADU C 25/C, SECTION 25, TAMAN INDUSTRIES, AXIS 40400 SHAH ALAM, SELANGOR.",SROIE,99.00,MYR,retail,
dataset/temp_sroie/image/X51005710963.jpg,TS TOOLS HARDWARE & MACHINERY SDN BHD,21/03/2018,7.40,retail,"59, JALAN BANDAR SATU, PUSAT BANDAR PUCHONG 47160, PUCHONG, SELANGOR",SROIE,7.40,MYR,retail,
dataset/temp_sroie/image/X51005711401.jpg,RESTORAN WAN SHENG,19-03-2018,6.00,retail,"NO.2, JALAN TEMENGGUNG 19/9, SEKSYEN 9, BANDAR MAHKOTA CHERAS, 43200 CHERAS, SELANGOR",SROIE,6.00,MYR,retail,
dataset/temp_sroie/image/X51005711402.jpg,RESTORAN WAN SHENG,17-03-2018,9.60,retail,"NO.2, JALAN TEMENGGUNG 19/9, SEKSYEN 9, BANDAR MAHKOTA CHERAS, 43200 CHERAS, SELANGOR",SROIE,9.60,MYR,retail,
dataset/temp_sroie/image/X51005711403.jpg,RESTORAN WAN SHENG,19-03-2018,9.10,retail,"NO.2, JALAN TEMENGGUNG 19/9, SEKSYEN 9, BANDAR MAHKOTA CHERAS, 43200 CHERAS, SELANGOR",SROIE,9.10,MYR,retail,
dataset/temp_sroie/image/X51005711404.jpg,RESTORAN WAN SHENG,14-03-2018,4.80,retail,"NO.2, JALAN TEMENGGUNG 19/9, SEKSYEN 9, BANDAR MAHKOTA CHERAS, 43200 CHERAS, SELANGOR",SROIE,4.80,MYR,retail,
dataset/temp_sroie/image/X51005711441.jpg,RESTORAN WAN SHENG,21-03-2018,6.70,retail,"NO.2, JALAN TEMENGGUNG 19/9, SEKSYEN 9, BANDAR MAHKOTA CHERAS, 43200 CHERAS, SELANGOR",SROIE,6.70,MYR,retail,
dataset/temp_sroie/image/X51005711442.jpg,RESTORAN WAN SHENG,16-03-2018,9.60,retail,"NO.2, JALAN TEMENGGUNG 19/9, SEKSYEN 9, BANDAR MAHKOTA CHERAS, 43200 CHERAS, SELANGOR",SROIE,9.60,MYR,retail,
dataset/temp_sroie/image/X51005711443.jpg,RESTORAN WAN SHENG,23-03-2018,6.70,retail,"NO.2, JALAN TEMENGGUNG 19/9, SEKSYEN 9, BANDAR MAHKOTA CHERAS, 43200 CHERAS, SELANGOR",SROIE,6.70,MYR,retail,
dataset/temp_sroie/image/X51005711444.jpg,RESTORAN WAN SHENG,21-03-2018,4.80,retail,"NO.2, JALAN TEMENGGUNG 19/9, SEKSYEN 9, BANDAR MAHKOTA CHERAS, 43200 CHERAS, SELANGOR",SROIE,4.80,MYR,retail,
dataset/temp_sroie/image/X51005711445.jpg,RESTORAN WAN SHENG,12-03-2018,7.00,retail,"NO.2, JALAN TEMENGGUNG 19/9, SEKSYEN 9, BANDAR MAHKOTA CHERAS, 43200 CHERAS, SELANGOR",SROIE,7.00,MYR,retail,
dataset/temp_sroie/image/X51005711446.jpg,RESTORAN WAN SHENG,10-03-2018,7.20,retail,"NO.2, JALAN TEMENGGUNG 19/9, SEKSYEN 9, BANDAR MAHKOTA CHERAS, 43200 CHERAS, SELANGOR",SROIE,7.20,MYR,retail,
dataset/temp_sroie/image/X51005711447.jpg,RESTORAN WAN SHENG,14-03-2018,2.30,retail,"NO.2, JALAN TEMENGGUNG 19/9, SEKSYEN 9, BANDAR MAHKOTA CHERAS, 43200 CHERAS, SELANGOR",SROIE,2.30,MYR,retail,
dataset/temp_sroie/image/X51005711449.jpg,RESTORAN WAN SHENG,07-03-2018,4.80,retail,"NO.2, JALAN TEMENGGUNG 19/9, SEKSYEN 9, BANDAR MAHKOTA CHERAS, 43200 CHERAS, SELANGOR",SROIE,4.80,MYR,retail,
dataset/temp_sroie/image/X51005711451.jpg,RSTORAN WAN SHENG,05-03-2018,6.00,retail,"NO.2, JALAN TEMENGGUNG 19/9, SEKSYEN 9, BANDAR MAHKOTA CHERAS, 43200 CHERAS, SELANGOR",SROIE,6.00,MYR,retail,
dataset/temp_sroie/image/X51005711452.jpg,GERBANG ALAF RESTAURANTS SDN BHD,21/03/2018,25.40,retail,"LEVEL 6, BANGUNAN TH, DAMANSARA UPTOWN3 NO.3, JALAN SS21/39, 47400 PETALING JAYA SELANGOR",SROIE,25.40,MYR,retail,
dataset/temp_sroie/image/X51005711453.jpg,GERBANG ALAF RESTAURANTS SDN BHD,10/03/2018,8.50,retail,"LEVEL 6, BANGUNAN TH, DAMANSARA UPTOWN3 NO.3, JALAN SS21/39, 47400 PETALING JAYA SELANGOR",SROIE,8.50,MYR,retail,
dataset/temp_sroie/image/X51005711454.jpg,PAPPARICH BMC,24 MAR 18,72.93,retail,"JALAN TEMENGGUNG 23/9 BANDAR MAHKOTA CHERAS 43200 SELANGOR DARUL EHSAN, MALAYSIA",SROIE,72.93,MYR,retail,
dataset/temp_sroie/image/X51005711456.jpg,MIZU MENTAI SDN. BHD.,31-03-2018,65.55,retail,"NO: 1-1&2 GROUND FLOOR, JLN TEMENGGUNG 13/9, 43200 CHERAS SELANGOR",SROIE,65.55,MYR,retail,
dataset/temp_sroie/image/X51005712017.jpg,GERBANG ALAF RESTAURANTS SDN BHD,18/03/2018,13.10,retail,"LEVEL 6, BANGUNAN TH, DAMANSARA UPTOWN3 NO.3, JALAN SS21/39, 47400 PETALING JAYA SELANGOR",SROIE,13.10,MYR,retail,
dataset/temp_sroie/image/X51005712021.jpg,HAPPY SNACKS ENTERPRISE,20/03/2018,26.82,retail,"19 & 19A, JALAN MERANTI 2A, SEKSYEI BANDAR BARU BATANG KALI, 44300",SROIE,26.82,MYR,retail,
dataset/temp_sroie/image/X51005712038.jpg,SWC ENTERPRISE SDN BHD,28/03/2018,30.00,retail,"5-7, JALAN MAHAGONI 7/1 SEKSYEN 4, BANDAR UTAMA, 44300 BATANG KALI, SELANGOR",SROIE,30.00,MYR,retail,
dataset/temp_sroie/image/X51005712039.jpg,L TWO FLORIST & HANDICRAFT,21/03/2018,9.00,retail,"NO.49, JALAN MAHAGONI 7/2, SEKSYEN 4 BANDAR UTAMA, 44300 BATANG KALI, SELANGOR.",SROIE,9.00,MYR,retail,
dataset/temp_sroie/image/X51005715007.jpg,KAISON FURNISHING SDN BHD,25-03-18,18.70,retail,"LOT NO. L3-012, LEVEL 3, MYTOWN SHOPPING CENTRE, NO. 6, JALAN COCHRANE, SEKSYEN 90 55100 KUALA LUMPUR.",SROIE,18.70,MYR,retail,
dataset/temp_sroie/image/X51005715010.jpg,WATSON'S PERSONAL CARE STORES SDN BHD,25032018,RM41.45,retail,"USJ SUMMIT, SUBANG (SS)",SROIE,41.45,MYR,retail,
dataset/temp_sroie/image/X51005715451.jpg,POPULAR BOOK CO. (M) SDN BHD,06/02/18,14.65,retail,"NO 8, JALAN 7/118B, DESA TAN RAZAH 56000 KUALA LUMPUR, MALAYSIA KSL CITY",SROIE,14.65,MYR,retail,
dataset/temp_sroie/image/X51005715455.jpg,99 SPEED MART S/B,26-03-18,RM 10.60,retail,"LOT P.T. 2811, JALAN ANGSA, TAMAN BERKELEY 41150 KLANG, SELANGOR 1330 JLN KENANGA",SROIE,10.60,MYR,retail,
dataset/temp_sroie/image/X51005715456.jpg,KHE ELECTRICAL TRADING,22/03/2018,101.75,retail,"33-G JALAN MAJU 3/1 TAMAN LEMBAH MAJU CHERAS, 56100 KL",SROIE,101.75,MYR,retail,
dataset/temp_sroie/image/X51005717526.jpg,GERBANG ALAF RESTAURANTS SDN BHD,02/03/2018,28.50,retail,"LEVEL 6, BANGUNAN TH, DAMANSARA UPTOWN3 NO.3, JALAN SS21/39, 47400 PETALING JAYA SELANGOR",SROIE,28.50,MYR,retail,
dataset/temp_sroie/image/X51005719814.jpg,TK DIVISION KITCHEN SDN BHD,17/1/2018,RM 29.70,retail,"19-1. JALAN MALINJA 2, TAMAN BUNGA RAYA, 53100 SETAPAK, KUALA LUMPUR.",SROIE,29.70,MYR,retail,
dataset/temp_sroie/image/X51005719823.jpg,AA PHARMACY,29/01/2018,46.20,retail,"NO.47, JALAN 3/36, BUKIT SRI BINTANG, KEPONG 52100, KUALA LUMPUR",SROIE,46.20,MYR,retail,
dataset/temp_sroie/image/X51005719855.jpg,CPI ROCKU SDN. BHD.,19/02/2018,181.55,retail,"LOT F355/356/357, FIRST FLOOR, RAINFOREST, 1 UTAMA SHOPPING CENTRE, LEBUH BANDAR UTAMA, 47800 PETALING JAYA",SROIE,181.55,MYR,retail,
dataset/temp_sroie/image/X51005719856.jpg,GOLDEN SCOOP SDN BHD,16/02/2018,21.50,retail,"A-16-1, TOWER A, NORTHPOINT OFFICE, MID VALLEY CITY, NO1, MEDAN SYED PUTRA UTARA KUALA LUMPUR MALAYSIA",SROIE,21.50,MYR,retail,
dataset/temp_sroie/image/X51005719857.jpg,ALI BABA INTERNATIONAL SDN BHD,19-02-2018,23.80,retail,"PUBLIKA SHOPPING GALLERY LOT 26-27 ,LEVEL G2,JLN DUTAMAS 1, SOLARIS DUTAMAS,50480 KL.",SROIE,23.80,MYR,retail,
dataset/temp_sroie/image/X51005719862.jpg,99 SPEED MART S/B,03-02-18,3.70,retail,"LOT P. T. 2811, JALAN ANGSA, TAMAN BERKELEY 41150 KLANG, SELANGOR 1934-LAMAN RIMBUNAN",SROIE,3.70,MYR,retail,
dataset/temp_sroie/image/X51005719863.jpg,SEN LEE HEONG RESTAURANT,12-01-2018,77.40,retail,"G-0-1 ,M.AVENUE NO.1 ,JLN 1/38A, SEGAMBUT BAHAGIA,51200, K.LUMPUL",SROIE,77.40,MYR,retail,
dataset/temp_sroie/image/X51005719864.jpg,FUN N CHEER (MALURI),05/01/2018,29.80,retail,"LOT 37636 , JALAN 6/37A, TAMAN BUKIT MALURI , 52100 KUALA LUMPUR",SROIE,29.80,MYR,retail,
dataset/temp_sroie/image/X51005719873.jpg,CT281 - TEALIVE SHELL KEPONG OTTOGO ENTERPRISE,21/01/2018,RM8.60,retail,"SHELL STATION PT15944, MUKIM BATU, JLN BESAR KEPONG",SROIE,8.60,MYR,retail,
dataset/temp_sroie/image/X51005719874.jpg,NADEJE PRESTIGE SDN BHD,2018/02/22,RM39.00,retail,"LOT NO. : G1 . 116A,GROUND FLOOR , SUNWAY PYRAMID , NO.3, JALAN PJS 11/15, BANDAR SUNWAY , 47500 PETALING JAYA.",SROIE,39.00,MYR,retail,
dataset/temp_sroie/image/X51005719882.jpg,99 SPEED MART S/B,17-02-18,213.00,retail,"LOT P. T. 2811, JALAN ANGSA, TAMAN BERKELEY 41150 KLANG, SELANGOR 1181-TMN SRI SINAR",SROIE,213.00,MYR,retail,
dataset/temp_sroie/image/X51005719883.jpg,99 SPEED MART S/B,17-02-18,108.50,retail,"LOT P. T. 2811, JALAN ANGSA, TAMAN BERKELEY 41150 KLANG, SELANGOR 1362-JLN DEVELOPMENT",SROIE,108.50,MYR,retail,
dataset/temp_sroie/image/X51005719886.jpg,SUNFISH,05/01/2018,28.70,retail,22 LRG PERUSAHAAN 4 KIMPAL INDS.PARK B.CAVES,SROIE,28.70,MYR,retail,
dataset/temp_sroie/image/X51005719888.jpg,POTTERS GARDEN SDN BHD,04/01/2018,39.80,retail,"BATU 11 . SG BULOH , 47000 SELANGOR .",SROIE,39.80,MYR,retail,
dataset/temp_sroie/image/X51005719889.jpg,HENG KEE DELIGHTS BAK KUT TEH.,04/01/2018,42.00,retail,"NO31 , JALAN 3/62A , BANDAR MENJALARA KEPONG. 52100 KUALA LUMPUR",SROIE,42.00,MYR,retail,
dataset/temp_sroie/image/X51005719893.jpg,MR . DAKGALBI SOLARIS,2018-01-05,71.00,retail,"NO.J-G-02, SOHO KI, SOLARIS MONT KIERA, 50 480 KL",SROIE,71.00,MYR,retail,
dataset/temp_sroie/image/X51005719895.jpg,GREEN LANE PHARMACY SDN BHD,1/8/2018,34.80,retail,"33 JLN BANGAU 1,KEPONG BARU, 52100 KEPONG,KL",SROIE,34.80,MYR,retail,
dataset/temp_sroie/image/X51005719896.jpg,THE STORE (MALAYSIA) SDN BHD,14-01-2018,35.80,retail,"LOT 34817 JALAN BATU AMBAR TAMAN KOK LIAN 51200 KUALA LUMPUR,",SROIE,35.80,MYR,retail,
dataset/temp_sroie/image/X51005719898.jpg,MR. D. I. Y. (KUCHAI) SDN BHD,19-03-18,11.90,retail,"LOT 1851-A & 1851-B, JALAN KPB 6, KAWASAN PERINDUSTRIAN BALAKONG, 43300 SERI KEMBANGAN, SELANGOR",SROIE,11.90,MYR,retail,
dataset/temp_sroie/image/X51005719899.jpg,LITTLE CRAVINGS SDN BHD,18-03-2018,RM53.60,retail,"HQ: 7, JLN SS21/34, 47400 PJ",SROIE,53.60,MYR,retail,
dataset/temp_sroie/image/X51005719902.jpg,KING'S CONFECTIONERY S/B,11/03/18,25.15,retail,"NO.41, JALAN SERI BINTANG 2 TAMAN SRI BINTANG, 52100 KUALA LUMPUR.",SROIE,25.15,MYR,retail,
dataset/temp_sroie/image/X51005719903.jpg,GERBANG ALAF RESTAURANTS SDN BHD,11/03/2018,8.50,retail,"LEVEL 6, BANGUNAN TH, DAMANSARA UPTOWN3 NO.3, JALAN SS21/39,47400 PETALING JAYA SELANGOR",SROIE,8.50,MYR,retail,
dataset/temp_sroie/image/X51005719904.jpg,YAM FRESH,2018-03-18,RM29.30,retail,"NO. 145G, JALAN RIMBUNAN RAYA 1, LAMAN RIMBUNAN KEPONG, 52100 KUALA LUMPUR",SROIE,29.30,MYR,retail,
dataset/temp_sroie/image/X51005719905.jpg,SAINT HEART PASTRY,25/03/2018,8.20,retail,"29,JLN SJ 17, TMN SELAYANG JAYA, 68100 BATU CAVES, SELANGOR",SROIE,8.20,MYR,retail,
dataset/temp_sroie/image/X51005719906.jpg,ZEN AND COFFEE 28 S/B,25 MAR 2018,105.00,retail,"NO 53, JALAN 3/62A, BANDAR MENJALARA, 52200 KUALA LUMPUR.",SROIE,105.00,MYR,retail,
dataset/temp_sroie/image/X51005719912.jpg,GUARDIAN HEALTH AND BEAUTY SDN BHD,04/03/18,12.00,retail,GUARDIAN GIANT BREM MALL G-19 LEVEL G BREM MALL,SROIE,12.00,MYR,retail,
dataset/temp_sroie/image/X51005719914.jpg,MR. D. I. Y. (KUCHAI) SDN BHD,16-03-18,53.30,retail,"LOT 1851-A & 1851-B, JALAN KPB 6, KAWASAN PERINDUSTRIAN BALAKONG, 43300 SERI KEMBANGAN, SELANGOR",SROIE,53.30,MYR,retail,
dataset/temp_sroie/image/X51005719917.jpg,DOMMAL FOOD SERVICES SDN BHD,26/03/18,60.60,retail,"D-08, M AVENUE , JLN 1 / 38A SEGAMBUT BAHAGIA 51200 KUALA LUMPUR",SROIE,60.60,MYR,retail,
dataset/temp_sroie/image/X51005722668.jpg,MY HAPPY PHARMACY PLT,01/02/2018,20.50,retail,"NO 12 GF, JALAN MAMANDA 5, TAMAN DATO AHMAD RAZALI, JALAN AMPANG, 68000 AMPANG, SELANGOR.",SROIE,20.50,MYR,retail,
dataset/temp_sroie/image/X51005722699.jpg,POPULAR BOOK CO. (M) SDN BHD,11/02/18,11.80,retail,"NO 8, JALAN 7/118B, DESA TUN RAZAK 56000 KUALA LUMPUR, MALAYSIA AMPANG POINT CENTRE",SROIE,11.80,MYR,retail,
dataset/temp_sroie/image/X51005724552.jpg,KEDAI PAPAN YEW CHUAN,21/03/2018,68.90,retail,"LOT 276 JALAN BANTING 43800 DENGKIL, SELANGOR.",SROIE,68.90,MYR,retail,
dataset/temp_sroie/image/X51005724554.jpg,KEDAI PAPAN YEW CHUAN,28/02/2018,101.76,retail,"LOT 276 JALAN BANTING 43800 DENGKIL, SELANGOR.",SROIE,101.76,MYR,retail,
dataset/temp_sroie/image/X51005724611.jpg,KEDAI PAPAN YEW CHUAN,21/03/2018,144.16,retail,"LOT 276 JALAN BANTING 43800 DENGKIL, SELANGOR.",SROIE,144.16,MYR,retail,
dataset/temp_sroie/image/X51005724621.jpg,KEDAI PAPAN YEW CHUAN,06/03/2018,127.20,retail,"LOT 276 JALAN BANTING 43800 DENGKIL, SELANGOR.",SROIE,127.20,MYR,retail,
dataset/temp_sroie/image/X51005724622.jpg,KEDAI PAPAN YEW CHUAN,07/03/2018,91.16,retail,"LOT 276 JALAN BANTING 43800 DENGKIL, SELANGOR.",SROIE,91.16,MYR,retail,
dataset/temp_sroie/image/X51005724623.jpg,KEDA PAPAN YEW CHJAN,08/03/2018,312.70,retail,LOT 276 JALAN BANTING 800 DEN SELANGOR.,SROIE,312.70,MYR,retail,
dataset/temp_sroie/image/X51005724624.jpg,KEDAI PAPAN YEW CHUAN,16/03/2018,135.68,retail,"LOT 276 JALAN BANTING 43800 DENGKIL, SELANGOR.",SROIE,135.68,MYR,retail,
dataset/temp_sroie/image/X51005724625.jpg,KEDAI PAPAN YEW CHUAN,12/03/2018,283.55,retail,"LOT 276 JALAN BANTING 43800 DENGKIL, SELANGOR.",SROIE,283.55,MYR,retail,
dataset/temp_sroie/image/X51005724626.jpg,KEDAI PAPAN YEW CHUAN,02/04/2018,270.30,retail,"LOT 276 JALAN BANTING 43800 DENGKIL, SELANGOR.",SROIE,270.30,MYR,retail,
dataset/temp_sroie/image/X51005724627.jpg,KEDAI PAPAN YEW CHUAN,31/03/2018,174.90,retail,"LOT 276 JALAN BANTING 43800 DENGKIL, SELANGOR.",SROIE,174.90,MYR,retail,
dataset/temp_sroie/image/X51005724628.jpg,KEDAI PAPAN YEW CHUAN,10/03/2018,84.80,retail,"LOT 276 JALAN BANTING 43800 DENGKIL, SELANGOR.",SROIE,84.80,MYR,retail,
dataset/temp_sroie/image/X51005724629.jpg,KEDAI PAPAN YEW CHUAN,17/03/2018,174.90,retail,"LOT 276 JALAN BANTING 43800 DENGKIL, SELANGOR.",SROIE,174.90,MYR,retail,
dataset/temp_sroie/image/X51005741929.jpg,MY MYDIN SDN BHD,15/01/2018,5.50,retail,"NO 13, 15, 17 & 19 JALAN NOVA Q U5/Q, SEKSYEN U5, SUBANG BESTARI 40150 SHAH ALA SELANGOR DARUL EHSAN",SROIE,5.50,MYR,retail,
dataset/temp_sroie/image/X51005741944.jpg,BHPETROL SUBANG AIRPORT,18-01-2018,41.95,retail,JALAN LAPANGAN TERBANG SUBANG 47200 SUBANG SELANGOR,SROIE,41.95,MYR,retail,
dataset/temp_sroie/image/X51005742068.jpg,BHPETROL PALEKBANG,24-03-2018,6.00,retail,"LOT 1626, MUKIM KAMPUNG LAUT TUMPAT 16200 PALEKBANG, KELANTAN",SROIE,6.00,MYR,retail,
dataset/temp_sroie/image/X51005742110.jpg,YONG CEN ENTERPRISE,06/01/2018,65.70,retail,"9, JALAN SUBANG JASA 3, 40150 SHAH ALAM, SELANGOR.",SROIE,65.70,MYR,retail,
dataset/temp_sroie/image/X51005745183.jpg,BILLION SIX ENTERPRISE,22/02/2018,63.80,retail,"NO 3, JALAN TAMAN JAS'A 2; . SECTION U6, 40150 SHAH ALAM.",SROIE,63.80,MYR,retail,
dataset/temp_sroie/image/X51005745187.jpg,SLF CASH & CARRY,03/02/2018,21.20,retail,"NO. 15. JLN TSJ2,TMN SUBANG JASA, OFF JLN BT 3 SUBANG. 40000 SHAH ALAM. SEL.",SROIE,21.20,MYR,retail,
dataset/temp_sroie/image/X51005745188.jpg,SLF CASH & CARRY,02/02/2018,48.00,retail,"NO.15, JLN TSJ2,TMN SUBANG JASA, OFF JLN BT 3 SUBANG, 40000 SHAH ALAM, SEL.",SROIE,48.00,MYR,retail,
dataset/temp_sroie/image/X51005745190.jpg,SUPER SEVEN CASH & CARRY SDN BHD,12-02-2018,RM367.10,retail,"NO. 1 JALAN EURO 1 OFF JALAN BATU TIGA SUNGAI BULOH SEKSYEN U3 SHAH ALAM, 40150",SROIE,367.10,MYR,retail,
dataset/temp_sroie/image/X51005745213.jpg,MUN HENG ELECTRICAL & HARDWARE SUPPLY,01/02/2018,7.00,retail,"NO.52, JALAN BULAN U5/BT, BANDAR PINGGLRAN SUBANG, SUNGAL BULOH, 40150 SHAH ALAM, SEL.",SROIE,7.00,MYR,retail,
dataset/temp_sroie/image/X51005745214.jpg,99 SPEED MART S/B,07-02-18,45.35,retail,"LOT P.T. 2811, JALAN ANGSA, TAMAN BERKELEY 41150 KLANG, SELANGOR",SROIE,45.35,MYR,retail,
dataset/temp_sroie/image/X51005745244.jpg,URBAN IDEA SDN BHD,14/02/2018,RM11.90,retail,"A-G-06, DATARAN GLOMAC, JALAN SS6/5A, PUSAT BANDAR KELANA JAYA, 47301 PETALING JAYA, SELANGOR, MALAYSIA",SROIE,11.90,MYR,retail,
dataset/temp_sroie/image/X51005745249.jpg,URBAN IDEA SDN BHD,27/02/2018,RM22.65,retail,"A-G-06, DATARAN GLOMAC, JALAN SS6/5A, PUSAT BANDAR KELANA JAYA, 47301 PETALING JAYA, SELANGOR, MALAYSIA",SROIE,22.65,MYR,retail,
dataset/temp_sroie/image/X51005745296.jpg,KMF FOODICIOUS SDN BHD,09-04-2018,31.00,retail,"NO. 9-G, JALAN PERUBATAN 2, PANDAN INDAH, 55100 KUALA LUMPUR.",SROIE,31.00,MYR,retail,
dataset/temp_sroie/image/X51005745298.jpg,99 SPEED MART S/B,31-03-18,4.00,retail,"LOT P.T. 2811, JALAN ANGSA, TAMAN BERKELEY 41150 KLANG, SELANGOR 1317-TRILLIUM SG BESI",SROIE,4.00,MYR,retail,
dataset/temp_sroie/image/X51005746140.jpg,YONG CEN ENTERPRISE,02/03/2018,63.35,retail,"9, JALAN SUBANG JASA 3, 40150 SHAN ALAM, SELANGOR.",SROIE,63.35,MYR,retail,
dataset/temp_sroie/image/X51005746203.jpg,SUPER SEVEN CASH & CARRY SDN BHD,01-03-2018,RM408.45,retail,"NO. 1 JALAN EURO 1 OFF JALAN BATU TIGA SUNGAI BULOH SEKSYEN U3 SHAH ALAM, 40150",SROIE,408.45,MYR,retail,
dataset/temp_sroie/image/X51005746204.jpg,BEMED (SP) SDN BHD.,27/MAR/2018,308.70,retail,"NO.49, JALAN DLNARG U3/G, SUBANG PERDANA, 40150 SHAH ALAM, SELANGOR D.E.",SROIE,308.70,MYR,retail,
dataset/temp_sroie/image/X51005746206.jpg,PANA JAYA ENTERPRISE,21-03-2018,105.00,retail,"NO. 10-G, GROUND FLOOR. JALAN DINAR D, U3/D. TAMAN SUBANG PEADANA. SEK U3. 40150 SHAH ALAM, SELANGOR.",SROIE,105.00,MYR,retail,
dataset/temp_sroie/image/X51005746207.jpg,SUPER SEVEN CASH & CARRY SDN BHD,21-03-2018,RM18.30,retail,"NO. 1 JALAN EURO 1 OFF JALAN BATU TIGA SUNGAI BULOH SEKSYEN U3 SHAH ALAM, 40150",SROIE,18.30,MYR,retail,
dataset/temp_sroie/image/X51005746210.jpg,SEGI CASH & CARRY SDN. BHD.,12 MAR 2018,145.10,retail,"PT17920 SEK U9, SHAH ALAM",SROIE,145.10,MYR,retail,
dataset/temp_sroie/image/X51005749895.jpg,MR. D. I. Y. (M) SDN BHD,02-03-18,71.90,retail,"LOT 1851-A & 1851-B, JALAN KPB 6, KAWASAN PERINDUSTRIAN BALAKONG, 43300 SERI KEMBANGAN, SELANGOR",SROIE,71.90,MYR,retail,
dataset/temp_sroie/image/X51005749904.jpg,SWC ENTERPRISE SDN BHD,06/03/2018,4.00,retail,"28-G, GROUND FLOOR, JALAN DINAR A U3/A, TMN SUBANG PERDANA, 40150 SHAN ALAM, SELANGOR.",SROIE,4.00,MYR,retail,
dataset/temp_sroie/image/X51005749905.jpg,ENW HARDWARE CENTRE (M) SDN BHD,10/03/2018,34.00,retail,"NO: G3, BLK G, JIN PJU 1A/3, ARA DAMANSARA, 47301 PETALING JAYA, SELANGOR DARUL EHSAN.",SROIE,34.00,MYR,retail,
dataset/temp_sroie/image/X51005749912.jpg,MR. D.I.Y. (M) SDN BHD,28/03/18,38.80,retail,"LOT 1851-A & 1851-B, JALAN KPB 6, KAWASAN PERINDUSTRIAN BALAKONG, 43300 SERI KEMBANGAN, SELANGOR",SROIE,38.80,MYR,retail,
dataset/temp_sroie/image/X51005757199.jpg,POPULAR BOOK CO. (M) SDN BHD,01/03/18,4.00,retail,"NO 8. JALAN 7/118B, DESA TUN RAZAK 56000 KUALA LUMPUR, MALAYSIA",SROIE,4.00,MYR,retail,
dataset/temp_sroie/image/X51005757201.jpg,AEON CO. (M) BHD.,28/02/2018,88.95,retail,"3RD FLR, AEON TAMAN MALURI SC JLN JEJAKA, TAMAN MALURI CHERAS ,55100 KUALA LUMPUR",SROIE,88.95,MYR,retail,
dataset/temp_sroie/image/X51005757233.jpg,GUARDIAN HEALTH AND BEAUTY SDN BHD,09/03/18,9.95,retail,"G31 & G32, GRD FLR, IOI MALL BANDAR PUCHONG JAYA",SROIE,9.95,MYR,retail,
dataset/temp_sroie/image/X51005757235.jpg,AEON CO. (M) BHD,09/03/2018,31.00,retail,"3RD FLR, AEON TAMAN MALURI SC JLN JEJAKA, TAMAN MALURI CHERAS, 55100 KUALA LUMPUR",SROIE,31.00,MYR,retail,
dataset/temp_sroie/image/X51005757243.jpg,POPULAR BOOK CO. (M) SDN BHD,11/03/18,5.75,retail,"NO 8, JALAN 7/118B, DESA TUN RAZAK 56000 KUALA LUMPUR, MALAYSI.",SROIE,5.75,MYR,retail,
dataset/temp_sroie/image/X51005757248.jpg,AEON CO. (M) BHD,12/03/2018,42.50,retail,"3RD FLR, AEON TAMAN MALURI SC JLN JEJAKA, TAMAN MALURI CHERAS, 55100 KUALA LUMPUR",SROIE,42.50,MYR,retail,
dataset/temp_sroie/image/X51005757273.jpg,MR. D.I.Y. (KUCHAI) SDN BHD,12-03-18,45.00,retail,"LOT 1851-A & 1851-B, JALAN KPB 6, KAWASAN PERINDUSTRIAN BALAKONG, 43300 SERI KEMBANGAN, SELANGOR",SROIE,45.00,MYR,retail,
dataset/temp_sroie/image/X51005757282.jpg,TSH POWER HARDWARE TRADING,12/09/2017,24.50,retail,"13-1, JALAN PJU 5/10, DATARAN SUNWAY, KOTA DAMANSARA, 47810, PETALING JAYA, SELANGOR",SROIE,24.50,MYR,retail,
dataset/temp_sroie/image/X51005757286.jpg,TSH POWER HARDWARE TRADING,10/10/2017,8.00,retail,"13-1, JALAN PJU 5/10, DATARAN SUNWAY, KOTA DAMANSARA, 47810, PETALING JAYA, SELANGOR",SROIE,8.00,MYR,retail,
dataset/temp_sroie/image/X51005757290.jpg,MR. D.I.Y. (M) SDN BHD,17-03-18,42.90,retail,"LOT 1851-A & 1851-B, JALAN KPB 6, KAWASAN PERINDUSTRIAN BALAKONG, 43300 SERI KEMBANGAN, SELANGOR",SROIE,42.90,MYR,retail,
dataset/temp_sroie/image/X51005757292.jpg,MR. D.I.Y. (M) SDN BHD,18-03-18,6.60,retail,"LOT 1851-A & 1851-B, JALAN KPB 6, KAWASAN PERINDUSTRIAN BALAKONG, 43300 SERI KEMBANGAN, SELANGOR",SROIE,6.60,MYR,retail,
dataset/temp_sroie/image/X51005757294.jpg,MR. D.I.Y. (M) SDN BHD,18-03-18,10.60,retail,"LOT 1851-A & 1851-B, JALAN KPB 6, KAWASAN PERINDUSTRIAN BALAKONG, 43300 SERI KEMBANGAN, SELANGOR",SROIE,10.60,MYR,retail,
dataset/temp_sroie/image/X51005757304.jpg,BAIFU (M) SDN BHD,20/03/2018,35.40,retail,"DAISO JAPAN, IOI MALL",SROIE,35.40,MYR,retail,
dataset/temp_sroie/image/X51005757308.jpg,MR. D.I.Y. (M) SDN BHD,21-03-18,21.50,retail,"LOT 1851-A & 1851-B, JALAN KPB 6, KAWASAN PERINDUSTRIAN BALAKONG, 43300 SERI KEMBANGAN, SELANGOR",SROIE,21.50,MYR,retail,
dataset/temp_sroie/image/X51005757323.jpg,MR. D.I.Y. (M) SDN BHD,26-03-18,28.00,retail,"LOT 1851-A & 1851-B, JALAN KPB 6, KAWASAN PERINDUSTRIAN BALAKONG, 43300 SERI KEMBANGAN, SELANGOR",SROIE,28.00,MYR,retail,
dataset/temp_sroie/image/X51005757324.jpg,MR. D.I.Y. (M) SDN BHD,25-03-18,50.80,retail,"LOT 1851-A & 1851-B, JALAN KPB 6, KAWASAN PERINDUSTRIAN BALAKONG, 43300 SERI KEMBANGAN, SELANGOR",SROIE,50.80,MYR,retail,
dataset/temp_sroie/image/X51005757342.jpg,MR. D.I.Y. (M) SDN BHD,23-03-18,6.20,retail,"LOT 1851-A & 1851-B, JALAN KPB 6, KAWASAN PERINDUSTRIAN BALAKONG, 43300 SERI KEMBANGAN, SELANGOR",SROIE,6.20,MYR,retail,
dataset/temp_sroie/image/X51005757346.jpg,MR. D.I.Y. (M) SDN BHD,23-03-18,26.10,retail,"LOT 1851-A & 1851-B, JALAN KPB 6, KAWASAN PERINDUSTRIAN BALAKONG, 43300 SERI KEMBANGAN, SELANGOR",SROIE,26.10,MYR,retail,
dataset/temp_sroie/image/X51005757349.jpg,GOLDEN KEY MAKER,24-MAR-2018,21.00,retail,"NO 5, JALAN KENARI 2, BANDAR PUCHONG JAYA, 47100 PUCHONG, SELANGOR",SROIE,21.00,MYR,retail,
dataset/temp_sroie/image/X51005757351.jpg,MR. D.I.Y. (M) SDN BHD,24-03-18,14.90,retail,"LOT 1851-A & 1851-B, JALAN KPB 6, KAWASAN PERINDUSTRIAN BALAKONG, 43300 SERI KEMBANGAN, SELANGOR",SROIE,14.90,MYR,retail,
dataset/temp_sroie/image/X51005757353.jpg,MR. D.I.Y. (M) SDN BHD,24-03-18,12.30,retail,"LOT 1851-A & 1851-B, JALAN KPB 6, KAWASAN PERINDUSTRIAN BALAKONG, 43300 SERI KEMBANGAN, SELANGOR",SROIE,12.30,MYR,retail,
dataset/temp_sroie/image/X51005763940.jpg,ELITETRAX MARKETING SDN BHD,11.02.18,60.00,retail,"LOT 1F-01&02,1ST FLR,PARADIGM MALL, NO. 1 JALAN SS 7/26A, KELANA JAYA, 47301 PETALING JAYA",SROIE,60.00,MYR,retail,
dataset/temp_sroie/image/X51005763958.jpg,SUPER SEVEN CASH & CARRY SDN BHD,27-01-2018,RM59.00,retail,"NO. 1 JALAN EURO 1 OFF JALAN BATU TIGA SUNGAI BULOH SEKSYEN U3 SHAH ALAM, 40150",SROIE,59.00,MYR,retail,
dataset/temp_sroie/image/X51005763964.jpg,YONG CEN ENTERPRISE,06/01/2018,65.70,retail,"9, JALAN SUBANG JASA 3, 40150 SHAH ALAM, SELANGOR",SROIE,65.70,MYR,retail,
dataset/temp_sroie/image/X51005763999.jpg,SEGI CASH & CARRY SDN. BHD.,06 JAN 2018,674.00,retail,"PT17920 SEK U9, SHAH ALAM",SROIE,674.00,MYR,retail,
dataset/temp_sroie/image/X51005764031.jpg,SUPER SEVEN CASH & CARRY SDN BHD,01-02-2018,RM42.10,retail,"NO. 1 JALAN EURO 1 OFF JALAN BATU TIGA SUNGAI BULOH SEKSYEN U3 SHAH ALAM, 40150",SROIE,42.10,MYR,retail,
dataset/temp_sroie/image/X51005764154.jpg,PANA JAYA ENTERPRISE,25-01-2018,205.5,retail,NO . 10-G. GROUND FLOOR. JALAN DINAR D. U3/D TAMAN SUBANG PERDANA. SEK U3. 40150 SHAH ALAM. SELANGOR,SROIE,205.50,MYR,retail,
dataset/temp_sroie/image/X51005764161.jpg,99 SPEED MART S/B,28-01-18,98.90,retail,"LOT P.T. 2811, JALAN ANGSA, TAMAN BERKELEY 41150 KLANG, SELANGOR 1313-SUBANG BESTARI",SROIE,98.90,MYR,retail,
dataset/temp_sroie/image/X51005806678.jpg,KAISON FURNISHING SDN BHD,29-01-18,7838.80,retail,"L4-17 (B), LEVEL 4, UP2-01, MELAWATI MALL, 355, JALAN BANDAR MELAWATI, PUSAT BANDAR MELAWATI, 53100 KUALA LUMPUR.",SROIE,7838.80,MYR,retail,
dataset/temp_sroie/image/X51005806679.jpg,LEE WAH FLORIST SDN BHD,02/02/2018,374.20,retail,"129, JALAN TUN H.S LEE, 50000 KUALA LUMPUR.",SROIE,374.20,MYR,retail,
dataset/temp_sroie/image/X51005806685.jpg,ADVANCO COMPANY,17/01/2018,29.00,retail,"NO 1&3, JALAN WANGSA DELIMA 12, WANGSA LINK, WANGSA MAJU, 53300 KUALA LUMPUR",SROIE,29.00,MYR,retail,
dataset/temp_sroie/image/X51005806692.jpg,GREAT ZONE HOUSEHOLD CENTRE SDN BHD,18/02/2018,367.30,retail,"60 & 62. JALAN CIKU, 86000,KLUANG",SROIE,367.30,MYR,retail,
dataset/temp_sroie/image/X51005806695.jpg,SAYANG YOU STATION SDN BHD,28-FEB-2018,4.10,retail,"LOT G18 & G19, JLN 8/27A WANGSA MAJU (AEON BIG SHOPPING CENTER) 53300 KUALA LUMPUR",SROIE,4.10,MYR,retail,
dataset/temp_sroie/image/X51005806696.jpg,IMAGE PRINTEC (M) SDN BHD,23/02/2018,7.20,retail,"NO. 12A-G, JALAN WANGSA DELIMA 11, D'WANGSA WANGSA MAJU, 53300 KUALA LUMPUR.",SROIE,7.20,MYR,retail,
dataset/temp_sroie/image/X51005806698.jpg,ADVANCO COMPANY,28/02/2018,10.45,retail,"NO 1&3, JALAN WANGSA DELIMA 12, WANGSA LINK, WANGSA MAJU, 53300 KUALA LUMPUR",SROIE,10.45,MYR,retail,
dataset/temp_sroie/image/X51005806702.jpg,SINNATHAMBY HOLDINGS SDN. BHD.,06/02/2018,13.50,retail,"NO.17, 18 & 41, JALAN BESAR, 39100 BRINCHANG, CAMERON HIGHLANDS, PAHANG",SROIE,13.50,MYR,retail,
dataset/temp_sroie/image/X51005806703.jpg,SINNATHAMBY HOLDINGS SDN. BHD.,06/02/2018,109.70,retail,"NO.17,18 & 41,JALAN BESAR,39100 BRINCHANG, CAMERON HIGHLANDS, PAHANG",SROIE,109.70,MYR,retail,
dataset/temp_sroie/image/X51005806716.jpg,ADVANCO COMPANY,17/01/2018,7.00,retail,"NO 1&3, JALAN WANGSA DELIMA 12, WANGSA LINK, WANGSA MAJU, 53300 KUALA LUMPUR",SROIE,7.00,MYR,retail,
dataset/temp_sroie/image/X51005806718.jpg,HUGO TRADING SDN BHD,13/01/2018,40.80,retail,"LOT 8&9, KOMPLEKS PASAR BORONG SELANGOR, 43300 SERI KEMBANGAN, SEL",SROIE,40.80,MYR,retail,
dataset/temp_sroie/image/X51005806719.jpg,SATU KAMPUNG ENTERPRISE SDN BHD,13/01/2018,63.00,retail,"NO. 42, PASAR BORONG SELANGOR JALAN PUTRA PERMAI, 43300 SERI KEMBANGAN. SELANGOR.",SROIE,63.00,MYR,retail,
dataset/temp_sroie/image/X51005806720.jpg,SATU KAMPUNG ENTERPRISE SDN BHD,13/01/2018,20.00,retail,"NO.42, PASAR BORONG SELANGOR. JALAN PUTRA PERMAI, 43300 SERI KEMBANGAN. SELANGOR.",SROIE,20.00,MYR,retail,
dataset/temp_sroie/image/X51005889296.jpg,IKANO HANDEL SDN BHD,25/04/18,22.00,retail,NO 2A JALAN COCHRANE TAMAN MALURI 55100 KUALA LUMPUR,SROIE,22.00,MYR,retail,
dataset/temp_sroie/image/X51006008057.jpg,TRENDYMAX (M) SDN. BHD.,15/01/2018,329.10,retail,"P6, BLOCK C, GM KLANG WHOLESALE CITY, JALAN KASUARINA 1, 41200 KLANG, SELANGOR D.E.",SROIE,329.10,MYR,retail,
dataset/temp_sroie/image/X51006008073.jpg,PRINT EXPERT SDN BHD,12/01/2018,100.00,retail,"NO 18, 20, 22, JALAN BUNGA TANJONG 2/16, 40000 SHAH ALAM, SELANGOR",SROIE,100.00,MYR,retail,
dataset/temp_sroie/image/X51006008074.jpg,PRINT EXPERT SDN BHD,12/01/2018,4.25,retail,"NO 18, 20, 22, JALAN BUNGA TANJONG 2/16, 40000 SHAH ALAM, SELANGOR",SROIE,4.25,MYR,retail,
dataset/temp_sroie/image/X51006008081.jpg,PRINT EXPERT SDN BHD,19/03/2018,226.60,retail,"NO 18, 20, 22, JALAN BUNGA TANJONG 2/16, 40000 SHAH ALAM, SELANGOR",SROIE,226.60,MYR,retail,
dataset/temp_sroie/image/X51006008082.jpg,PRINT EXPERT SDN BHD,25/03/2018,204.20,retail,"NO 18, 20, 22, JALAN BUNGA TANJONG 2/16, 40000 SHAH ALAM, SELANGOR",SROIE,204.20,MYR,retail,
dataset/temp_sroie/image/X51006008083.jpg,PRINT EXPERT SDN BHD,25/03/2018,119.55,retail,"NO 18, 20, 22, JALAN BUNGA TANJONG 2/16, 40000 SHAH ALAM, SELANGOR",SROIE,119.55,MYR,retail,
dataset/temp_sroie/image/X51006008086.jpg,POPULAR BOOK CO. (M) SDN BHD,24/01/18,30.10,retail,"NO 8, JALAN 7/118B, DESA TUN RAZAK 56000 KUALA LUMPUR, MALAYSIA",SROIE,30.10,MYR,retail,
dataset/temp_sroie/image/X51006008089.jpg,POPULAR BOOK CO. (M) SDN BHD,27/02/18,41.00,retail,"NO 8, JALAN 7/118B, DESA TUN RAZAK 56000 KUALA LUMPUR, MALAYSIA",SROIE,41.00,MYR,retail,
dataset/temp_sroie/image/X51006008090.jpg,POPULAR BOOK CO. (M) SDN BHD,05/03/18,30.50,retail,"NO 8, JALAN 7/118B, DESA TUN RAZAK 56000 KUALA LUMPUR, MALAYSIA",SROIE,30.50,MYR,retail,
dataset/temp_sroie/image/X51006008091.jpg,POPULAR BOOK CO. (M) SDN BHD,05/03/18,9.90,retail,"NO 8, JALAN 7/118B, DESA TUN RAZAK 56000 KUALA LUMPUR, MALAYSIA",SROIE,9.90,MYR,retail,
dataset/temp_sroie/image/X51006008092.jpg,POPULAR BOOK CO. (M) SDN BHD,06/03/18,30.70,retail,"NO 8, JALAN 7/118B, DESA TUN RAZAK 56000 KUALA LUMPUR, MALAYSIA",SROIE,30.70,MYR,retail,
dataset/temp_sroie/image/X51006008093.jpg,POPULAR BOOK CO. (M) SDN BHD,06/03/18,12.15,retail,"NO 8, JALAN 7/118B, DESA TUN RAZAK 56000 KUALA LUMPUR, MALAYSIA",SROIE,12.15,MYR,retail,
dataset/temp_sroie/image/X51006008095.jpg,BOON SENG PAPER SDN BHD,19/03/2018,31.80,retail,"12, JALAN BUNGA TANJUNG,2/16 SEKSYEN 2,40000 SHAH ALAM, SELANGOR",SROIE,31.80,MYR,retail,
dataset/temp_sroie/image/X51006008105.jpg,AEON CO. (M) BHD,21/03/2018,65.10,retail,"3RD FLR, AEON TAMAN MALURI SC JLN JEJAKA, TAMAN MALURI CHERAS, 55100 KUALA LUMPUR",SROIE,65.10,MYR,retail,
dataset/temp_sroie/image/X51006008166.jpg,FLORISM DE ART,14/01/2018,750.00,retail,"LOT 2.70.00,LEVEL 2, PAVILION KUALA LUMPUR, 168, JALAN BUKIT BINTANG, 55100 KUALA LUMPUR, MALAYSIA.",SROIE,750.00,MYR,retail,
dataset/temp_sroie/image/X51006008197.jpg,RELAIS TOTAL OULMES,30/03/2018,56.00,retail,AUTOROUTE RABAT MEKNES 15000 KHEMISSET,SROIE,56.00,MYR,retail,
dataset/temp_sroie/image/X51006008206.jpg,DEWINA HOST SDN BHD,2018/03/27,RM63.90,retail,"LOT SATMZ 23, MEZZANINE LEVEL SATELLITE BUILDING KUALA LUMPUR INTERNATIONAL AIRPORT",SROIE,63.90,MYR,retail,
dataset/temp_sroie/image/X51006248253.jpg,DREAM ARTS,29/03/2018,15.00,retail,"L 2-047, LEVEL 2, VIVACITY MEGAMALL, JALAN WAN ALWI, 93350 KUCHING",SROIE,15.00,MYR,retail,
dataset/temp_sroie/image/X51006311714.jpg,GUARDIAN HEALTH AND BEAUTY SDN BHD,01/01/18,22.45,retail,"SOLARIS MOUNT KIARA NO.8 & 10, GF SOLARIS MOUNT KUARA JLN SOLARIS 5",SROIE,22.45,MYR,retail,
dataset/temp_sroie/image/X51006311758.jpg,TONYMOLY VIVA CITY,29/03/2018,100.60,retail,"UNIT L1-044B, VIVACITY MEGAMALL, JALAN WAN ALWI, 93350 KUCHING, SARAWAK.",SROIE,100.60,MYR,retail,
dataset/temp_sroie/image/X51006311764.jpg,TONYMOLY VIVA CITY,29/03/2018,39.90,retail,"UNIT L1-044B, VIVACITY MEGAMALL, JALAN WAN ALWI, 93350 KUCHING, SARAWAK.",SROIE,39.90,MYR,retail,
dataset/temp_sroie/image/X51006311767.jpg,TONYMOLY VIVA CITY,29/03/2018,48.95,retail,"UNIT L1-044B, VIVACITY MEGAMALL, JALAN WAN ALWI, 93350 KUCHING, SARAWAK.",SROIE,48.95,MYR,retail,
dataset/temp_sroie/image/X51006311778.jpg,ANZEL ADVERTISING (M) SDN BHD,21/03/2018,7.40,retail,"UNIT G-5B, GROUND FLOOR, WISMA UOA II, NO 21, JALAN PINANG, 50450 KUALA LUMPUR, MALAYSIA",SROIE,7.40,MYR,retail,
dataset/temp_sroie/image/X51006311779.jpg,ANZEL ADVERTISING (M) SDN BHD,27/03/2018,8.50,retail,"UNIT G-5B, GROUND FLOOR, WISMA UOA II, NO 21, JALAN PINANG, 50450 KUALA LUMPUR, MALAYSIA",SROIE,8.50,MYR,retail,
dataset/temp_sroie/image/X51006311780.jpg,MR. D.I.Y. (KUCHAI) SDN BHD,15-03-18,119.70,retail,"LOT 1851-A & 1851-B, JALAN KPB 6, KAWASAN PERINDUSTRIAN BALAKONG, 43300 SERI KEMBANGAN, SELANGOR",SROIE,119.70,MYR,retail,
dataset/temp_sroie/image/X51006327953.jpg,MEI LET RESTAURANT,03/02/2017,68.90,retail,"NO 2, JALAN BULAN BM U5/BM, SEKSYEN U5, 40150 SHAH ALAM, SELANGOR",SROIE,68.90,MYR,retail,
dataset/temp_sroie/image/X51006327960.jpg,KING'S CONFECTIONERY S/B,07/02/17,9.90,retail,"LOT NO. G23, GIANT KELANA JAYA LOT PT244, JLN PERBANDARAN SS6/4 PUSAT BANDAR KELANA JAYA, PETALING",SROIE,9.90,MYR,retail,
dataset/temp_sroie/image/X51006327976.jpg,PREMIO STATIONERY SDN BHD,08/02/2017,25.45,retail,F-G-01 JALAN SS 6/5B DATARAN GLOMAC. KELANA JAYA 47301 PETALING JAYA. SELANGOR,SROIE,25.45,MYR,retail,
dataset/temp_sroie/image/X51006327978.jpg,Y SOON FATT S/B,9/2/2017,362.50,retail,"LOT 1504, BATU 8 1/2, JALAN KLANG LAMA, 46000 PETALING JAYA, SELANGOR.",SROIE,362.50,MYR,retail,
dataset/temp_sroie/image/X51006328345.jpg,KING'S CONFECTIONERY S/B,23/02/17,7.20,retail,"NO. 20-A1, JALAN SS6/3, KELANA JAYA, 473 PETALING JAYA SELANGOR D.E.",SROIE,7.20,MYR,retail,
dataset/temp_sroie/image/X51006328913.jpg,BEMED (SP) SDN BHD,02/JAN/2017,165.00,retail,"NO.49, JALAN DINAR G U3/G, SUBANG PERDANA, 40150 SHAH ALAM, SELANGOR D.E.",SROIE,165.00,MYR,retail,
dataset/temp_sroie/image/X51006328919.jpg,B & BEST RESTAURANT,10/02/2017,7.40,retail,"NO.12, JALAN SS4C/5,PETALING JAYA SELANGOR DARUL EHSAN",SROIE,7.40,MYR,retail,
dataset/temp_sroie/image/X51006328920.jpg,B & BEST RESTAURANT,20/03/2017,14.85,retail,"NO.12, JALAN SS4C/5,PETALING JAYA SELANGOR DARUL EHSAN",SROIE,14.85,MYR,retail,
dataset/temp_sroie/image/X51006328937.jpg,OLIVE9 PHARMACY SDN BHD,31/03/2017,12.15,retail,"69 JALAN NOVA U5/N, SEKSYEN U5 SUBANG BE",SROIE,12.15,MYR,retail,
dataset/temp_sroie/image/X51006328967.jpg,TANJONGMAS BOOKCENTRE (PJ) SDN BHD,17/03/2017,62.00,retail,"LOT F15, GIANT BANDAR PUTERI JALAN PUTERI 1/1, BDR PUTERI 47100 PUCHONG, SELANGOR",SROIE,62.00,MYR,retail,
dataset/temp_sroie/image/X51006329183.jpg,SEMBOYAN TEGAS SDN BHD,06-03-2018,27.00,retail,"NO.5 & 7 , JALAN TSJ 2. TAMAN SUBANG JASA KG. BARU SUBANG. 40150 SHAH ALAM SELANGOR DARUL EHSAN",SROIE,27.00,MYR,retail,
dataset/temp_sroie/image/X51006329388.jpg,BEMED (SP) SDN. BHD.,02/JAN/2017,165.00,retail,"NO.49, JALAN DINAR G U3/G, SUBANG PERDANA, 40150 SHAH ALAM, SELANGOR D.E.",SROIE,165.00,MYR,retail,
dataset/temp_sroie/image/X51006329395.jpg,B & BEST RESTAURANT,10/02/2017,7.40,retail,"NO.12,JALAN SS4C/5,PETALING JAYA SELANGOR DARUL EHSAN",SROIE,7.40,MYR,retail,
dataset/temp_sroie/image/X51006329399.jpg,OLIVE9 PHARMACY SDN BHD,31/03/2017,12.15,retail,"69 JALAN NOVA U5/N, SEKSYEN U5 SUBANG BE",SROIE,12.15,MYR,retail,
dataset/temp_sroie/image/X51006329402.jpg,SEGI CASH & CARRY SDN. BHD.,06/04/17,50.45,retail,"PT17920 SEK U9, SHAH ALAM",SROIE,50.45,MYR,retail,
dataset/temp_sroie/image/X51006332575.jpg,TANJONGMAS BOOKCENTRE (PJ) SDN BHD,17/03/2017,62.00,retail,"LOT F15, GIANT BANDAR PUTERI JALAN PUTERI 1/1, BDR PUTERI 47100 PUCHONG, SELANGOR",SROIE,62.00,MYR,retail,
dataset/temp_sroie/image/X51006332641.jpg,YONG CEN ENTERPRISE,11/02/2017,19.10,retail,"9, JALAN SUBANG JASA 3, 40150 SHAH ALAM. SELANGOR.",SROIE,19.10,MYR,retail,
dataset/temp_sroie/image/X51006332649.jpg,BEMED (SP) SDN. BHD.,25/FEB/2017,217.00,retail,"NO.49, JALAN DINAR G U3/G, SUBANG PERDANA, 40150 SHAH ALAM, SELANGOR D.E.",SROIE,217.00,MYR,retail,
dataset/temp_sroie/image/X51006334139.jpg,FIVE STAR CASH & CARRY,05/01/17,90.00,retail,"G.23 & G.22, PLAZA SERI SETIA, NO.1 JALAN SS 9/1, 47300 PJ, SELANGOR.",SROIE,90.00,MYR,retail,
dataset/temp_sroie/image/X51006334699.jpg,SEGI CASH & CARRY SDN.BHD,05 JAN 2017,12.60,retail,"PT17920, SEKSYEN U9, 40150 SHAH ALAM, SELANGOR DARUL EHSAN.",SROIE,12.60,MYR,retail,
dataset/temp_sroie/image/X51006334741.jpg,SEGI CASH & CARRY SDN.BHD,04 JAN 2017,20.05,retail,"PT17920, SEKSYEN U9, 40150 SHAH ALAM, SELANGOR DARUL EHSAN.",SROIE,20.05,MYR,retail,
dataset/temp_sroie/image/X51006334742.jpg,THE CUT STEAKHOUSE &BURGERS,01-01-2017,167.55,retail,"LOT L1-4 STAR AVENUE MALL JALAN ZUHAL U5/179 SEKSYEN U5 PUSAT KOMERSIAL ARENA BINTANG 40150 SHAH ALAM, SELANGOR",SROIE,167.55,MYR,retail,
dataset/temp_sroie/image/X51006334766.jpg,MEI LET RESTAURANT,12/01/2017,59.35,retail,"NO 2, JALAN BULAN BM U5/BM, SEKSYEN U5, 40150 SHAH ALAM, SELANGOR",SROIE,59.35,MYR,retail,
dataset/temp_sroie/image/X51006334770.jpg,S&Y STATIONERY,09-JAN-2017,1.40,retail,"NO.36G JALAN BULAN BM U5/BM, BANDAR PINGGIRAN SUBANG, SEKSYEN U5, 40150 SHAH ALAM, SELANGOR.",SROIE,1.40,MYR,retail,
dataset/temp_sroie/image/X51006334819.jpg,BEMED (SP) SDN. BHD.,20/JAN/2017,203.00,retail,"NO.49, JALAN DINAR G U3/G, SUBANG PERDANA, 40150 SHAH ALAM, SELANGOR D.E.",SROIE,203.00,MYR,retail,
dataset/temp_sroie/image/X51006334926.jpg,GOLDEN ARCHES RESTAURANTS SDN BHD,25/12/2016,29.30,retail,"LEVEL 6, BANGUNAN TH, DAMANSARA UPTOWN3 NO.3, JALAN SS21/39,47400 PETALING JAYA SELANGOR",SROIE,29.30,MYR,retail,
dataset/temp_sroie/image/X51006334927.jpg,BIRU PETROLEUM,11/11/16,6.40,retail,KELANA JAYA. 47301 PETALING SELANGOR DARUL EHSAN.,SROIE,6.40,MYR,retail,
dataset/temp_sroie/image/X51006335314.jpg,MEI LET RESTAURANT,22/01/2017,67.85,retail,"NO 2, JALAN BULAN BM U5/BM, SEKSYEN U5, 40150 SHAH ALAM, SELANGOR",SROIE,67.85,MYR,retail,
dataset/temp_sroie/image/X51006335547.jpg,KING'S CONFECTIONERY S/B,02/02/17,7.50,retail,"LOT NO. G23, GIANT KELANA JAYA LOT PT244, JLN PERBANDARAN SS6/4 PUSAT BANDAR KELANA JAYA, PETALING",SROIE,7.50,MYR,retail,
dataset/temp_sroie/image/X51006335552.jpg,YONG SOON FATT S/B,6/2/2017,758.70,retail,"LOT 1504, BATU 8 1/2, JALAN KLANG LAMA, 46000 PETALING JAYA, SELANGOR.",SROIE,758.70,MYR,retail,
dataset/temp_sroie/image/X51006335818.jpg,SEGI CASH & CARRY SDN.BHD,06 FEB 2017,27.00,retail,"PT17920, SEKSYEN U9, 40150 SHAH ALAM, SELANGOR DARUL EHSAN.",SROIE,27.00,MYR,retail,
dataset/temp_sroie/image/X51006349081.jpg,C W KHOO HARDWARE SDN BHD,26/04/2018,84.80,retail,"NO.50 ,JALAN PBS 14/11 , KAWASAN PERINDUSTRIAN BUKIT SERDANG,",SROIE,84.80,MYR,retail,
dataset/temp_sroie/image/X51006349083.jpg,CHA FOR TEA,19/04/2018,RM46.25,retail,"1-1, CENTRAL PARK , JALAN PJU5/13, DATARAN SUNWAY, 47810 KOTA DAMANSARA, SELANGOR",SROIE,46.25,MYR,retail,
dataset/temp_sroie/image/X51006349085.jpg,PLATINUM RACKING SDN BHD,22/04/2018,23.00,retail,"8B, JALAN LUMPUR,OFF JALAN PUTRA,05100 ALOR SETAR,KEDAH,",SROIE,23.00,MYR,retail,
dataset/temp_sroie/image/X51006349086.jpg,AMPANG 210 FIRST CITY PARKING SDN BHD,16/04/2018,RM7.00,retail,"A-09-10 PRIMA AVENUE THE TUBE, 1/39, DATARAN PRIMA 47301 PETALING JAYA SELANGOR DE",SROIE,7.00,MYR,retail,
dataset/temp_sroie/image/X51006350737.jpg,C W KHOO HARDWARE SDN BHD,31/03/2018,14.65,retail,"NO.50 , JALAN PBS 14/11 , KAWASAN PERINDUSTRIAN BUKIT SERDANG,",SROIE,14.65,MYR,retail,
dataset/temp_sroie/image/X51006350750.jpg,GL HANDICRAFT & TAII ORING,27/03/2018,130.00,retail,"19, JALAN KANCIL, OFF JALAN PUDU, 55100 KUALA LUMPUR MALAYSIA",SROIE,130.00,MYR,retail,
dataset/temp_sroie/image/X51006350763.jpg,GL HANDICRAFT & TAII ORING,09/04/2018,104.00,retail,"19, JALAN KANCIL, OFF JALAN PUDU, 55100 KUALA LUMPUR MALAYSIA",SROIE,104.00,MYR,retail,
dataset/temp_sroie/image/X51006387660.jpg,TANJONGMAS BOOKCENTRE (PJ) SDN BHD,02/04/2017,4.30,retail,"LOT F15, GIANT BANDAR PUTERI JALAN PUTERI 1/1, BDR PUTERI 47100 PUCHONG, SELANGOR",SROIE,4.30,MYR,retail,
dataset/temp_sroie/image/X51006387737.jpg,BEMED (SP) SDN. BHD.,01/APR/2017,165.00,retail,"NO.49, JALAN DINAR G U3/G, SUBANG PERDANA, 40150 SHAH ALAM, SELANGOR D.E.",SROIE,165.00,MYR,retail,
dataset/temp_sroie/image/X51006387740.jpg,ARTRANGE STATIONERS & PRINT SDN BHD,10/04/2017,15.40,retail,44 JALAN SS21/58 DAMANSARA UTAMA 47400 PETALING JAYA,SROIE,15.40,MYR,retail,
dataset/temp_sroie/image/X51006387812.jpg,TIMES BOOKSTORES,23/04/2017,12.37,retail,"LOT F21 & 22, CITTA MALL NO 1, JLN PJU 1A/4 47301",SROIE,12.37,MYR,retail,
dataset/temp_sroie/image/X51006387813.jpg,TOKYO KITCHEN (CITTA MALL) TOKYO KITCHEN SDN BHD,23-04-2017,113.80,retail,"G-26, GRD FLOOR,CITTA MALL, NO 1, JALAN PJU, 1A/4B, JLN PJU 1,ARA DAMANSARA, 47301 PETALING JAYA, SELANGOR.",SROIE,113.80,MYR,retail,
dataset/temp_sroie/image/X51006387847.jpg,BEMED (SP) SDN. BHD.,15/APR/2017,635.00,retail,"NO.49, JALAN DINAR G U3/G, SUBANG PERDANA, 40150 SHAH ALAM, SELANGOR D.E.",SROIE,635.00,MYR,retail,
dataset/temp_sroie/image/X51006387850.jpg,YONG CEN ENTERPRISE,25/04/2017,94.00,retail,"9, JALAN SUBANG JASA 3, 40150 SHAH ALAM, SELANGOR.",SROIE,94.00,MYR,retail,
dataset/temp_sroie/image/X51006387931.jpg,AMANO MALAYSIA SDN BHD,30/04/2017,RM3.00,retail,12 JALAN PENGACARA U1/48 TEMASYA INDUSTRIAL PARK 40150 SHAH ALAM SELANGOR,SROIE,3.00,MYR,retail,
dataset/temp_sroie/image/X51006387932.jpg,BILLION SIX ENTERPRISE,04/05/2017,12.00,retail,"NO 3, JALAN TAMAN JASA 2, SECTION U6, 40150 SHAH ALAM.",SROIE,12.00,MYR,retail,
dataset/temp_sroie/image/X51006387950.jpg,AMANO MALAYSIA SDN BHD,30/04/2017,RM1.00,retail,12 JALAN PENGACARA U1/48 TEMASYA INDUSTRIAL PARK 40150 SHAH ALAM SELANGOR,SROIE,1.00,MYR,retail,
dataset/temp_sroie/image/X51006387951.jpg,AMANO MALAYSIA SDN BHD,30/04/2017,RM3.00,retail,12 JALAN PENGACARA U1/48 TEMASYA INDUSTRIAL PARK 40150 SHAH ALAM SELANGOR,SROIE,3.00,MYR,retail,
dataset/temp_sroie/image/X51006387953.jpg,AMANO MALAYSIA SDN BHD,30/04/2017,RM1.00,retail,12 JALAN PENGACARA U1/48 TEMASYA INDUSTRIAL PARK 40150 SHAH ALAM SELANGOR,SROIE,1.00,MYR,retail,
dataset/temp_sroie/image/X51006387971.jpg,99 SPEED MART S/B,05-05-17,42.35,retail,"LOT P.T. 2811, JALAN ANGSA, TAMAN BERKELEY 41150 KLANG, SELANGOR 1313-SUBANG BESTARI",SROIE,42.35,MYR,retail,
dataset/temp_sroie/image/X51006387973.jpg,GERBANG ALAF RESTAURANTS SDN BHD,30/04/2017,47.15,retail,"LEVEL 6, BANGUNAN TH, DAMANSARA UPTOWN3 NO.3, JALAN SS21/39,47400 PETALING JAYA SELANGOR",SROIE,47.15,MYR,retail,
dataset/temp_sroie/image/X51006388044.jpg,PERNIAGAAN RIANG RIA,10-05-2017,22.60,retail,"NO7,JLN UERO,SHAH ALAM.",SROIE,22.60,MYR,retail,
dataset/temp_sroie/image/X51006388064.jpg,BEMED (SP) SDN. BHD.,14/MAY/2017,191.20,retail,"NO.49, JALAN DINAR G U3/G, SUBANG PERDANA, 40150 SHAH ALAM, SELANGOR D.E.",SROIE,191.20,MYR,retail,
dataset/temp_sroie/image/X51006388065.jpg,99 SPEED MART S/B,21-05-17,20.80,retail,"LOT P.T. 2811, JALAN ANGSA, TAMAN BERKELEY 41150 KLANG, SELANGOR 1032-SUBANG PERDANA",SROIE,20.80,MYR,retail,
dataset/temp_sroie/image/X51006388066.jpg,HERO DISTRIBUTION SDN BHD,17/05/17,41.50,retail,"4243,COMPLEKS PERNIAGAAN SRI GAYA, JLN TMN SUBANG JASA 3, 40150 SELANGOR",SROIE,41.50,MYR,retail,
dataset/temp_sroie/image/X51006388068.jpg,SEGI CASH & CARRY SDN. BHD.,11/05/17,83.55,retail,"PT17920 SEK U9, SHAH ALAM",SROIE,83.55,MYR,retail,
dataset/temp_sroie/image/X51006388069.jpg,SEGI CASH & CARRY SDN. BHD.,25 MAY 2017,118.35,retail,"PT17920 SEK U9, SHAH ALAM",SROIE,118.35,MYR,retail,
dataset/temp_sroie/image/X51006388081.jpg,KING'S CONFECTIONERY S/B,21/05/17,27.50,retail,"NO. 20-A1, JALAN SS6/3, KELANA JAYA, 47301 PETALING JAYA SELANGOR D.E.",SROIE,27.50,MYR,retail,
dataset/temp_sroie/image/X51006388082.jpg,BROADVIEW MARKETING SDN BHD,15/05/2017,4.70,retail,"NO. 9-G, JALAN DINAR D U3/D TAMAN SUBANG PERDANA, SEK,U3, 40150 SHAH ALAM,SELANGOR D.E.",SROIE,4.70,MYR,retail,
dataset/temp_sroie/image/X51006388089.jpg,YONG CEN ENTERPRISE,21/05/2017,108.00,retail,"9, JALAN SUBANG JASA 3, 40150 SHAH ALAM, SELANGOR.",SROIE,108.00,MYR,retail,
dataset/temp_sroie/image/X51006389865.jpg,RESTORAN WAN SHENG,12-11-2017,62.80,retail,"NO. 2, JALAN TEMENGGUNG 19/9, SEKSYEN 9, BANDAR MAHKOTA CHERAS, 43200 CHERAS, SELANGOR",SROIE,62.80,MYR,retail,
dataset/temp_sroie/image/X51006389884.jpg,99 SPEED MART S/B,22-11-17,182.00,retail,"LOT P.T. 2811, JALAN ANGSA, TAMAN BERKELEY 41150 KLANG, SELANGOR 1214-JINJANG UTARA",SROIE,182.00,MYR,retail,
dataset/temp_sroie/image/X51006389888.jpg,99 SPEED MART S/B,01-11-17,52.10,retail,"LOT P.T. 2811, JALAN ANGSA, TAMAN BERKELEY 41150 KLANG, SELANGOR 1214-JINJANG UTARA",SROIE,52.10,MYR,retail,
dataset/temp_sroie/image/X51006389893.jpg,IN-SPARKLE TRADING SDN BHD,21/10/2017,250.00,retail,"NO.LOT 24, BATU 11 KAMPUNG DATO, UJANG BALAKONG, 43200 CHERAS, SEL.",SROIE,250.00,MYR,retail,
dataset/temp_sroie/image/X51006389894.jpg,KING'S CONFECTIONERY S/B,10/10/17,70.00,retail,"3425, GR. FLOOR JLN THEATER, JINJANG UTARA 52100 K.L.",SROIE,70.00,MYR,retail,
dataset/temp_sroie/image/X51006389898.jpg,RESTORAN WAN SHE,29-09-2017,164.40,retail,"NO. 2, JALAN TEMENGGUNG 19/9, SEKSYEN 9, BANDAR MAHKOTA CHERAS, 43200 CHERAS, SELANGOR",SROIE,164.40,MYR,retail,
dataset/temp_sroie/image/X51006389963.jpg,ELKEN SERVICE SDN BHD,10 OCT 2017,250.00,retail,NO 2-1 JALAN 3/137B BATU 5 JALAN KELANG LAMA 58000 KUALA LUMPUR,SROIE,250.00,MYR,retail,
dataset/temp_sroie/image/X51006392122.jpg,FIVE STAR CASH & CARRY,19/06/17,45.00,retail,"G.23 & G.22, PLAZA SERI SETIA, NO.1 JALAN SS 9/1, 47300 PJ, SELANGOR.",SROIE,45.00,MYR,retail,
dataset/temp_sroie/image/X51006392167.jpg,ANEKA INTERTRADE MARKETING SDN BHD,19/06/17,23.80,retail,"150B, JALAN TUDM,KG BARU SUBANG 40150 SHAH ALAM, SELANGOR DARUL EHSAN, MALAYSIA.",SROIE,23.80,MYR,retail,
dataset/temp_sroie/image/X51006392273.jpg,BROADVIEW MARKETING SDN BHD,03/06/2017,18.00,retail,"NO. 9-G, JALAN DINAR D U3/D TAMAN SUBANG PERDANA, SEK,U3, 40150 SHAH ALAM,SELANGOR D.E.",SROIE,18.00,MYR,retail,
dataset/temp_sroie/image/X51006392299.jpg,BEMED (SP) SDN. BHD.,14/JUN/2017,165.00,retail,"NO.49, JALAN DINAR G U3/G, SUBANG PERDANA, 40150 SHAH ALAM, SELANGOR D.E.",SROIE,165.00,MYR,retail,
dataset/temp_sroie/image/X51006392313.jpg,SUPER.SEVEN CASH & CARRY SDN BHD,22-06-2017,RM28.05,retail,"NO. 1 JALAN EURO 1 OFF JALAN BATU TIGA SUNGAI BULOH SEKSYEN U3 SHAH ALAM,40150",SROIE,28.05,MYR,retail,
dataset/temp_sroie/image/X51006393376.jpg,99 SPEED MART S/B,10-05-17,11.50,retail,"LOT P.T. 2811, JALAN ANGSA, TAMAN BERKELEY 41150 KLANG, SELANGOR 1214-JINJANG UTARA",SROIE,11.50,MYR,retail,
dataset/temp_sroie/image/X51006393377.jpg,99 SPEED MART S/B,10-05-17,72.75,retail,"LOT P.T. 2811, JALAN ANGSA, TAMAN BERKELEY 41150 KLANG, SELANGOR 1422-TMN DESA JAYA",SROIE,72.75,MYR,retail,
dataset/temp_sroie/image/X51006401723.jpg,S&Y STATIONERY,05-JAN-2017,72.00,retail,"NO. 36G JALAN BULAN BM U5/BM, BANDAR PINGGIRAN SUBANG, SEKSYEN U5, 40150 SHAH ALAM, SELANGOR.",SROIE,72.00,MYR,retail,
dataset/temp_sroie/image/X51006401836.jpg,FIVE STAR CASH & CARRY,19/01/17,19.80,retail,"G.23 & G.22, PLAZA SERI SETIA, NO.1 JALAN SS 9/1, 47300 PJ, SELANGOR.",SROIE,19.80,MYR,retail,
dataset/temp_sroie/image/X51006401845.jpg,BUY SELL TRADE SDN. BHD.,04/02/2017,26.90,retail,"2 & 2A, JALAN KASUARINA 1/KS 7, BANDAR BOTANIK, 41200 KLANG, SELANGOR",SROIE,26.90,MYR,retail,
dataset/temp_sroie/image/X51006401853.jpg,99 SPEED MART S/B,07-02-17,37.45,retail,"LOT P.T. 2811, JALAN ANGSA, TAMAN BERKELEY 41150 KLANG, SELANGOR 1299-SUBANG PERMAI",SROIE,37.45,MYR,retail,
dataset/temp_sroie/image/X51006401869.jpg,KING'S CONFECTIONERY S/B,09/02/17,19.20,retail,"NO. 20-A1, JALAN SS6/3, KELANA JAYA, 47301 PETALING JAYA SELANGOR D.E.",SROIE,19.20,MYR,retail,
dataset/temp_sroie/image/X51006401977.jpg,B & BEST RESTAURANT,19/04/2017,14.85,retail,"NO.12,JALAN SS4C/5,PETALING JAYA SELANGOR DARUL EHSAN",SROIE,14.85,MYR,retail,
dataset/temp_sroie/image/X51006401978.jpg,B & BEST RESTAURANT,22/04/2017,22.25,retail,"NO.12,JALAN SS4C/5,PETALING JAYA SELANGOR DARUL EHSAN",SROIE,22.25,MYR,retail,
dataset/temp_sroie/image/X51006414392.jpg,DI HUAN YA RESTAURANT,07/04/2018,35.00,retail,"5,JALAN PERMAS 10/5, BANDAR BARU PERMAS JAYA, 81750 JOHOR BAHRU,JOHOR",SROIE,35.00,MYR,retail,
dataset/temp_sroie/image/X51006414394.jpg,RESTORAN SIAM VILLAGE,27/04/2018,275.90,retail,"NO.8,JALAN PERMAS 10/7, PERMAS JAYA, 81750 JOHOR BAHRU.",SROIE,275.90,MYR,retail,
dataset/temp_sroie/image/X51006414425.jpg,UNIHAKKA INTERNATIONAL SDN BHD,05 APR 2018,$6.90,retail,"12, JALAN TAMPOI 7/4,KAWASAN PERINDUSTRIAN TAMPOI,81200 JOHOR BAHRU,JOHOR",SROIE,6.90,MYR,retail,
dataset/temp_sroie/image/X51006414427.jpg,UNIHAKKA INTERNATIONAL SDN BHD,04 APR 2018,$7.60,retail,"12, JALAN TAMPOI 7/4,KAWASAN PERINDUSTRIAN TAMPOI,81200 JOHOR BAHRU,JOHOR",SROIE,7.60,MYR,retail,
dataset/temp_sroie/image/X51006414429.jpg,UNIHAKKA INTERNATIONAL SDN BHD,02 APR 2018,$8.20,retail,"12, JALAN TAMPOI 7/4,KAWASAN PERINDUSTRIAN TAMPOI,81200 JOHOR BAHRU,JOHOR",SROIE,8.20,MYR,retail,
dataset/temp_sroie/image/X51006414431.jpg,UNIHAKKA INTERNATIONAL SDN BHD,03 APR 2018,$7.10,retail,"12, JALAN TAMPOI 7/4,KAWASAN PERINDUSTRIAN TAMPOI,81200 JOHOR BAHRU,JOHOR",SROIE,7.10,MYR,retail,
dataset/temp_sroie/image/X51006414433.jpg,UNIHAKKA INTERNATIONAL SDN BHD,06 APR 2018,$7.60,retail,"12, JALAN TAMPOI 7/4,KAWASAN PERINDUSTRIAN TAMPOI,81200 JOHOR BAHRU,JOHOR",SROIE,7.60,MYR,retail,
dataset/temp_sroie/image/X51006414470.jpg,UNIHAKKA INTERNATIONAL SDN BHD,09 APR 2018,$8.20,retail,"12, JALAN TAMPOI 7/4,KAWASAN PERINDUSTRIAN TAMPOI,81200 JOHOR BAHRU,JOHOR",SROIE,8.20,MYR,retail,
dataset/temp_sroie/image/X51006414483.jpg,UNIHAKKA INTERNATIONAL SDN BHD,10 APR 2018,$7.60,retail,"12, JALAN TAMPOI 7/4,KAWASAN PERINDUSTRIAN TAMPOI,81200 JOHOR BAHRU,JOHOR",SROIE,7.60,MYR,retail,
dataset/temp_sroie/image/X51006414485.jpg,UNIHAKKA INTERNATIONAL SDN BHD,11 APR 2018,$8.20,retail,"12, JALAN TAMPOI 7/4,KAWASAN PERINDUSTRIAN TAMPOI,81200 JOHOR BAHRU,JOHOR",SROIE,8.20,MYR,retail,
dataset/temp_sroie/image/X51006414512.jpg,BHPETROL PERMAS JAYA 2,03-04-2018,50.00,retail,"LOT PTD 101051 JALAN PERMAS 10/10 81750 MASAI, JOHOR",SROIE,50.00,MYR,retail,
dataset/temp_sroie/image/X51006414519.jpg,HASHA PETROKIOSK,06/04/2018,50.00,retail,LOT PTD 198718 TMN SIERRA P 81750 MASAI JOHOR,SROIE,50.00,MYR,retail,
dataset/temp_sroie/image/X51006414532.jpg,FREEDOM OPTIMUM SDN BHD,6/4/2018,98.00,retail,"C1 SEAFRONT, BER JAYA WATERFRONT COMPLEX, 88 JALAN IBRAHIM SULTAN, STULANG LAUT 80300, JOHOR BAHRU, JOHOR.",SROIE,98.00,MYR,retail,
dataset/temp_sroie/image/X51006414533.jpg,BHPETROL PERMAS JAYA 2,10-04-2018,50.00,retail,"LOT PTD 101051 JALAN PERMAS 10/10 81750 MASAI, JOHOR",SROIE,50.00,MYR,retail,
dataset/temp_sroie/image/X51006414593.jpg,UNIHAKKA INTERNATIONAL SDN BHD,14 APR 2018,$8.90,retail,"12, JALAN TAMPOI 7/4,KAWASAN PERINDUSTRIAN TAMPOI,81200 JOHOR BAHRU,JOHOR",SROIE,8.90,MYR,retail,
dataset/temp_sroie/image/X51006414599.jpg,LAVENDER CONFECTIONERY & BAKERY S/B,14/04/2018,12.30,retail,"LOT G29 & G30, AEON MALL TEBRAU CITY, NO. 1, JALAN DESA TEBRAU, TAMAN DESA TEBRAU, 81100 JOHOR BAHRU.",SROIE,12.30,MYR,retail,
dataset/temp_sroie/image/X51006414600.jpg,AEON CO. (M) SDN BHD,14/04/2018,50.90,retail,"3RD FLR, AEON TAMAN MALURI SC JLN JEJAKA, TAMAN MALURI CHERAS, 55100 KUALA LUMPUR",SROIE,50.90,MYR,retail,
dataset/temp_sroie/image/X51006414631.jpg,UNIHAKKA INTERNATIONAL SDN BHD,18 APR 2018,$7.00,retail,"12, JALAN TAMPOI 7/4,KAWASAN PERINDUSTRIAN TAMPOI,81200 JOHOR BAHRU,JOHOR",SROIE,7.00,MYR,retail,
dataset/temp_sroie/image/X51006414633.jpg,UNIHAKKA INTERNATIONAL SDN BHD,16 APR 2018,$8.20,retail,"12, JALAN TAMPOI 7/4,KAWASAN PERINDUSTRIAN TAMPOI,81200 JOHOR BAHRU,JOHOR",SROIE,8.20,MYR,retail,
dataset/temp_sroie/image/X51006414636.jpg,SELASIH EKSLUSIF SDN BHD,6/4/2018,270.00,retail,88 JALAN IBRAHIM SULTAN STULANG LAUT 80300 JOHOR BAHRU,SROIE,270.00,MYR,retail,
dataset/temp_sroie/image/X51006414638.jpg,PASAR MINI JIN SENG,15/04/18,44.90,retail,"379, JALAN PERMAS SATU, BANDAR BARU PERMAS JAYA 81750 PLENTONG, JOHOR.",SROIE,44.90,MYR,retail,
dataset/temp_sroie/image/X51006414671.jpg,UNIHAKKA INTERNATIONAL SDN BHD,19 APR 2018,$9.90,retail,"12, JALAN TAMPOI 7/4,KAWASAN PERINDUSTRIAN TAMPOI,81200 JOHOR BAHRU,JOHOR",SROIE,9.90,MYR,retail,
dataset/temp_sroie/image/X51006414674.jpg,DOMINO'S PIZZA,17/04/18,25.60,retail,"NO.12, JALAN PERMAS JAYA 10, BANDAR BARU PERMAS JAYA, 81750 MASAI JOHOR",SROIE,25.60,MYR,retail,
dataset/temp_sroie/image/X51006414675.jpg,DOMINO'S PIZZA,11/04/18,21.60,retail,"NO.12, JALAN PERMAS JAYA 10, BANDAR BARU PERMAS JAYA, 81750 MASAI JOHOR",SROIE,21.60,MYR,retail,
dataset/temp_sroie/image/X51006414677.jpg,THE COFFEE BEAN & TEA LEAF (M) SDN. BHD.,08/04/2018,12.00,retail,"LOT F36, FIRST FLOOR, AEON MALL BDR DATO' ONN, NO.3 JLN DATO' ONN 3, BDR DATO' ONN 81100 JOHOR BAHRU, JOHOR",SROIE,12.00,MYR,retail,
dataset/temp_sroie/image/X51006414679.jpg,DE MAXIMUM THAI EXPRESS SDN BHD,14/04/2018,21.80,retail,"BLK 2, UNIT G1 & G2, BESTARI TERRACE, LOT PTD 182908 & PTD 143216, JALAN DANGA, TAMAN NUSA BESTARI, 81300",SROIE,21.80,MYR,retail,
dataset/temp_sroie/image/X51006414680.jpg,AEON CO. (M) BHD,18/04/2018,1.75,retail,"3RD FLR, AEON TAMAN MALURI SC JLN JEJAKA, TAMAN MALURI CHERAS, 55100 KUALA LUMPUR",SROIE,1.75,MYR,retail,
dataset/temp_sroie/image/X51006414700.jpg,AEON CO. (M) SDN BHD,22/04/2018,10.20,retail,"3RD FLR, AEON TAMAN MALURI SC JLN JEJAKA, TAMAN MALURI CHERAS, 55100 KUALA LUMPUR",SROIE,10.20,MYR,retail,
dataset/temp_sroie/image/X51006414702.jpg,TRIPLE SIX POINT ENTERPRISE 666,23-04-2018,157.90,retail,NO 14& 16 JALAN PERMAS 4/3 BANDAR BARU PERMAS JAY,SROIE,157.90,MYR,retail,
dataset/temp_sroie/image/X51006414703.jpg,AEON CO. (M) BHD,22/04/2018,98.35,retail,"3RD FLR, AEON TAMAN MALURI SC JLN JEJAKA, TAMAN MALURI CHERAS, 55100 KUALA LUMPUR",SROIE,98.35,MYR,retail,
dataset/temp_sroie/image/X51006414708.jpg,RESTORAN HWA MUI SUTERA SDN BHD,29/04/2018,91.50,retail,"50,JALAN SUTERA TANJUNG 5/4 TAMAN SUTERA UTAMA, 81300 SKUDAI ,JOHOR",SROIE,91.50,MYR,retail,
dataset/temp_sroie/image/X51006414711.jpg,DOMINO'S PIZZA,28/04/18,30.90,retail,"DOMINO'S PIZZA TAMAN UNIVERSITI 30, JLN KEBUDAYAAN 7, TMN UNIVERSITI 81300 SKUDAI, JOHOR",SROIE,30.90,MYR,retail,
dataset/temp_sroie/image/X51006414712.jpg,DOMINO'S PIZZA,28/04/18,39.60,retail,"DOMINO'S PIZZA TAMAN UNIVERSITI 30, JLN KEBUDAYAAN 7, TMN UNIVERSITI 81300 SKUDAI, JOHOR",SROIE,39.60,MYR,retail,
dataset/temp_sroie/image/X51006414713.jpg,YHM AEON TEBRAU CITY,17/04/2018,81.80,retail,"S117, SECOND FLOOR, AEON TEBRAU CITY, 1, JALAN DESA TEBRAU, TAMAN DESA TEBRAU, 81100 JOHOR BAHRU, JOHOR.",SROIE,81.80,MYR,retail,
dataset/temp_sroie/image/X51006414714.jpg,THE TOAST F&B SDN BHD,08/04/2018,18.90,retail,LOT 2110&2111 JALAN PERMAS UTARA BANDAR BARU PERMAS 81750 JOHOR BAHRU JOHOR,SROIE,18.90,MYR,retail,
dataset/temp_sroie/image/X51006414715.jpg,SECRET RECIPE RESTAURANT,4/22/2018,RM41.81,retail,"LOT G16, PERMAS JAYA JUSCO",SROIE,41.81,MYR,retail,
dataset/temp_sroie/image/X51006414717.jpg,AEON CO. (M) BHD,12/04/2018,24.10,retail,"3RD FLR, AEON TAMAN MALURI SC JLN JEJAKA, TAMAN MALURI CHERAS, 55100 KUALA LUMPUR",SROIE,24.10,MYR,retail,
dataset/temp_sroie/image/X51006414718.jpg,AEON CO. (M) BHD,20/04/2018,46.55,retail,"3RD FLR, AEON TAMAN MALURI SC JLN JEJAKA, TAMAN MALURI CHERAS, 55100 KUALA LUMPUR",SROIE,46.55,MYR,retail,
dataset/temp_sroie/image/X51006414719.jpg,AEON CO. (M) BHD,12/04/2018,4.40,retail,"3RD FLR, AEON TAMAN MALURI SC JLN JEJAKA, TAMAN MALURI CHERAS, 55100 KUALA LUMPUR",SROIE,4.40,MYR,retail,
dataset/temp_sroie/image/X51006414720.jpg,PASARAYA JALAL SDN BHD,20/04/2018,6.40,retail,"10-18,JLN KEBUDAYAAN 16,TMN U 81300 JOHOR BAHRU.",SROIE,6.40,MYR,retail,
dataset/temp_sroie/image/X51006414721.jpg,DOMINO'S PIZZA,27/04/18,7.20,retail,"DOMINO'S PIZZA PERMAS JAYA NO.12, JALAN PERMAS JAYA 10, BANDAR BARU PERMAS JAYA, 81750 MASAI JOHOR",SROIE,7.20,MYR,retail,
dataset/temp_sroie/image/X51006414728.jpg,FOODELICO SDN. BHD.,29-APR-2018,13.00,retail,"LOT LG10, AEON TAMAN UNIVERSITI SHOPPING CENTER, NO. 4, JALAN PENDIDIKAN, TAMAN UNIVERSITI 81300 SKUDAI, JOHOR",SROIE,13.00,MYR,retail,
dataset/temp_sroie/image/X51006414733.jpg,AEON CO. (M) BHD,01/04/2018,122.80,retail,"3RD FLR, AEON TAMAN MALURI SC JLN JEJAKA, TAMAN MALURI CHERAS, 55100 KUALA LUMPUR",SROIE,122.80,MYR,retail,
dataset/temp_sroie/image/X51006438346.jpg,HIGH FIVE ENTERPRISE,05/04/18,95.48,retail,"JALAN BIDARA, TAMAN BIDARA, SELAYANG 68100, BATU CAVES, SELANGOR",SROIE,95.48,MYR,retail,
dataset/temp_sroie/image/X51006441473.jpg,GUARDIAN HEALTH AND BEAUTY SDN BHD,19/05/18,38.37,retail,JALAN LOKE YEW BENTONG 90 GROUND FLOOR JALAN BENTONG,SROIE,38.37,MYR,retail,
dataset/temp_sroie/image/X51006441474.jpg,TF VALUE-MART SDN BHD,19/05/18,52.80,retail,JALAN TRAS BATU 1 28700 BENTONG PAHANG DARUL MAKMUR.,SROIE,52.80,MYR,retail,
dataset/temp_sroie/image/X51006466055.jpg,CHECKERS HYPERMARKET SDN BHD (JALAN KLANG LAMA),20180428,20.00,retail,"LOT 2942 & 2945, JLN SERI SENTOSA 8, SERI SENTOSA, OFF JLN KLANG LAMA, 58000 KUALA LUMPUR.",SROIE,20.00,MYR,retail,
dataset/temp_sroie/image/X51006466056.jpg,BERRY'S CAKE HOUSE,18/04/2018,11.25,retail,"NO.1, JLN PUTERI 1/6, BANDAR PUTERI, 47100 PUCHONG, SELANGOR",SROIE,11.25,MYR,retail,
dataset/temp_sroie/image/X51006466060.jpg,WESTERN EASTERN STATIONERY SDN. BHD,30-04-2018,1.38,retail,"42-46, JLN SULTAN AZLAN SHAH 51200 KUALA LUMPUR",SROIE,1.38,MYR,retail,
dataset/temp_sroie/image/X51006466062.jpg,WESTERN EASTERN ST TIONERY SDN. BHD,16-04-2018,RM5.00,retail,"42-46, JLN SULTAN AZLAN SHAH 51200 KUALA LUMPUR",SROIE,5.00,MYR,retail,
dataset/temp_sroie/image/X51006466065.jpg,GHEE HIANG GH DISTRIBUTOR & MARKETING SDN BHD,13/04/2018,25.00,retail,"95, BEACH ROAD, 10300 PENANG. 10400 PENANG.",SROIE,25.00,MYR,retail,
dataset/temp_sroie/image/X51006466066.jpg,MENTAI INITIAL SDN BHD,21-04-2018,41.50,retail,"NO.37-1, PLAZA DANAU DESA 2, JALAN 109F, TAMAN DANAU DESA, 58100 KUALA LUMPUR.",SROIE,41.50,MYR,retail,
dataset/temp_sroie/image/X51006466070.jpg,WESTERN EASTERN STATIONERY SDN. BHD,26-04-2018,RM42.88,retail,"42-46, JLN SULTAN AZLAN SHAH 51200 KUALA LUMPUR",SROIE,42.88,MYR,retail,
dataset/temp_sroie/image/X51006466778.jpg,THE ROTI MAN BAKERY,04-05-2018,RM20.40,retail,"117, JALAN RADIN BAGUS, SRI PETALING",SROIE,20.40,MYR,retail,
dataset/temp_sroie/image/X51006502529.jpg,HAXINCONE RESOURCES SDN BHD,20/04/2018,3.70,retail,"16A, JALAN ASTAKA U8/83, BUKIT JELUTONG 40150 SHAH ALAN, SELANGOR D.E.",SROIE,3.70,MYR,retail,
dataset/temp_sroie/image/X51006502531.jpg,FAMILYMART,16/04/2018,18.80,retail,"NO 16A, JALAN ASTAKA U8/83, BUKIT JELUTONG. 40150 SHAH ALAM, SELANGOR, D.E.",SROIE,18.80,MYR,retail,
dataset/temp_sroie/image/X51006502533.jpg,R&C VENTURE SDN BHD,19-04-2018,9.50,retail,"LOT-18A-2, BERJAYA TIMES SQUARE, KUALA LUMPUR.",SROIE,9.50,MYR,retail,
dataset/temp_sroie/image/X51006502534.jpg,MAXINCOME RESOURCES SDN BHD,10/04/2018,5.80,retail,"NO 16A, JALAN ASTAKA U8/83, BUKIT JELUTONG, 40150 SHAH ALAM, SELANGOR, D.E.",SROIE,5.80,MYR,retail,
dataset/temp_sroie/image/X51006502540.jpg,GERBANG ALAF RESTAURANTS SDN BHD,27/04/2018,109.05,retail,"LEVEL 6, BANGUNAN TH, DAMANSARA UPTOWN3 NO.3, JALAN SS21/39, 47400 PETALING JAYA SELANGOR",SROIE,109.05,MYR,retail,
dataset/temp_sroie/image/X51006554833.jpg,SUBANG HEALTHCARE SDN BHD,29/10/2017,28.90,retail,"B-8, JALAN SS15/4D, 47500 SUBANG JAYA, SELANGOR",SROIE,28.90,MYR,retail,
dataset/temp_sroie/image/X51006554841.jpg,NSK TRADE CITY-SELAYANG,27-10-2017,RM9.00,retail,LOT 4674 & 4675 SELAYANG BATU 8 JALAN IPOH 68100 BATU CAVES,SROIE,9.00,MYR,retail,
dataset/temp_sroie/image/X51006555072.jpg,DIGI TELECOMMUNICATIONS SDN BHD,13/10/2017,234.40,retail,"LOT LG 315, 1-UTAMA SHOPPING CENTRE, LEBUH BANDAR UTAMA-BANDAR UTAMA, PETALING JAYA, 47800 SELANGOR",SROIE,234.40,MYR,retail,
dataset/temp_sroie/image/X51006555125.jpg,KHIAM AIK CHAN SDN BHD,25/09/2017,28.40,retail,"NO. 76, JALAN SS15/4B, 47500 SUBANG JAYA, SELANGOR D.E.",SROIE,28.40,MYR,retail,
dataset/temp_sroie/image/X51006555570.jpg,SUBANG HEALTHCARE SDN BHD,11/08/2017,78.10,retail,"B-8, JALAN SS15/4D, 47500 SUBANG JAYA, SELANGOR",SROIE,78.10,MYR,retail,
dataset/temp_sroie/image/X51006555780.jpg,GARDENIA BAKERIES (KI ) SDN BHD,21/07/2017,33.05,retail,"LOT 3, JALAN PELABUR 23/1, 40300 SHAH ALAM, SELANGOR.",SROIE,33.05,MYR,retail,
dataset/temp_sroie/image/X51006555784.jpg,GARDENIA BAKERIES (KL) SDN BHD,30/08/2017,53.14,retail,"LOT 3, JALAN PELABUR 23/1, 40300 SHAH ALAM, SELANGOR.",SROIE,53.14,MYR,retail,
dataset/temp_sroie/image/X51006555806.jpg,GARDENIA BAKERIES (KL) SDN BHD,30/07/2017,20.21,retail,"LOT 3, JALAN PELABUR 23/1, 40300 SHAH ALAM, SELANGOR.",SROIE,20.21,MYR,retail,
dataset/temp_sroie/image/X51006555814.jpg,GARDENIA BAKERIES (KL) SDN BHD,27/07/2017,94.19,retail,"LOT 3, JALAN PELABUR 23/1, 40300 SHAH ALAM, SELANGOR.",SROIE,94.19,MYR,retail,
dataset/temp_sroie/image/X51006555817.jpg,GARDENIA BAKERIES (KL) SDN BHD,25/07/2017,24.83,retail,"LOT 3, JALAN PELABUR 23/1, 40300 SHAH ALAM, SELANGOR.",SROIE,24.83,MYR,retail,
dataset/temp_sroie/image/X51006555818.jpg,GARDENIA BAKERIES (KL) SDN BHD,24/07/2017,27.10,retail,"LOT 3, JALAN PELABUR 23/1, 40300 SHAH ALAM, SELANGOR.",SROIE,27.10,MYR,retail,
dataset/temp_sroie/image/X51006555819.jpg,GARDENIA BAKERIES (KL) SDN BHD,23/07/2017,26.58,retail,"LOT 3, JALAN PELABUR 23/1, 40300 SHAH ALAM, SELANGOR.",SROIE,26.58,MYR,retail,
dataset/temp_sroie/image/X51006555833.jpg,GARDENIA BAKERIES (KL) SDN BHD,31/08/2017,1.52,retail,"LOT 3, JALAN PELABUR 23/1, 40300 SHAH ALAM, SELANGOR.",SROIE,1.52,MYR,retail,
dataset/temp_sroie/image/X51006555835.jpg,GARDENIA BAKERIES (KL) SDN BHD,29/08/2017,37.90,retail,"LOT 3, JALAN PELABUR 23/1, 40300 SHAH ALAM, SELANGOR.",SROIE,37.90,MYR,retail,
dataset/temp_sroie/image/X51006556591.jpg,GARDENIA BAKERIES (KL) SDN BHD,25/08/2017,36.36,retail,"LOT 3, JALAN PELABUR 23/1, 40300 SHAH ALAM, SELANGOR.",SROIE,36.36,MYR,retail,
dataset/temp_sroie/image/X51006556596.jpg,GARDENIA BAKERIES (KL) SDN BHD,28/08/2017,41.44,retail,"LOT 3, JALAN PELABUR 23/1, 40300 SHAH ALAM, SELANGOR.",SROIE,41.44,MYR,retail,
dataset/temp_sroie/image/X51006556604.jpg,GARDENIA BAKERIES (KL) SDN BHD,24/08/2017,39.78,retail,"LOT 3, JALAN PELABUR 23/1, 40300 SHAH ALAM, SELANGOR.",SROIE,39.78,MYR,retail,
dataset/temp_sroie/image/X51006556610.jpg,PINGHWAI TRADING SDN BHD,22/08/2017,393.00,retail,"NO.2, JALAN METRO PERDANA TIMUR 11. KEPONG ENTERPRENUERS PARK, OFF JALAN KEPONG. 52100 KUALA LUMPUR.",SROIE,393.00,MYR,retail,
dataset/temp_sroie/image/X51006556646.jpg,GARDENIA BAKERIES (KL) SDN BHD,21/08/2017,73.55,retail,"LOT 3, JALAN PELABUR 23/1, 40300 SHAH ALAM, SELANGOR.",SROIE,73.55,MYR,retail,
dataset/temp_sroie/image/X51006556648.jpg,GARDENIA BAKERIES (KL) SDN BHD,20/08/2017,55.14,retail,"LOT 3, JALAN PELABUR 23/1, 40300 SHAH ALAM, SELANGOR.",SROIE,55.14,MYR,retail,
dataset/temp_sroie/image/X51006556650.jpg,GARDENIA BAKERIES (KL) SDN BHD,19/08/2017,50.60,retail,"LOT 3, JALAN PELABUR 23/1, 40300 SHAH ALAM, SELANGOR.",SROIE,50.60,MYR,retail,
dataset/temp_sroie/image/X51006556654.jpg,GARDENIA BAKERIES (KL) SDN BHD,18/08/2017,-6.42,retail,"LOT 3, JALAN PELABUR 23/1, 40300 SHAH ALAM, SELANGOR.",SROIE,6.42,MYR,retail,
dataset/temp_sroie/image/X51006556656.jpg,GARDENIA BAKERIES (KL) SDN BHD,17/08/2017,7.97,retail,"LOT 3, JALAN PELABUR 23/1, 40300 SHAH ALAM, SELANGOR.",SROIE,7.97,MYR,retail,
dataset/temp_sroie/image/X51006556657.jpg,GARDENIA BAKERIES (KL) SDN BHD,16/08/2017,59.31,retail,"LOT 3, JALAN PELABUR 23/1, 40300 SHAH ALAM, SELANGOR.",SROIE,59.31,MYR,retail,
dataset/temp_sroie/image/X51006556658.jpg,GARDENIA BAKERIES (KL) SDN BHD,15/08/2017,32.13,retail,"LOT 3, JALAN PELABUR 23/1, 40300 SHAH ALAM, SELANGOR.",SROIE,32.13,MYR,retail,
dataset/temp_sroie/image/X51006556723.jpg,GARDENIA BAKERIES (KL) SDN BHD,03/08/2017,-5.09,retail,"LOT 3, JALAN PELABUR 23/1, 40300 SHAH ALAM, SELANGOR.",SROIE,5.09,MYR,retail,
dataset/temp_sroie/image/X51006556726.jpg,GARDENIA BAKERIES (KL) SDN BHD,06/08/2017,68.41,retail,"LOT 3, JALAN PELABUR 23/1, 40300 SHAH ALAM, SELANGOR.",SROIE,68.41,MYR,retail,
dataset/temp_sroie/image/X51006556728.jpg,GARDENIA BAKERIES (KL) SDN BHD,07/08/2017,60.26,retail,"LOT 3, JALAN PELABUR 23/1, 40300 SHAH ALAM, SELANGOR.",SROIE,60.26,MYR,retail,
dataset/temp_sroie/image/X51006556730.jpg,MAKASSAR FRESH MARKET S/B,05-AUG-2017,RM40.00,retail,"GROUND FLOOR, NO. 4 & 6, JALAN SS15/4B, 47500 SUBANG JAYA, SELANGOR.",SROIE,40.00,MYR,retail,
dataset/temp_sroie/image/X51006556732.jpg,GARDENIA BAKERIES (KL) SDN BHD,05/08/2017,19.31,retail,"LOT 3, JALAN PELABUR 23/1, 40300 SHAH ALAM, SELANGOR.",SROIE,19.31,MYR,retail,
dataset/temp_sroie/image/X51006556734.jpg,GARDENIA BAKERIES (KL) SDN BHD,04/08/2017,32.46,retail,"LOT 3, JALAN PELABUR 23/1, 40300 SHAH ALAM, SELANGOR.",SROIE,32.46,MYR,retail,
dataset/temp_sroie/image/X51006556738.jpg,GARDENIA BAKERIES (KL) SDN BHD,03/08/2017,51.88,retail,"LOT 3, JALAN PELABUR 23/1, 40300 SHAH ALAM, SELANGOR.",SROIE,51.88,MYR,retail,
dataset/temp_sroie/image/X51006556740.jpg,GARDENIA BAKERIES (KL) SDN BHD,01/08/2017,23.35,retail,"LOT 3, JALAN PELABUR 23/1, 40300 SHAH ALAM, SELANGOR.",SROIE,23.35,MYR,retail,
dataset/temp_sroie/image/X51006556806.jpg,GARDENIA BAKERIES (KL) SDN BHD,23/09/2017,14.47,retail,"LOT 3, JALAN PELABUR 23/1, 40300 SHAH ALAM SELANGOR.",SROIE,14.47,MYR,retail,
dataset/temp_sroie/image/X51006556808.jpg,GARDENIA BAKERIES (KL) SDN BHD,22/09/2017,79.26,retail,"LOT 3, JALAN PELABUR 23/1, 40300 SHAH ALAM, SELANGOR.",SROIE,79.26,MYR,retail,
dataset/temp_sroie/image/X51006556809.jpg,GARDENIA BAKERIES (KL) SDN BHD,21/09/2017,43.36,retail,"LOT 3, JALAN PELABUR 23/1, 40300 SHAH ALAM, SELANGOR.",SROIE,43.36,MYR,retail,
dataset/temp_sroie/image/X51006556810.jpg,GARDENIA BAKERIES (KL) SDN BHD,20/09/2017,23.02,retail,"LOT 3, JALAN PELABUR 23/1, 40300 SHAH ALAM, SELANGOR.",SROIE,23.02,MYR,retail,
dataset/temp_sroie/image/X51006556812.jpg,GARDENIA BAKERIES (KL) SDN BHD,14/09/2017,25.84,retail,"LOT 3, JALAN PELABUR 23/1, 40300 SHAH ALAM, SELANGOR.",SROIE,25.84,MYR,retail,
dataset/temp_sroie/image/X51006556815.jpg,GARDENIA BAKERIES (KL) SDN BHD,05/09/2017,54.15,retail,"LOT 3, JALAN PELABUR 23/1, 40300 SHAH ALAM, SELANGOR.",SROIE,54.15,MYR,retail,
dataset/temp_sroie/image/X51006556818.jpg,GARDENIA BAKERIES (KL) SDN BHD,03/09/2017,29.59,retail,"LOT 3, JALAN PELABUR 23/1, 40300 SHAH ALAM, SELANGOR.",SROIE,29.59,MYR,retail,
dataset/temp_sroie/image/X51006556821.jpg,GARDENIA BAKERIES (KL) SDN BHD,02/09/2017,48.57,retail,"LOT 3, JALAN PELABUR 23/1, 40300 SHAH ALAM, SELANGOR.",SROIE,48.57,MYR,retail,
dataset/temp_sroie/image/X51006556823.jpg,GARDENIA BAKERIES (KL) SDN BHD,30/09/2017,26.80,retail,"LOT 3, JALAN PELABUR 23/1, 40300 SHAH ALAM, SELANGOR.",SROIE,26.80,MYR,retail,
dataset/temp_sroie/image/X51006556824.jpg,GARDENIA BAKERIES (KL) SDN BHD,29/09/2017,-1.73,retail,"LOT 3, JALAN PELABUR 23/1, 40300 SHAH ALAM, SELANGOR.",SROIE,1.73,MYR,retail,
dataset/temp_sroie/image/X51006556825.jpg,GARDENIA BAKERIES (KL) SDN BHD,28/09/2017,48.04,retail,"LOT 3, JALAN PELABUR 23/1, 40300 SHAH ALAM, SELANGOR.",SROIE,48.04,MYR,retail,
dataset/temp_sroie/image/X51006556826.jpg,GARDENIA BAKERIES (KL) SDN BHD,27/09/2017,28.98,retail,"LOT 3, JALAN PELABUR 23/1, 40300 SHAH ALAM, SELANGOR.",SROIE,28.98,MYR,retail,
dataset/temp_sroie/image/X51006556827.jpg,GARDENIA BAKERIES (KL) SDN BHD,26/09/2017,53.96,retail,"LOT 3, JALAN PELABUR 23/1, 40300 SHAH ALAM, SELANGOR.",SROIE,53.96,MYR,retail,
dataset/temp_sroie/image/X51006556828.jpg,GARDENIA BAKERIES (KL) SDN BHD,25/09/2017,36.55,retail,"LOT 3, JALAN PELABUR 23/1, 40300 SHAH ALAM, SELANGOR.",SROIE,36.55,MYR,retail,
dataset/temp_sroie/image/X51006556829.jpg,GARDENIA BAKERIES (KL) SDN BHD,24/09/2017,38.55,retail,"LOT 3, JALAN PELABUR 23/1, 40300 SHAH ALAM, SELANGOR.",SROIE,38.55,MYR,retail,
dataset/temp_sroie/image/X51006556830.jpg,PINGHWAI TRADING SDN BHD,23/09/2017,"1,007.50",retail,"NO.2, JALAN METRO PERDANA TIMUR 11, KEPONG ENTERPRENUERS PARK, OFF JALAN KEPONG, 52100 KUALA LUMPUR.",SROIE,1007.50,MYR,retail,
dataset/temp_sroie/image/X51006556831.jpg,PINGHWAI TRADING SDN BHD,30/09/2017,616.60,retail,"NO.2, JALAN METRO PERDANA TIMUR 11, KEPONG ENTERPRENUERS PARK, OFF JALAN KEPONG, 52100 KUALA LUMPUR.",SROIE,616.60,MYR,retail,
dataset/temp_sroie/image/X51006556838.jpg,GARDENIA BAKERIES (KL) SDN BHD,19/09/2017,22.58,retail,"LOT 3, JALAN PELABUR 23/1, 40300 SHAH ALAM, SELANGOR.",SROIE,22.58,MYR,retail,
dataset/temp_sroie/image/X51006556839.jpg,GARDENIA BAKERIES (KL) SDN BHD,18/09/2017,5.90,retail,"LOT 3, JALAN PELABUR 23/1, 40300 SHAH ALAM, SELANGOR.",SROIE,5.90,MYR,retail,
dataset/temp_sroie/image/X51006556840.jpg,GARDENIA BAKERIES (KL) SDN BHD,17/09/2017,40.18,retail,"LOT 3, JALAN PELABUR 23/1, 40300 SHAH ALAM, SELANGOR.",SROIE,40.18,MYR,retail,
dataset/temp_sroie/image/X51006556841.jpg,GARDENIA BAKERIES (KL) SDN BHD,16/09/2017,3.21,retail,"LOT 3, JALAN PELABUR 23/1, 40300 SHAH ALAM, SELANGOR.",SROIE,3.21,MYR,retail,
dataset/temp_sroie/image/X51006556851.jpg,GARDENIA BAKERIES (KL) SDN BHD,12/09/2017,84.78,retail,"LOT 3, JALAN PELABUR 23/1, 40300 SHAH ALAM, SELANGOR.",SROIE,84.78,MYR,retail,
dataset/temp_sroie/image/X51006556852.jpg,GARDENIA BAKERIES (KL) SDN BHD,11/09/2017,65.50,retail,"LOT 3, JALAN PELABUR 23/1, 40300 SHAH ALAM, SELANGOR.",SROIE,65.50,MYR,retail,
dataset/temp_sroie/image/X51006556861.jpg,GARDENIA BAKERIES (KL) SDN BHD,08/09/2017,23.20,retail,"LOT 3, JALAN PELABUR 23/1, 40300 SHAH ALAM, SELANGOR.",SROIE,23.20,MYR,retail,
dataset/temp_sroie/image/X51006556865.jpg,GARDENIA BAKERIES (KL) SDN BHD,06/09/2017,62.82,retail,"LOT 3, JALAN PELABUR 23/1, 40300 SHAH ALAM, SELANGOR",SROIE,62.82,MYR,retail,
dataset/temp_sroie/image/X51006557115.jpg,GARDENIA BAKERIES (KL) SDN BHD,02/10/2017,35.58,retail,"LOT 3, JALAN PELABUR 23/1, 40300 SHAH ALAM, SELANGOR.",SROIE,35.58,MYR,retail,
dataset/temp_sroie/image/X51006557117.jpg,GARDENIA BAKERIES (KL) SDN BHD,30/10/2017,62.60,retail,"LOT 3, JALAN PELABUR 23/1, 40300 SHAH ALAM, SELANGOR.",SROIE,62.60,MYR,retail,
dataset/temp_sroie/image/X51006557119.jpg,GARDENIA BAKERIES (KL) SDN BHD,20/10/2017,14.79,retail,"LOT 3, JALAN PELABUR 23/1, 40300 SHAH ALAM, SELANGOR.",SROIE,14.79,MYR,retail,
dataset/temp_sroie/image/X51006557161.jpg,GARDENIA BAKERIES (KL) SDN BHD,24/10/2017,41.87,retail,"LOT 3, JALAN PELABUR 23/1, 40300 SHAH ALAM, SELANGOR.",SROIE,41.87,MYR,retail,
dataset/temp_sroie/image/X51006557164.jpg,GARDENIA BAKERIES (KL) SDN BHD,18/10/2017,31.05,retail,"LOT 3, JALAN PELABUR 23/1, 40300 SHAH ALAM, SELANGOR.",SROIE,31.05,MYR,retail,
dataset/temp_sroie/image/X51006557168.jpg,GARDENIA BAKERIES (KL) SDN BHD,23/10/2017,39.87,retail,"LOT 3, JALAN PELABUR 23/1, 40300 SHAH ALAM, SELANGOR.",SROIE,39.87,MYR,retail,
dataset/temp_sroie/image/X51006557169.jpg,GARDENIA BAKERIES (KL) SDN BHD,01/09/2017,5.00,retail,"LOT 3, JALAN PELABUR 23/1, 40300 SHAH ALAM, SELANGOR.",SROIE,5.00,MYR,retail,
dataset/temp_sroie/image/X51006557170.jpg,GARDENIA BAKERIES (KL) SDN BHD,29/10/2017,58.86,retail,"LOT 3, JALAN PELABUR 23/1, 40300 SHAH ALAM, SELANGOR.",SROIE,58.86,MYR,retail,
dataset/temp_sroie/image/X51006557173.jpg,GARDENIA BAKERIES (KL) SDN BHD,28/10/2017,32.26,retail,"LOT 3, JALAN PELABUR 23/1, 40300 SHAH ALAM, SELANGOR.",SROIE,32.26,MYR,retail,
dataset/temp_sroie/image/X51006557178.jpg,GARDENIA BAKERIES (KL) SDN BHD,25/10/2017,35.01,retail,"LOT 3, JALAN PELABUR 23/1, 40300 SHAH ALAM, SELANGOR.",SROIE,35.01,MYR,retail,
dataset/temp_sroie/image/X51006557179.jpg,GARDENIA BAKERIES (KL) SDN BHD,22/10/2017,34.21,retail,"LOT 3, JALAN PELABUR 23/1, 40300 SHAH ALAM, SELANGOR.",SROIE,34.21,MYR,retail,
dataset/temp_sroie/image/X51006557184.jpg,GARDENIA BAKERIES (KL) SDN BHD,19/10/2017,68.63,retail,"LOT 3, JALAN PELABUR 23/1, 40300 SHAH ALAM, SELANGOR.",SROIE,68.63,MYR,retail,
dataset/temp_sroie/image/X51006557185.jpg,GARDENIA BAKERIES (KL) SDN BHD,17/10/2017,110.46,retail,"LOT 3, JALAN PELABUR 23/1, 40300 SHAH ALAM, SELANGOR.",SROIE,110.46,MYR,retail,
dataset/temp_sroie/image/X51006557187.jpg,GARDENIA BAKERIES (KL) SDN BHD,16/10/2017,42.25,retail,"LOT 3, JALAN PELABUR 23/1, 40300 SHAH ALAM, SELANGOR.",SROIE,42.25,MYR,retail,
dataset/temp_sroie/image/X51006557188.jpg,GARDENIA BAKERIES (KL) SDN BHD,15/10/2017,23.56,retail,"LOT 3, JALAN PELABUR 23/1, 40300 SHAH ALAM, SELANGOR.",SROIE,23.56,MYR,retail,
dataset/temp_sroie/image/X51006557193.jpg,GARDENIA BAKERIES (KL) SDN BHD,14/10/2017,33.80,retail,"LOT 3, JALAN PELABUR 23/1, 40300 SHAH ALAM, SELANGOR.",SROIE,33.80,MYR,retail,
dataset/temp_sroie/image/X51006557194.jpg,GARDENIA BAKERIES (KL) SDN BHD,13/10/2017,39.77,retail,"LOT 3, JALAN PELABUR 23/1, 40300 SHAH ALAM, SELANGOR.",SROIE,39.77,MYR,retail,
dataset/temp_sroie/image/X51006557195.jpg,GARDENIA BAKERIES (KL) SDN BHD,12/10/2017,59.54,retail,"LOT 3, JALAN PELABUR 23/1, 40300 SHAH ALAM, SELANGOR.",SROIE,59.54,MYR,retail,
dataset/temp_sroie/image/X51006557196.jpg,GARDENIA BAKERIES (KL) SDN BHD,11/10/2017,27.10,retail,"LOT 3, JALAN PELABUR 23/1, 40300 SHAH ALAM, SELANGOR.",SROIE,27.10,MYR,retail,
dataset/temp_sroie/image/X51006557198.jpg,GARDENIA BAKERIES (KL) SDN BHD,10/10/2017,27.20,retail,"LOT 3, JALAN PELABUR 23/1, 40300 SHAH ALAM, SELANGOR.",SROIE,27.20,MYR,retail,
dataset/temp_sroie/image/X51006557199.jpg,GARDENIA BAKERIES (KL) SDN BHD,09/10/2017,60.24,retail,"LOT 3, JALAN PELABUR 23/1, 40300 SHAH ALAM, SELANGOR.",SROIE,60.24,MYR,retail,
dataset/temp_sroie/image/X51006557202.jpg,GARDENIA BAKERIES (KL) SDN BHD,08/10/2017,46.06,retail,"LOT 3, JALAN PELABUR 23/1, 40300 SHAH ALAM, SELANGOR.",SROIE,46.06,MYR,retail,
dataset/temp_sroie/image/X51006557208.jpg,GARDENIA BAKERIES (KL) SDN BHD,07/10/2017,32.12,retail,"LOT 3, JALAN PELABUR 23/1, 40300 SHAH ALAM, SELANGOR.",SROIE,32.12,MYR,retail,
dataset/temp_sroie/image/X51006557209.jpg,GARDENIA BAKERIES (KL) SDN BHD,06/10/2017,33.84,retail,"LOT 3, JALAN PELABUR 23/1, 40300 SHAH ALAM, SELANGOR.",SROIE,33.84,MYR,retail,
dataset/temp_sroie/image/X51006557210.jpg,GARDENIA BAKERIES (KL) SDN BHD,05/10/2017,51.42,retail,"LOT 3, JALAN PELABUR 23/1, 40300 SHAH ALAM, SELANGOR.",SROIE,51.42,MYR,retail,
dataset/temp_sroie/image/X51006557213.jpg,GARDENIA BAKERIES (KL) SDN BHD,01/10/2017,31.32,retail,"LOT 3, JALAN PELABUR 23/1, 40300 SHAH ALAM, SELANGOR.",SROIE,31.32,MYR,retail,
dataset/temp_sroie/image/X51006557507.jpg,GARDENIA BAKERIES (KL) SDN BHD,27/10/2017,35.88,retail,"LOT 3, JALAN PELABUR 23/1, 40300 SHAH ALAM, SELANGOR.",SROIE,35.88,MYR,retail,
dataset/temp_sroie/image/X51006557508.jpg,GARDENIA BAKERIES (KL) SDN BHD,26/10/2017,54.19,retail,"LOT 3, JALAN PELABUR 23/1, 40300 SHAH ALAM, SELANGOR.",SROIE,54.19,MYR,retail,
dataset/temp_sroie/image/X51006619328.jpg,YIN MA (M) SDN.BHD.,31 JAN 2016,5.40,retail,"NO.2, JALAN UDANG SIAR 2, TAMAN SRI SEGAMBUT, 52000 KUALA LUMPUR.",SROIE,5.40,MYR,retail,
dataset/temp_sroie/image/X51006619338.jpg,99 SPEED MART S/B,31-01-16,262.20,retail,"LOT P.T. 33198, BATU 4 JALAN KAPAR, MUKIM KAPAR 42100 KLANG, SELANGOR 1320-TMN BATU",SROIE,262.20,MYR,retail,
dataset/temp_sroie/image/X51006619341.jpg,MR. D.I.Y. (M) SDN BHD,06-04-16,RM 8.60,retail,"LOT 1851 -A & 1851-B, JALAN KPB 6, KAWASAN PERINDUSTRIAN BALAKONG, 43300 SERI KEMBANGAN, SELANGOR",SROIE,8.60,MYR,retail,
dataset/temp_sroie/image/X51006619342.jpg,MR. D.I.Y. (KUCHAI) SDN BHD,17-04-16,RM 3.30,retail,"LOT 1851-A & 1851-B, JALAN KPB 6, KAWASAN PERINDUSTRIAN BALAKONG, 43300 SERI KEMBANGAN, SELANGOR",SROIE,3.30,MYR,retail,
dataset/temp_sroie/image/X51006619343.jpg,MR. D.I.Y. (KUCHAI) SDN BHD,17-04-16,RM 22.90,retail,"LOT 1851-A & 1851-B, JALAN KPB 6, KAWASAN PERINDUSTRIAN BALAKONG, 43300 SERI KEMBANGAN, SELANGOR",SROIE,22.90,MYR,retail,
dataset/temp_sroie/image/X51006619346.jpg,MR. D.I.Y. (M) SDN BHD,18-04-16,RM 96.90,retail,"LOT 1851-A & 1851-B, JALAN KPB 6, KAWASAN PERINDUSTRIAN BALAKONG, 43300 SERI KEMBANGAN, SELANGOR",SROIE,96.90,MYR,retail,
dataset/temp_sroie/image/X51006619496.jpg,99 SPEED MART S/B,14-12-16,61.65,retail,"LOT P.T. 2811, JALAN ANGSA, TAMAN BERKELEY 41150 KLANG, SELANGOR 1320-TMN BATU",SROIE,61.65,MYR,retail,
dataset/temp_sroie/image/X51006619503.jpg,KEDAI UBAT & RUNCIT HONG NING SDN. BHD.,21/12/16,8.00,retail,"NO.8,JALAN LANG KUNING, KEPONG BARU, 52100 KUALA LUMPUR.",SROIE,8.00,MYR,retail,
dataset/temp_sroie/image/X51006619506.jpg,KEDAI UBAT & RUNCIT HONG NING SDN. BHD.,24/12/16,25.55,retail,"NO.8,JALAN LANG KUNING, KEPONG BARU, 52100 KUALA LUMPUR",SROIE,25.55,MYR,retail,
dataset/temp_sroie/image/X51006619507.jpg,GOLDEN ARCHES RESTAURANTS SDN BHD,03/12/2016,14.70,retail,"NO.3, JALAN SS21/39,47400 PETALING JAYA SELANGOR",SROIE,14.70,MYR,retail,
dataset/temp_sroie/image/X51006619509.jpg,GUDANG HASIL RESTAURANT SDN BHD,02-12-2016,RM15.80,retail,"NO. 33, LRG HANG JEBAT, MELAKA",SROIE,15.80,MYR,retail,
dataset/temp_sroie/image/X51006619545.jpg,COSWAY (M) SDN BHD,(06/12/2016),RM111.90,retail,"2ND FLOOR, WISMA COSWAY, JALAN RAJA CHULAN, 50200 KUALA LUMPUR, MALAYSIA.",SROIE,111.90,MYR,retail,
dataset/temp_sroie/image/X51006619550.jpg,HAI-O RAYA BHD,15/12/2016,47.70,retail,"LOT 11995, BATU 2, JALAN KAPAR 41400 KLANG, SELANGOR",SROIE,47.70,MYR,retail,
dataset/temp_sroie/image/X51006619561.jpg,GREEN LANE PHARMACY SDN BHD,12/13/2016,180.10,retail,"33 JLN BANGAU 1,KEPONG BARU, 52100 KEPONG,KL",SROIE,180.10,MYR,retail,
dataset/temp_sroie/image/X51006619563.jpg,99 SPEED MART S/B,21-11-16,31.80,retail,"LOT P.T. 2811, JALAN ANGSA, TAMAN BERKELEY 41150 KLANG, SELANGOR 1558-TMN PUSAT KEPONG",SROIE,31.80,MYR,retail,
dataset/temp_sroie/image/X51006619564.jpg,99 SPEED MART S/B,06-12-16,85.45,retail,"LOT P.T. 2811, JALAN ANGSA, TAMAN BERKELEY 41150 KLANG, SELANGOR 1605-TMN SRI BINTANG",SROIE,85.45,MYR,retail,
dataset/temp_sroie/image/X51006619566.jpg,99 SPEED MART S/B,05-12-16,15.90,retail,"LOT P.T. 2811, JALAN ANGSA, TAMAN BERKELEY 41150 KLANG, SELANGOR 1558-TMN PUSAT KEPONG",SROIE,15.90,MYR,retail,
dataset/temp_sroie/image/X51006619567.jpg,KEDAI UBAT & RUNCIT HONG NING SDN. BHD.,02/02/16,676.00,retail,"NO.8,JALAN LANG KUNING, KEPONG BARU, 52100 KUALA LUMPUR",SROIE,676.00,MYR,retail,
dataset/temp_sroie/image/X51006619569.jpg,MR. D.I.Y. (KUCHAI) SDN BHD,01-02-16,RM 26.40,retail,"LOT 1851-A & 1851-B, JALAN KPB 6, KAWASAN PERINDUSTRIAN BALAKONG, 43300 SERI KEMBANGAN, SELANGOR",SROIE,26.40,MYR,retail,
dataset/temp_sroie/image/X51006619570.jpg,MR. D.I.Y. (M) SDN BHD,21-02-16,RM 30.90,retail,"LOT 1851-A & 1851-B, JALAN KPB 6, KAWASAN PERINDUSTRIAN BALAKONG, 43300 SERI KEMBANGAN, SELANGOR",SROIE,30.90,MYR,retail,
dataset/temp_sroie/image/X51006619694.jpg,GUARDIAN HEALTH AND BEAUTY SDN BHD,11/02/16,2.56,retail,"LOT F/L2A.4, LEVEL 2A FIRST WORLD PLAZA, FIRST WORLD",SROIE,2.56,MYR,retail,
dataset/temp_sroie/image/X51006619696.jpg,99 SPEED MART S/B,03-02-16,82.80,retail,"LOT P.T. 33198, BATU 4 JALAN KAPAR, MUKIM KAPAR 42100 KLANG, SELANGOR 1320-TMN BATU",SROIE,82.80,MYR,retail,
dataset/temp_sroie/image/X51006619697.jpg,CHEF LEE SDN BHD,13-02-2016,RM96.20,retail,"LG226, LGF, 1 UTAMA SHOPPING CENTRE, LEBUH BANDAR UTAMA, 47800 PETALING JAYA.",SROIE,96.20,MYR,retail,
dataset/temp_sroie/image/X51006619698.jpg,MR. D.I.Y. (M) SDN BHD,25-01-16,RM 21.00,retail,"LOT 1851-A & 1851-B, JALAN KPB 6, KAWASAN PERINDUSTRIAN BALAKONG, 43300 SERI KEMBANGAN, SELANGOR",SROIE,21.00,MYR,retail,
dataset/temp_sroie/image/X51006619700.jpg,MR. D.I.Y. (KUCHAI) SDN BHD,10-01-16,RM 8.10,retail,"LOT 1851-A & 1851-B, JALAN KPB 6, KAWASAN PERINDUSTRIAN BALAKONG, 43300 SERI KEMBANGAN, SELANGOR",SROIE,8.10,MYR,retail,
dataset/temp_sroie/image/X51006619703.jpg,MR. D.I.Y. (KUCHAI) SDN BHD,11-01-16,RM 7.00,retail,"LOT 1851-A & 1851-B, JALAN KPB 6, KAWASAN PERINDUSTRIAN BALAKONG, 43300 SERI KEMBANGAN, SELANGOR",SROIE,7.00,MYR,retail,
dataset/temp_sroie/image/X51006619704.jpg,MR. D.I.Y. (M) SDN BHD,11-01-16,RM 32.80,retail,"LOT 1851-A & 1851-B, JALAN KPB 6, KAWASAN PERINDUSTRIAN BALAKONG, 43300 SERI KEMBANGAN, SELANGOR",SROIE,32.80,MYR,retail,
dataset/temp_sroie/image/X51006619709.jpg,MR. D.I.Y. (KUCHAI) SDN BHD,24-01-16,RM 57.40,retail,"LOT 1851-A & 1851-B, JALAN KPB 6, KAWASAN PERINDUSTRIAN BALAKONG, 43300 SERI KEMBANGAN, SELANGOR",SROIE,57.40,MYR,retail,
dataset/temp_sroie/image/X51006619757.jpg,99 SPEED MART S/B,13-01-16,71.60,retail,"LOT P.T. 33198, BATU 4 JALAN KAPAR, MUKIM KAPAR 42100 KLANG, SELANGOR 1605-TMN SRI BINTANG",SROIE,71.60,MYR,retail,
dataset/temp_sroie/image/X51006619758.jpg,99 SPEED MART S/B,24-01-16,13.60,retail,"LOT P.T. 33198, BATU 4 JALAN KAPAR, MUKIM KAPAR 42100 KLANG, SELANGOR 1181-TMN SRI SINAR",SROIE,13.60,MYR,retail,
dataset/temp_sroie/image/X51006619760.jpg,KEDAI UBAT & RUNCIT HONG NING SDN. BHD.,02/01/16,29.10,retail,"NO.8,JALAN LANG KUNING, KEPONG BARU, 52100 KUALA LUMPUR.",SROIE,29.10,MYR,retail,
dataset/temp_sroie/image/X51006619764.jpg,MR. D.I.Y. (KUCHAI) SDN BHD,05-01-16,RM 34.40,retail,"LOT 1851-A & 1851-B, JALAN KPB 6, KAWASAN PERINDUSTRIAN BALAKONG, 43300 SERI KEMBANGAN, SELANGOR",SROIE,34.40,MYR,retail,
dataset/temp_sroie/image/X51006619765.jpg,MR. D.I.Y. (M) SDN BHD,08-01-16,RM 64.70,retail,"LOT 1851-A & 1851-B, JALAN KPB 6, KAWASAN PERINDUSTRIAN BALAKONG, 43300 SERI KEMBANGAN, SELANGOR",SROIE,64.70,MYR,retail,
dataset/temp_sroie/image/X51006619766.jpg,MR. D.I.Y. (M) SDN BHD,10-01-16,RM 59.20,retail,"LOT 1851-A & 1851-B, JALAN KPB 6, KAWASAN PERINDUSTRIAN BALAKONG, 43300 SERI KEMBANGAN, SELANGOR",SROIE,59.20,MYR,retail,
dataset/temp_sroie/image/X51006619772.jpg,GOLDEN ARCHES RESTAURANTS SDN BHD,24/07/2016,28.20,retail,"LEVEL 6, BANGUNAN TH, DAMANSARA UPTOWN3 NO.3, JALAN SS21/39,47400 PETALING JAYA SELANGOR",SROIE,28.20,MYR,retail,
dataset/temp_sroie/image/X51006619777.jpg,99 SPEED MART S/B,30-06-16,27.30,retail,"LOT P.T. 33198, BATU 4 JALAN KAPAR, MUKIM KAPAR 42100 KLANG, SELANGOR 1558-TMN PUSAT KEPONG",SROIE,27.30,MYR,retail,
dataset/temp_sroie/image/X51006619779.jpg,YAM FRESH,2016-07-31,RM7.95,retail,"NO.145G, JALAN RIMBUNAN RAYA 1, LAMAN RIMBUNAN KEPONG, 52100 KUALA LUMPUR",SROIE,7.95,MYR,retail,
dataset/temp_sroie/image/X51006619780.jpg,YAM FRESH,2016-07-31,RM8.35,retail,"NO.145G, JALAN RIMBUNAN RAYA 1, LAMAN RIMBUNAN KEPONG, 52100 KUALA LUMPUR",SROIE,8.35,MYR,retail,
dataset/temp_sroie/image/X51006619783.jpg,FOUR QUARTERS SDN BHD,06/07/16,43.90,retail,NO.128G JLN SS21/35 DAMANSARA UTAMA PETALING JAYA 47400 SELANGOR,SROIE,43.90,MYR,retail,
dataset/temp_sroie/image/X51006619784.jpg,SECURITY & OA TRADING,7/6/2016,399.00,retail,"LOT TC007 & 008, 3RD FLOOR, SG. WANG PLAZA",SROIE,399.00,MYR,retail,
dataset/temp_sroie/image/X51006619785.jpg,ECOSWAY.COM SDN BHD,29/07/2016,RM78.30,retail,"2ND FLOOR, WISMA COSWAY, JALAN RAJA CHULAN, 50200 KUALA LUMPUR, MALAYSIA.",SROIE,78.30,MYR,retail,
dataset/temp_sroie/image/X51006619790.jpg,YIN MA (M) SDN.BHD.,19 JUL 2016,14.50,retail,"NO.2, JALAN UDANG SIAR 2, TAMAN SRI SEGAMBUT, 52000 KUALA LUMPUR.",SROIE,14.50,MYR,retail,
dataset/temp_sroie/image/X51006619842.jpg,YIN MA (M) SDN.BHD.,03 JUN 2016,32.70,retail,"NO.2, JALAN UDANG SIAR 2, TAMAN SRI SEGAMBUT, 52000 KUALA LUMPUR.",SROIE,32.70,MYR,retail,
dataset/temp_sroie/image/X51006619854.jpg,99 SPEED MART S/B,04-06-16,2.10,retail,"LOT P.T. 33198, BATU 4 JALAN KAPAR, MUKIM KAPAR 42100 KLANG, SELANGOR 1174-PERMATA MAGNA",SROIE,2.10,MYR,retail,
dataset/temp_sroie/image/X51006619862.jpg,MR. D.I.Y. (KUCHAI) SDN BHD,07-06-16,RM 13.30,retail,"LOT 1851-A & 1851-B, JALAN KPB 6, KAWASAN PERINDUSTRIAN BALAKONG, 43300 SERI KEMBANGAN, SELANGOR",SROIE,13.30,MYR,retail,
dataset/temp_sroie/image/X51006619863.jpg,99 SPEED MART S/B,08-06-16,2.10,retail,"LOT P.T. 33198, BATU 4 JALAN KAPAR, MUKIM KAPAR 42100 KLANG, SELANGOR 1181-TMN SRI SINAR",SROIE,2.10,MYR,retail,
dataset/temp_sroie/image/X51006619869.jpg,MONSIEUR ( M ) SDN. BHD.,12/06/2016,23.20,retail,"LOT S319A, 2ND FLOOR, 1 UTAMA SHOPPING CENTRE - PHASE 2 PERSIARAN BANDAR UTAMA, 47800 PETALING JAYA. MALAYSIA",SROIE,23.20,MYR,retail,
dataset/temp_sroie/image/X51006620161.jpg,SIN THYE & COMPANY,28/02/2016,110.00,retail,"NO.54, BATU 5,JALAN IPOH, KG.BATU, 51200 KUALA LUMPUR",SROIE,110.00,MYR,retail,
dataset/temp_sroie/image/X51006620175.jpg,MR. D.I.Y. (M) SDN BHD,06-05-16,RM 26.70,retail,"LOT 1851-A & 1851-B, JALAN KPB 6, KAWASAN PERINDUSTRIAN BALAKONG, 43300 SERI KEMBANGAN, SELANGOR",SROIE,26.70,MYR,retail,
dataset/temp_sroie/image/X51006620176.jpg,MR. D.I.Y. (KUCHAI) SDN BHD,22-04-16,RM 12.50,retail,"LOT 1851-A & 1851-B, JALAN KPB 6, KAWASAN PERINDUSTRIAN BALAKONG, 43300 SERI KEMBANGAN, SELANGOR",SROIE,12.50,MYR,retail,
dataset/temp_sroie/image/X51006620181.jpg,NADEJE PLATINUM SDN BHD,2016/05/01,RM51.30,retail,"GK 101,GND FLR,ONE UTAMA SHOPPING CENTRE NO.1,LEBUH BANDAR UTAMA, 47800 PETALING JAYA, SELANGOR.",SROIE,51.30,MYR,retail,
dataset/temp_sroie/image/X51006620182.jpg,PACIFIC ASIAN FOOD DELIGHTS S/B,08/05/2016,78.50,retail,"NO.35,GROUND FLOOR JLN METRO PERDANA BARAT 1 TAMAN USAHAWAN KEPONG 52100 KL",SROIE,78.50,MYR,retail,
dataset/temp_sroie/image/X51006620186.jpg,MR. D.I.Y. (M) SDN BHD,22-04-16,RM 68.10,retail,"LOT 1851-A & 1851-B, JALAN KPB 6, KAWASAN PERINDUSTRIAN BALAKONG, 43300 SERI KEMBANGAN, SELANGOR",SROIE,68.10,MYR,retail,
dataset/temp_sroie/image/X51006620187.jpg,ANEKA INTERTRADE MARKETING SDN BHD,19/05/16,6.85,retail,"LOT NO2, JALAN UTARID U5/13, SEKSYEN U5, 40150 SNAH ALAM, SELANGOR DARUL EHSAN, MALAYSIA",SROIE,6.85,MYR,retail,
dataset/temp_sroie/image/X51006620189.jpg,99 SPEED MART S/B,11-05-16,177.20,retail,"LOT P.T. 33198, BATU 4 JALAN KAPAR, MUKIM KAPAR 42100 KLANG, SELANGOR 1605-TMN SRI BINTANG",SROIE,177.20,MYR,retail,
dataset/temp_sroie/image/X51006620190.jpg,MR. D.I.Y. (M) SDN BHD,22-05-16,RM 21.50,retail,"LOT 1851-A & 1851-B, JALAN KPB 6, KAWASAN PERINDUSTRIAN BALAKONG, 43300 SERI KEMBANGAN, SELANGOR",SROIE,21.50,MYR,retail,
dataset/temp_sroie/image/X51006620191.jpg,BEST DENKI MALAYSIA,01/05/16,89.00,retail,"LOT LG 26, SUBANG PARADE NO.5, JALAN SS16/1 47500 SUBANG JAYA, SELANGOR",SROIE,89.00,MYR,retail,
dataset/temp_sroie/image/X51006620192.jpg,MONSIEUR ( M ) SDN. BHD.,01/05/2016,8.80,retail,"LOT S319A, 2ND FLOOR, 1 UTAMA SHOPPING CENTRE - PHASE 2 PERSIARAN BANDAR UTAMA, 47800 PETALING JAYA. MALAYSIA",SROIE,8.80,MYR,retail,
dataset/temp_sroie/image/X51006620414.jpg,EDEN IMPRESSION SDN BHD,20/10/2016,RM9.75,retail,"LOT NO : 20, LEVEL UG1, PUBLIKA SOLARIS DUTAMAS. NO 1, JALAN DUTAMAS, 50480 KL",SROIE,9.75,MYR,retail,
dataset/temp_sroie/image/X51006620437.jpg,99 SPEED MART S/B,20-09-16,14.20,retail,"LOT P.T. 33198, BATU 4 JALAN KAPAR, MUKIM KAPAR 42100 KLANG, SELANGOR 1558-TMN PUSAT KEPONG",SROIE,14.20,MYR,retail,
dataset/temp_sroie/image/X51006647932.jpg,UROKO JAPANESE CUISINE SDN BHD,14/05/2018,87.10,retail,"22A-1, JALAN 17/54, SECTION 17, 46400 PETALING JAYA, SELANGOR.",SROIE,87.10,MYR,retail,
dataset/temp_sroie/image/X51006647933.jpg,RESTORAN HOETIM,28/05/2018,RM83.00,retail,"1-G,JALAN OS 1/3,ONE SELAYANG OFF JALAN RAWANG 68100 B.CAVES",SROIE,83.00,MYR,retail,
dataset/temp_sroie/image/X51006647984.jpg,KECHARA VEGETARIAN RESTAURANT S/B,15/05/18,64.50,retail,"NO. 72A, JALAN UNIVERSITI, 46200, PETALING JAYA, SELANGOR.",SROIE,64.50,MYR,retail,
dataset/temp_sroie/image/X51006679216.jpg,FTOF NOODLE HOUSE,21/05/2018,RM31.60,retail,"NO.25, JALAN METRO PERDANA BARAT 2, TAMAN USAHAWAN KEPONG, KEPONG UTARA, 52100 KUALA LUMPUR.",SROIE,31.60,MYR,retail,
dataset/temp_sroie/image/X51006679222.jpg,EIGHT OUNCE COFFEE CO.,24-05-2018,39.90,retail,"F.K06, FIRST FLOOR, THE GARDENS MALL, MID VALLEY CITY, LINGKARAN SYED PUTRA, 59200 KUALA LUMPUR.",SROIE,39.90,MYR,retail,
dataset/temp_sroie/image/X51006713996.jpg,SKCA HARDWARE & TIMBER SDN. BHD.,01-NOV-2017,142.00,retail,"LOT 204 & 205, JALAN BATU 12 1/4, KG. DUSUN NANDING, 43100 HULU LANGAT, SELANGOR DARUL EHSAN.",SROIE,142.00,MYR,retail,
dataset/temp_sroie/image/X51006714065.jpg,ANN GIAP TRADING SDN BHD,30-09-2017,66.00,retail,"NO. 135, JALAN BANGI, 43500 SEMENYIH, SELANGOR",SROIE,66.00,MYR,retail,
dataset/temp_sroie/image/X51006733494.jpg,KEDAI UHAT DAN RUNCIT CHONG HWA,"OCT 3, 2016",RM33.90,retail,"3, JALAN PERDANA 5, TAMAN INDAH PERDANA, KEPONG, 52100 KL.",SROIE,33.90,MYR,retail,
dataset/temp_sroie/image/X51006733495.jpg,99 SPEED MART S/B,19-10-16,14.20,retail,"LOT P.T. 33198, BATU 4 JALAN KAPAR, MUKIM KAPAR 42100 KLANG, SELANGOR 1558-TMN PUSAT KEPONG",SROIE,14.20,MYR,retail,
dataset/temp_sroie/image/X51006828199.jpg,PU TIEN (M) SDN BHD,12/10/2017,RM36.96,retail,"LOT 2-25, SUNWAY VELOCITY MALL LINGKARAN SV, SUNWAY VELOCITY, 55100 KUALA LUMPUR",SROIE,36.96,MYR,retail,
dataset/temp_sroie/image/X51006828200.jpg,YHM MID VALLEY,15/12/2017,21.60,retail,"LOT T-015B, LEVEL 3, MID VALLEY CITY, LINGKARAN SYED PUTRA, 59200 KUALA LUMPUR MALAYSIA.",SROIE,21.60,MYR,retail,
dataset/temp_sroie/image/X51006828201.jpg,THE COFFEE BEAN & TEA LEAF (M) SDN. BHD.,15/12/2017,39.70,retail,"UNIT G047, GROUND FLOOR MID VALLEY MEGAMALL MID VALLEY CITY, LINGKARAN SYED PUT 59200 KUALA LUMPUR",SROIE,39.70,MYR,retail,
dataset/temp_sroie/image/X51006828217.jpg,99 SPEED MART S/B,14-08-17,14.40,retail,"LOT P.T. 2811, JALAN ANGSA, TAMAN BERKELEY 41150 KLANG, SELANGOR 1243-JLN PUDU ULU",SROIE,14.40,MYR,retail,
dataset/temp_sroie/image/X51006856981.jpg,GUARDIAN HEALTH AND BEAUTY SDN BHD,07/07/17,13.78,retail,"LOT B-005-006, BASEMENT LEVEL 1 THE STARLING MALL JALAN SS21/60, DAMANSARA UTAMA.",SROIE,13.78,MYR,retail,
dataset/temp_sroie/image/X51006856982.jpg,GUARDIAN HEALTH AND BEAUTY SDN BHD,16/08/17,108.21,retail,"LOT B-005-006, BASEMENT LEVEL 1 THE STARLING MALL JALAN SS21/60, DAMANSARA UTAMA.",SROIE,108.21,MYR,retail,
dataset/temp_sroie/image/X51006857071.jpg,K STATIONERY & OFFICE SUPPLIES,15/07/2017,148.00,retail,"NO.9, JALAN MANIS 3, TAMAN SEGAR CHERAS, 56100 KUALA LUMPUR.",SROIE,148.00,MYR,retail,
dataset/temp_sroie/image/X51006857126.jpg,SKL DAMANSARA ENTERPRISE,28/07/17,28.80,retail,"69G, JALAN SS21/60, DAMANSARA UTAMA, 47400 PETALING JAYA, SELANGOR.",SROIE,28.80,MYR,retail,
dataset/temp_sroie/image/X51006857132.jpg,AEON CO. (M) BHD,09/07/2017,23.80,retail,"3RD FLR, AEON TAMAN MALURI SC JLN JEJAKA, TAMAN MALURI CHERAS, 55100 KUALA LUMPUR",SROIE,23.80,MYR,retail,
dataset/temp_sroie/image/X51006857137.jpg,99 SPEED MART S/B,14-08-17,3.30,retail,"LOT P.T. 2811, JALAN ANGSA, TAMAN BERKELEY 41150 KLANG, SELANGOR 1056-UPTOWN",SROIE,3.30,MYR,retail,
dataset/temp_sroie/image/X51006857265.jpg,MPH BOOKSTORES SDN BHD,11/12/2017,31.45,retail,"LOT S319, 2ND FLOOR, 1 UTAMA SHOPPING CENTRE, NO1, LEBUH BANDAR UTAMA,47800 P.JAYA",SROIE,31.45,MYR,retail,
dataset/temp_sroie/image/X51006857540.jpg,BECON ENTERPRISE SDN BHD,13-11-2017,270.10,retail,"NO.41G, JLN SS21/60, DAMANSARA UTAMA, 47400 PJ, SELANGOR.",SROIE,270.10,MYR,retail,
dataset/temp_sroie/image/X51006857660.jpg,BECON STATIONER BECON ENTERPRISE SDN BHD,13-09-2017,247.55,retail,"NO.41G, JLN SS21/60, DAMANSARA UTAMA, 47400 PJ, SELANGOR.",SROIE,247.55,MYR,retail,
dataset/temp_sroie/image/X51006867435.jpg,GUARDIAN HEALTH AND BEAUTY SDN BHD,18/05/18,2.28,retail,NO 15 JALAN BANDAR RAWANG 10 BANDAR BARU RAWANG,SROIE,2.28,MYR,retail,
dataset/temp_sroie/image/X51006867436.jpg,GUARDIAN HEALTH AND BEAUTY SDN BHD,24/05/18,4.50,retail,NO 15 JALAN BANDAR RAWANG 10 BANDAR BARU RAWANG,SROIE,4.50,MYR,retail,
dataset/temp_sroie/image/X51006882603.jpg,ECO-SHOP MARKETING SDN BHD,26/02/2018,16.30,retail,"LOT F1-01, 6, JALAN 8/27A, SEKSYEN 5 WANGSA MAJU, 53300 KUALA LUMPUR, WILAYAH PERSEKUTUAN KUALA LUMPUR, MALAYSIA.",SROIE,16.30,MYR,retail,
dataset/temp_sroie/image/X51006912959.jpg,ROYALTEA,09/05/2018,10.90,retail,"NO. 23, JALAN SUTERA TANJUNG 8/3, TAMAN SUTERA UTAMA 81300 SKUDAI JOHOR,MALAYSIA.",SROIE,10.90,MYR,retail,
dataset/temp_sroie/image/X51006912960.jpg,DE MAXIMUM THAI EXPRESS SDN BHD,17/05/2018,30.70,retail,"BLK 2, UNIT G1 & G2, BESTARI TERRACE, LOT PTD 182908 & PTD 143216, JALAN DANGA, TAMAN NUSA BESTARI, 81300",SROIE,30.70,MYR,retail,
dataset/temp_sroie/image/X51006912972.jpg,UNIHAKKA INTERNATIONAL SDN BHD,15 MAY 2018,$8.20,retail,"12, JALAN TAMPOI 7/4,KAWASAN PERINDUSTRIAN TAMPOI,81200 JOHOR BAHRU,JOHOR",SROIE,8.20,MYR,retail,
dataset/temp_sroie/image/X51006912974.jpg,UNIHAKKA INTERNATIONAL SDN BHD,30 MAY 2018,$8.70,retail,"12, JALAN TAMPOI 7/4,KAWASAN PERINDUSTRIAN TAMPOI,81200 JOHOR BAHRU,JOHOR",SROIE,8.70,MYR,retail,
dataset/temp_sroie/image/X51006912976.jpg,THE TOAST F&B SDN BHD,19/05/2018,71.10,retail,"LOT 2110&2111 JALAN PERMAS UTARA BANDAR BARU PERMAS 81750,JOHOR BAHRU JOHOR",SROIE,71.10,MYR,retail,
dataset/temp_sroie/image/X51006912998.jpg,BHPETROL PERMAS JAYA 2,08-05-2018,RM 50.00,retail,"LOT PTD 101051 JALAN PERMAS 10/10 81750 MASAI, JOHOR",SROIE,50.00,MYR,retail,
dataset/temp_sroie/image/X51006913007.jpg,AEON CO. (M) BHD,27/05/2018,99.90,retail,"3RD FLR, AEON TAMAN MALURI SC JLN JEJAKA, TAMAN MALURI CHERAS, 55100 KUALA LUMPUR",SROIE,99.90,MYR,retail,
dataset/temp_sroie/image/X51006913018.jpg,AEON CO. (M) BHD,11/05/2018,458.55,retail,"3RD FLR, AEON TAMAN MALURI SC JLN JEJAKA, TAMAN MALURI CHERAS, 55100 KUALA LUMPUR",SROIE,458.55,MYR,retail,
dataset/temp_sroie/image/X51006913019.jpg,AEON CO. (M) BHD,11/05/2018,476.80,retail,"3RD FLR, AEON TAMAN MALURI SC JLN JEJAKA, TAMAN MALURI CHERAS, 55100 KUALA LUMPUR",SROIE,476.80,MYR,retail,
dataset/temp_sroie/image/X51006913023.jpg,UNIHAKKA INTERNATIONAL SDN BHD,16 MAY 2018,$8.20,retail,"12, JALAN TAMPOI 7/4,KAWASAN PERINDUSTRIAN TAMPOI,81200 JOHOR BAHRU,JOHOR",SROIE,8.20,MYR,retail,
dataset/temp_sroie/image/X51006913024.jpg,UNIHAKKA INTERNATIONAL SDN BHD,14 MAY 2018,$8.90,retail,"12, JALAN TAMPOI 7/4,KAWASAN PERINDUSTRIAN TAMPOI,81200 JOHOR BAHRU,JOHOR",SROIE,8.90,MYR,retail,
dataset/temp_sroie/image/X51006913028.jpg,UNIHAKKA INTERNATIONAL SDN BHD,07 MAY 2018,$8.70,retail,"12, JALAN TAMPOI 7/4,KAWASAN PERINDUSTRIAN TAMPOI,81200 JOHOR BAHRU,JOHOR",SROIE,8.70,MYR,retail,
dataset/temp_sroie/image/X51006913030.jpg,UNIHAKKA INTERNATIONAL SDN BHD,10 MAY 2018,$10.30,retail,"12, JALAN TAMPOI 7/4,KAWASAN PERINDUSTRIAN TAMPOI,81200 JOHOR BAHRU,JOHOR",SROIE,10.30,MYR,retail,
dataset/temp_sroie/image/X51006913031.jpg,UNIHAKKA INTERNATIONAL SDN BHD,09 MAY 2018,$6.60,retail,"12, JALAN TAMPOI 7/4,KAWASAN PERINDUSTRIAN TAMPOI,81200 JOHOR BAHRU,JOHOR",SROIE,6.60,MYR,retail,
dataset/temp_sroie/image/X51006913032.jpg,UNIHAKKA INTERNATIONAL SDN BHD,10 MAY 2018,$12.20,retail,"12, JALAN TAMPOI 7/4,KAWASAN PERINDUSTRIAN TAMPOI,81200 JOHOR BAHRU,JOHOR",SROIE,12.20,MYR,retail,
dataset/temp_sroie/image/X51006913051.jpg,THE TOAST F&B SDN BHD,11/05/2018,31.00,retail,LOT 2110&2111 JALAN PERMAS UTARA BANDAR BARU PERMAS 81750 JOHOR BAHRU JOHOR,SROIE,31.00,MYR,retail,
dataset/temp_sroie/image/X51006913054.jpg,DE LUXE CIRCLE FRESH MART SDN BHD,12/05/18,12.00,retail,"NO. 89&91, JALAN UTAMA, TAMAN MUTIA RINI, 81300 SKUDAI, JOHOR.",SROIE,12.00,MYR,retail,
dataset/temp_sroie/image/X51006913055.jpg,VERBENA CONFECTIONERY SDN BHD,12/05/2018,75.70,retail,"1, JALAN SUTERA TANJUNG 8/4, TMN SUTERA UTAMA, 81300 SKUDAI, JB.",SROIE,75.70,MYR,retail,
dataset/temp_sroie/image/X51006913059.jpg,UNIHAKKA INTERNATIONAL SDN BHD,22 MAY 2018,$11.40,retail,"12, JALAN TAMPOI 7/4,KAWASAN PERINDUSTRIAN TAMPOI,81200 JOHOR BAHRU,JOHOR",SROIE,11.40,MYR,retail,
dataset/temp_sroie/image/X51006913060.jpg,UNIHAKKA INTERNATIONAL SDN BHD,21 MAY 2018,$8.20,retail,"2, JALAN TAMPOI 7/4,KAWASAN PERINDUSTRIAN TAMPOI,81200 JOHOR BAHRU,JOHOR",SROIE,8.20,MYR,retail,
dataset/temp_sroie/image/X51006913061.jpg,UNIHAKKA INTERNATIONAL SDN BHD,23 MAY 2018,$9.20,retail,"12, JALAN TAMPOI 7/4,KAWASAN PERINDUSTRIAN TAMPOI,81200 JOHOR BAHRU,JOHOR",SROIE,9.20,MYR,retail,
dataset/temp_sroie/image/X51006913068.jpg,GERBANG ALAF RESTAURANTS SDN BHD,25/05/2018,11.10,retail,"LEVEL 6, BANGUNAN TH, DAMANSARA UPTOWN3 NO.3, JALAN SS21/39,47400 PETA ING JAYA SELANGOR",SROIE,11.10,MYR,retail,
dataset/temp_sroie/image/X51006913070.jpg,UNIHAKKA INTERNATIONAL SDN BHD,24 MAY 2018,$8.40,retail,"12, JALAN TAMPOI 7/4,KAWASAN PERINDUSTRIAN TAMPOI,81200 JOHOR BAHRU,JOHOR",SROIE,8.40,MYR,retail,
dataset/temp_sroie/image/X51006913073.jpg,UNIHAKKA INTERNATIONAL SDN BHD,27 MAY 2018,$10.70,retail,"12, JALAN TAMPOI 7/4,KAWASAN PERINDUSTRIAN TAMPOI,81200 JOHOR BAHRU,JOHOR",SROIE,10.70,MYR,retail,
dataset/temp_sroie/image/X51006913074.jpg,DOMINO'S PIZZA TAMAN UNIVERSITI,08/05/18,6.70,retail,"30, JLN KEBUDAYAAN 7, TMN UNIVERSITI 81300 SKUDAI, JOHOR",SROIE,6.70,MYR,retail,
dataset/temp_sroie/image/X51007103578.jpg,MR. D.I.Y. (M) SDN BHD,06-04-18,RM 31.20,retail,"LOT 1851-A & 1851-B, JALAN KPB 6, KAWASAN PERINDUSTRIAN BALAKONG, 43300 SERI KEMBANGAN, SELANGOR",SROIE,31.20,MYR,retail,
dataset/temp_sroie/image/X51007103597.jpg,GOLDEN KEY MAKER,11-APR-2018,10.00,retail,"NO 5, JALAN KENARI 2, BANDAR PUCHONG JAYA, 47100 PUCHONG, SELANGOR",SROIE,10.00,MYR,retail,
dataset/temp_sroie/image/X51007103599.jpg,MR. D.I.Y. (M) SDN BHD,11-04-18,RM 9.00,retail,"LOT 1851-A & 1851-B, JALAN KPB 6, KAWASAN PERINDUSTRIAN BALAKONG, 43300 SERI KEMBANGAN, SELANGOR",SROIE,9.00,MYR,retail,
dataset/temp_sroie/image/X51007103610.jpg,MR. D.I.Y. (M) SDN BHD,14-04-18,RM 5.00,retail,"LOT 1851-A & 1851-B, JALAN KPB 6, KAWASAN PERINDUSTRIAN BALAKONG, 43300 SERI KEMBANGAN, SELANGOR",SROIE,5.00,MYR,retail,
dataset/temp_sroie/image/X51007103639.jpg,MR. D.I.Y. (M) SDN BHD,19-04-18,RM 15.40,retail,"LOT 1851-A & 1851-B, JALAN KPB 6, KAWASAN PERINDUSTRIAN BALAKONG, 43300 SERI KEMBANGAN, SELANGOR",SROIE,15.40,MYR,retail,
dataset/temp_sroie/image/X51007103641.jpg,MR. D.I.Y. (M) SDN BHD,19-04-18,RM 34.80,retail,"LOT 1851-A & 1851-B, JALAN KPB 6, KAWASAN PERINDUSTRIAN BALAKONG, 43300 SERI KEMBANGAN, SELANGOR",SROIE,34.80,MYR,retail,
dataset/temp_sroie/image/X51007103643.jpg,MR. D.I.Y. (M) SDN BHD,19-04-18,RM 34.80,retail,"LOT 1851-A & 1851-B, JALAN KPB 6, KAWASAN PERINDUSTRIAN BALAKONG, 43300 SERI KEMBANGAN, SELANGOR",SROIE,34.80,MYR,retail,
dataset/temp_sroie/image/X51007103649.jpg,MR. D.I.Y. (M) SDN BHD,21-04-18,RM 48.90,retail,"LOT 1851-A & 1851-B, JALAN KPB 6, KAWASAN PERINDUSTRIAN BALAKONG, 43300 SERI KEMBANGAN, SELANGOR",SROIE,48.90,MYR,retail,
dataset/temp_sroie/image/X51007103668.jpg,MR. D.I.Y. (M) SDN BHD,22-04-18,RM 27.20,retail,"LOT 1851-A & 1851-B, JALAN KPB 6, KAWASAN PERINDUSTRIAN BALAKONG, 43300 SERI KEMBANGAN, SELANGOR",SROIE,27.20,MYR,retail,
dataset/temp_sroie/image/X51007103675.jpg,MR. D.I.Y. (M) SDN BHD,25-04-18,48.10,retail,"LOT 1851-A & 1851-B, JALAN KPB 6, KAWASAN PERINDUSTRIAN BALAKONG, 43300 SERI KEMBANGAN, SELANGOR",SROIE,48.10,MYR,retail,
dataset/temp_sroie/image/X51007103681.jpg,MR. D.I.Y. (M) SDN BHD,26-04-18,2.10,retail,"LOT 1851-A & 1851-B, JALAN KPB 6, KAWASAN PERINDUSTRIAN BALAKONG, 43300 SERI KEMBANGAN, SELANGOR",SROIE,2.10,MYR,retail,
dataset/temp_sroie/image/X51007103687.jpg,MR. D.I.Y. (M) SDN BHD,27-04-18,1.90,retail,"LOT 1851-A & 1851-B, JALAN KPB 6, KAWASAN PERINDUSTRIAN BALAKONG, 43300 SERI KEMBANGAN, SELANGOR",SROIE,1.90,MYR,retail,
dataset/temp_sroie/image/X51007103688.jpg,MR. D.I.Y. (M) SDN BHD,27-04-18,38.00,retail,"LOT 1851-A & 1851-B, JALAN KPB 6, KAWASAN PERINDUSTRIAN BALAKONG, 43300 SERI KEMBANGAN, SELANGOR",SROIE,38.00,MYR,retail,
dataset/temp_sroie/image/X51007103691.jpg,AEON CO. (M) BHD,28/04/2018,26.10,retail,"3RD FLR, AEON TAMAN MALURI SC JLN JEJAKA, TAMAN MALURI CHERAS, 55100 KUALA LUMPUR",SROIE,26.10,MYR,retail,
dataset/temp_sroie/image/X51007103692.jpg,MR. D.I.Y. (M) SDN BHD,28-04-18,53.20,retail,"LOT 1851-A & 1851-B, JALAN KPB 6, KAWASAN PERINDUSTRIAN BALAKONG, 43300 SERI KEMBANGAN, SELANGOR",SROIE,53.20,MYR,retail,
dataset/temp_sroie/image/X51007103702.jpg,MR. D.I.Y. (M) SDN BHD,30-04-18,5.00,retail,"LOT 1851-A & 1851-B, JALAN KPB 6, KAWASAN PERINDUSTRIAN BALAKONG, 43300 SERI KEMBANGAN, SELANGOR",SROIE,5.00,MYR,retail,
dataset/temp_sroie/image/X51007135037.jpg,S&Y STATIONERY,05-JAN-2017,72.00,retail,"NO. 36G JALAN BULAN BM U5/BM, BANDAR PINGGIRAN SUBANG, SEKSYEN U5, 40150 SHAH ALAM, SELANGOR.",SROIE,72.00,MYR,retail,
dataset/temp_sroie/image/X51007135247.jpg,99 SPEED MART S/B,07-02-17,37.45,retail,"LOT P.T. 2811, JALAN ANGSA, TAMAN BERKELEY 41150 KLANG, SELANGOR",SROIE,37.45,MYR,retail,
dataset/temp_sroie/image/X51007225398.jpg,ENW HARDWARE CENTRE (M) SDN. BHD.,13/04/2018,27.00,retail,"NO: G3, BLK G, JLN PJU 1A/3, ARA DAMANSARA, 47301 PETALING JAYA, SELANGOR DARUL EHSAN.",SROIE,27.00,MYR,retail,
dataset/temp_sroie/image/X51007225399.jpg,ENW HARDWARE CENTRE (M) SDN. BHD.,14/04/2018,156.00,retail,"NO: G3, BLK G, JLN PJU 1A/3, ARA DAMANSARA, 47301 PETALING JAYA, SELANGOR DARUL EHSAN.",SROIE,156.00,MYR,retail,
dataset/temp_sroie/image/X51007225406.jpg,UNIPHARM PHARMACY,05/APR/2018,24.90,retail,"B12, JALAN SS 15/4D, 47500 SUBANG JAYA,",SROIE,24.90,MYR,retail,
dataset/temp_sroie/image/X51007225417.jpg,ENW HARDWARE CENTRE (M) SDN. BHD.,09/04/2018,51.00,retail,"NO: G3, BLK G, JLN PJU 1A/3, ARA DAMANSARA, 47301 PETALING JAYA, SELANGOR DARUL EHSAN.",SROIE,51.00,MYR,retail,
dataset/temp_sroie/image/X51007225442.jpg,MR. D.I.Y. (M) SDN BHD,27-04-18,23.00,retail,"LOT 1851-A & 1851-B, JALAN KPB 6, KAWASAN PERINDUSTRIAN BALAKONG, 43300 SERI KEMBANGAN, SELANGOR",SROIE,23.00,MYR,retail,
dataset/temp_sroie/image/X51007228448.jpg,KFA SUPPLY,27/05/2018,11.60,retail,125A TINGKAT BAWAH PT 1961 JALAN MALINJA SITE B 45400 SEKINCHAN SELANGOR,SROIE,11.60,MYR,retail,
dataset/temp_sroie/image/X51007231274.jpg,UNIHAKKA INTERNATIONAL SDN BHD,06 MAY 2018,$7.30,retail,"12, JALAN TAMPOI 7/4,KAWASAN PERINDUSTRIAN TAMPOI,81200 JOHOR BAHRU,JOHOR",SROIE,7.30,MYR,retail,
dataset/temp_sroie/image/X51007231275.jpg,UNIHAKKA INTERNATIONAL SDN BHD,12 MAY 2018,$6.60,retail,"12, JALAN TAMPOI 7/4,KAWASAN PERINDUSTRIAN TAMPOI,81200 JOHOR BAHRU,JOHOR",SROIE,6.60,MYR,retail,
dataset/temp_sroie/image/X51007231276.jpg,UNIHAKKA INTERNATIONAL SDN BHD,02 MAY 2018,$8.20,retail,"12, JALAN TAMPOI 7/4,KAWASAN PERINDUSTRIAN TAMPOI,81200 JOHOR BAHRU,JOHOR",SROIE,8.20,MYR,retail,
dataset/temp_sroie/image/X51007231331.jpg,UNIHAKKA INTERNATIONAL SDN BHD,11 MAY 2018,$7.80,retail,"12, JALAN TAMPOI 7/4,KAWASAN PERINDUSTRIAN TAMPOI,81200 JOHOR BAHRU,JOHOR",SROIE,7.80,MYR,retail,
dataset/temp_sroie/image/X51007231336.jpg,UNIHAKKA INTERNATIONAL SDN BHD,13 MAY 2018,$8.70,retail,"12, JALAN TAMPOI 7/4,KAWASAN PERINDUSTRIAN TAMPOI,81200 JOHOR BAHRU,JOHOR",SROIE,8.70,MYR,retail,
dataset/temp_sroie/image/X51007231338.jpg,DIMILIKI OLEH T PLUS F&B SDN. BHD.,11/05/2018,9.45,retail,"PARADIGM MALL LOT NO.: 4F-27 & 4FK-38, 4TH FLOOR",SROIE,9.45,MYR,retail,
dataset/temp_sroie/image/X51007231341.jpg,UNIHAKKA INTERNATIONAL SDN BHD,03 MAY 2018,$8.20,retail,"12, JALAN TAMPOI 7/4,KAWASAN PERINDUSTRIAN TAMPOI,81200 JOHOR BAHRU,JOHOR",SROIE,8.20,MYR,retail,
dataset/temp_sroie/image/X51007231343.jpg,UNIHAKKA INTERNATIONAL SDN BHD,04 MAY 2018,$6.60,retail,"12, JALAN TAMPOI 7/4,KAWASAN PERINDUSTRIAN TAMPOI,81200 JOHOR BAHRU,JOHOR",SROIE,6.60,MYR,retail,
dataset/temp_sroie/image/X51007231344.jpg,UNIHAKKA INTERNATIONAL SDN BHD,05 MAY 2018,$11.20,retail,"12, JALAN TAMPOI 7/4,KAWASAN PERINDUSTRIAN TAMPOI,81200 JOHOR BAHRU,JOHOR",SROIE,11.20,MYR,retail,
dataset/temp_sroie/image/X51007231346.jpg,DE JELITA STESEN MINYAK,02/05/18,60.00,retail,"JLN PERMAS 9/5, BDR PERMAS JAYA 81750, JOHOR BAHRU",SROIE,60.00,MYR,retail,
dataset/temp_sroie/image/X51007231361.jpg,DIMILIKI OLEH : DOVE HOLDINGS SDN BHD,26/05/2018,164.80,retail,"LOT S25, AEON TEBRAU CITY JUSCO NO 1, JLN DESA TEBRAU, TMN DESA TEBRAU, 81100 JOHOR BAHRU, JOHOR",SROIE,164.80,MYR,retail,
dataset/temp_sroie/image/X51007231364.jpg,GERBANG ALAF RESTAURANTS SDN BHD,26/05/2018,32.25,retail,"LEVEL 6, BANGUNAN TH, DAMANSARA UPTOWN3 NO.3, JALAN SS21/39,47400 PETALING JAYA SELANGOR",SROIE,32.25,MYR,retail,
dataset/temp_sroie/image/X51007231365.jpg,OLD TOWN KOPITIAM SDN BHD,05 MAY 18,28.50,retail,"NO,35, JALAN KEBUDAYAAN 8, TAMAN UNIVERSITY,81300 SKUDAI, JOHOR",SROIE,28.50,MYR,retail,
dataset/temp_sroie/image/X51007231370.jpg,THE MARCO POLO KITCH BUKIT INDAH,06/05/2018,15.15,retail,"NO 35,JALAN INDAH 15/2,BUKIT INDAH 81200 JOHOR BAHRU,JOHOR",SROIE,15.15,MYR,retail,
dataset/temp_sroie/image/X51007231372.jpg,GLOBAL FOOD EMPIRE SDN BHD,2018-05-01,38.35,retail,"NO. 27, JALAN AUSTIN HEIGHT 8/4, TAMAN MOUNT AUSTIN, 81100 JOHOR BAHRU.",SROIE,38.35,MYR,retail,
dataset/temp_sroie/image/X51007231374.jpg,WARAKUYA PERMAS CITY SDN BHD,07/05/2018,24.40,retail,"JALAN PERMAS UTARA 1, PERMAS JAYA 81750 MASAI JOHOR",SROIE,24.40,MYR,retail,
dataset/temp_sroie/image/X51007262315.jpg,GERBANG ALAF RESTAURANTS SDN BHD,21/05/2018,70.30,retail,"LEVEL 6, BANGUNAN TH, DAMANSARA UPTOWN3 NO.3, JALAN SS21/39,47400 PETALING JAYA SELANGOR",SROIE,70.30,MYR,retail,
dataset/temp_sroie/image/X51007262328.jpg,FARMASI LIGAMAS,20/05/2018,25.00,retail,"NO. 47, JALAN MERANTI 1A, BANDAR BARU UTAMA, 44300 BATANG KALI, SELANGOR.",SROIE,25.00,MYR,retail,
dataset/temp_sroie/image/X51007262330.jpg,SWC ENTERPRISE SDN BHD,23/03/2018,41.20,retail,"5-7, JALAN MAHAGONI 7/1 SEKSYEN 4, BANDAR UTAMA, 44300 BATANG KALI, SELANGOR",SROIE,41.20,MYR,retail,
dataset/temp_sroie/image/X51007339094.jpg,SANYU STATIONERY SHOP,22/05/2017,35.00,retail,"NO. 31G&33G, JALAN SETIA INDAH X ,U13/X 40170 SETIA ALAM",SROIE,35.00,MYR,retail,
dataset/temp_sroie/image/X51007339095.jpg,SANYU STATIONERY SHOP,05/09/2017,14.90,retail,"NO. 31G&33G, JALAN SETIA INDAH X ,U13/X 40170 SETIA ALAM",SROIE,14.90,MYR,retail,
dataset/temp_sroie/image/X51007339097.jpg,SANYU STATIONERY SHOP,10/04/2017,8.70,retail,"NO. 31G&33G, JALAN SETIA INDAH X ,U13/X 40170 SETIA ALAM",SROIE,8.70,MYR,retail,
dataset/temp_sroie/image/X51007339098.jpg,SANYU STATIONERY SHOP,18/04/2017,8.70,retail,"NO. 31G&33G, JALAN SETIA INDAH X ,U13/X 40170 SETIA ALAM",SROIE,8.70,MYR,retail,
dataset/temp_sroie/image/X51007339100.jpg,SANYU STATIONERY SHOP,18/04/2017,3.00,retail,"NO. 31G&33G, JALAN SETIA INDAH X ,U13/X 40170 SETIA ALAM",SROIE,3.00,MYR,retail,
dataset/temp_sroie/image/X51007339105.jpg,SANYU STATIONERY SHOP,05/04/2017,3.30,retail,"NO. 31G&33G, JALAN SETIA INDAH X ,U13/X 40170 SETIA ALAM",SROIE,3.30,MYR,retail,
dataset/temp_sroie/image/X51007339106.jpg,SANYU STATIONERY SHOP,07/05/2017,43.7,retail,"NO. 31G&33G, JALAN SETIA INDAH X ,U13/X 40170 SETIA ALAM",SROIE,43.70,MYR,retail,
dataset/temp_sroie/image/X51007339107.jpg,SANYU STATIONERY SHOP,04/04/2017,14.90,retail,"NO. 31G&33G, JALAN SETIA INDAH X ,U13/X 40170 SETIA ALAM",SROIE,14.90,MYR,retail,
dataset/temp_sroie/image/X51007339109.jpg,SANYU STATIONERY SHOP,27/03/2017,8.70,retail,"NO. 31G&33G, JALAN SETIA INDAH X ,U13/X 40170 SETIA ALAM",SROIE,8.70,MYR,retail,
dataset/temp_sroie/image/X51007339110.jpg,SANYU STATIONERY SHOP,05/07/2017,2.00,retail,"NO. 31G&33G, JALAN SETIA INDAH X ,U13/X 40170 SETIA ALAM",SROIE,2.00,MYR,retail,
dataset/temp_sroie/image/X51007339111.jpg,SANYU STATIONERY SHOP,12/08/2017,3.00,retail,"NO. 31G&33G, JALAN SETIA INDAH X ,U13/X 40170 SETIA ALAM",SROIE,3.00,MYR,retail,
dataset/temp_sroie/image/X51007339112.jpg,SANYU STATIONERY SHOP,24/05/2017,5.80,retail,"NO. 31G&33G, JALAN SETIA INDAH X ,U13/X 40170 SETIA ALAM",SROIE,5.80,MYR,retail,
dataset/temp_sroie/image/X51007339113.jpg,SANYU STATIONERY SHOP,24/07/2017,5.80,retail,"NO. 31G&33G, JALAN SETIA INDAH X ,U13/X 40170 SETIA ALAM",SROIE,5.80,MYR,retail,
dataset/temp_sroie/image/X51007339114.jpg,SANYU STATIONERY SHOP,14/12/2017,36.00,retail,"NO. 31G&33G, JALAN SETIA INDAH X ,U13/X 40170 SETIA ALAM",SROIE,36.00,MYR,retail,
dataset/temp_sroie/image/X51007339115.jpg,SANYU STATIONERY SHOP,31/10/2017,3.90,retail,"NO. 31G&33G, JALAN SETIA INDAH X ,U13/X 40170 SETIA ALAM",SROIE,3.90,MYR,retail,
dataset/temp_sroie/image/X51007339116.jpg,SANYU STATIONERY SHOP,28/10/2017,21.90,retail,"NO. 31G&33G, JALAN SETIA INDAH X ,U13/X 40170 SETIA ALAM",SROIE,21.90,MYR,retail,
dataset/temp_sroie/image/X51007339117.jpg,SANYU STATIONERY SHOP,01/11/2017,33.50,retail,"NO. 31G&33G, JALAN SETIA INDAH X ,U13/X 40170 SETIA ALAM",SROIE,33.50,MYR,retail,
dataset/temp_sroie/image/X51007339118.jpg,SANYU STATIONERY SHOP,07/11/2017,2.00,retail,"NO. 31G&33G, JALAN SETIA INDAH X ,U13/X 40170 SETIA ALAM",SROIE,2.00,MYR,retail,
dataset/temp_sroie/image/X51007339119.jpg,SANYU STATIONERY SHOP,17/11/2017,2.00,retail,"NO. 31G&33G, JALAN SETIA INDAH X ,U13/X 40170 SETIA ALAM",SROIE,2.00,MYR,retail,
dataset/temp_sroie/image/X51007339120.jpg,SANYU STATIONERY SHOP,18/11/2017,9.30,retail,"NO. 31G&33G, JALAN SETIA INDAH X ,U13/X 40170 SETIA ALAM",SROIE,9.30,MYR,retail,
dataset/temp_sroie/image/X51007339121.jpg,SANYU STATIONERY SHOP,12/09/2017,8.70,retail,"NO. 31G&33G, JALAN SETIA INDAH X ,U13/X 40170 SETIA ALAM",SROIE,8.70,MYR,retail,
dataset/temp_sroie/image/X51007339122.jpg,SANYU STATIONERY SHOP,14/10/2017,8.70,retail,"NO. 31G&33G, JALAN SETIA INDAH X ,U13/X 40170 SETIA ALAM",SROIE,8.70,MYR,retail,
dataset/temp_sroie/image/X51007339125.jpg,SANYU STATIONERY SHOP,24/09/2017,8.70,retail,"NO. 31G&33G, JALAN SETIA INDAH X ,U13/X 40170 SETIA ALAM",SROIE,8.70,MYR,retail,
dataset/temp_sroie/image/X51007339126.jpg,SANYU STATIONERY SHOP,20/09/2017,12.00,retail,"NO. 31G&33G, JALAN SETIA INDAH X ,U13/X 40170 SETIA ALAM",SROIE,12.00,MYR,retail,
dataset/temp_sroie/image/X51007339127.jpg,SANYU STATIONERY SHOP,24/10/2017,3.00,retail,"NO. 31G&33G, JALAN SETIA INDAH X ,U13/X 40170 SETIA ALAM",SROIE,3.00,MYR,retail,
dataset/temp_sroie/image/X51007339130.jpg,SANYU STATIONERY SHOP,20/10/2017,8.70,retail,"NO. 31G&33G, JALAN SETIA INDAH X ,U13/X 40170 SETIA ALAM",SROIE,8.70,MYR,retail,
dataset/temp_sroie/image/X51007339131.jpg,SANYU STATIONERY SHOP,18/09/2017,12.40,retail,"NO. 31G&33G, JALAN SETIA INDAH X ,U13/X 40170 SETIA ALAM",SROIE,12.40,MYR,retail,
dataset/temp_sroie/image/X51007339132.jpg,SANYU STATIONERY SHOP,06/09/2017,8.70,retail,"NO. 31G&33G, JALAN SETIA INDAH X ,U13/X 40170 SETIA ALAM",SROIE,8.70,MYR,retail,
dataset/temp_sroie/image/X51007339133.jpg,SANYU STATIONERY SHOP,27/10/2017,8.70,retail,"NO. 31G&33G, JALAN SETIA INDAH X ,U13/X 40170 SETIA ALAM",SROIE,8.70,MYR,retail,
dataset/temp_sroie/image/X51007339134.jpg,SANYU STATIONERY SHOP,06/10/2017,8.70,retail,"NO. 31G&33G, JALAN SETIA INDAH X ,U13/X 40170 SETIA ALAM",SROIE,8.70,MYR,retail,
dataset/temp_sroie/image/X51007339135.jpg,SANYU STATIONERY SHOP,06/11/2017,8.70,retail,"NO. 31G&33G, JALAN SETIA INDAH X ,U13/X 40170 SETIA ALAM",SROIE,8.70,MYR,retail,
dataset/temp_sroie/image/X51007339136.jpg,SANYU STATIONERY SHOP,28/12/2017,46.90,retail,"NO. 31G&33G, JALAN SETIA INDAH X ,U13/X 40170 SETIA ALAM",SROIE,46.90,MYR,retail,
dataset/temp_sroie/image/X51007339139.jpg,SANYU STATIONERY SHOP,21/03/2017,10.00,retail,"NO. 31G&33G, JALAN SETIA INDAH X ,U13/X 40170 SETIA ALAM",SROIE,10.00,MYR,retail,
dataset/temp_sroie/image/X51007339146.jpg,SANYU STATIONERY SHOP,28/03/2017,16.50,retail,"NO. 31G&33G, JALAN SETIA INDAH X ,U13/X 40170 SETIA ALAM",SROIE,16.50,MYR,retail,
dataset/temp_sroie/image/X51007339150.jpg,SANYU STATIONERY SHOP,18/07/2017,35.00,retail,"NO. 31G&33G, JALAN SETIA INDAH X ,U13/X 40170 SETIA ALAM",SROIE,35.00,MYR,retail,
dataset/temp_sroie/image/X51007339151.jpg,SANYU STATIONERY SHOP,15/07/2017,8.70,retail,"NO. 31G&33G, JALAN SETIA INDAH X ,U13/X 40170 SETIA ALAM",SROIE,8.70,MYR,retail,
dataset/temp_sroie/image/X51007339152.jpg,SANYU STATIONERY SHOP,06/07/2017,4.50,retail,"NO. 31G&33G, JALAN SETIA INDAH X ,U13/X 40170 SETIA ALAM",SROIE,4.50,MYR,retail,
dataset/temp_sroie/image/X51007339156.jpg,SANYU STATIONERY SHOP,08/07/2017,8.70,retail,"NO. 31G&33G, JALAN SETIA INDAH X ,U13/X 40170 SETIA ALAM",SROIE,8.70,MYR,retail,
dataset/temp_sroie/image/X51007339157.jpg,SANYU STATIONERY SHOP,19/07/2017,5.00,retail,"NO. 31G&33G, JALAN SETIA INDAH X ,U13/X 40170 SETIA ALAM",SROIE,5.00,MYR,retail,
dataset/temp_sroie/image/X51007339158.jpg,SANYU STATIONERY SHOP,19/07/2017,5.00,retail,"NO. 31G&33G, JALAN SETIA INDAH X ,U13/X 40170 SETIA ALAM",SROIE,5.00,MYR,retail,
dataset/temp_sroie/image/X51007339159.jpg,SANYU STATIONERY SHOP,16/12/2017,8.70,retail,"NO. 31G&33G, JALAN SETIA INDAH X ,U13/X 40170 SETIA ALAM",SROIE,8.70,MYR,retail,
dataset/temp_sroie/image/X51007339160.jpg,SANYU STATIONERY SHOP,21/12/2017,3.90,retail,"NO. 31G&33G, JALAN SETIA INDAH X ,U13/X 40170 SETIA ALAM",SROIE,3.90,MYR,retail,
dataset/temp_sroie/image/X51007339161.jpg,SANYU STATIONERY SHOP,29/11/2017,2.30,retail,"NO. 31G&33G, JALAN SETIA INDAH X ,U13/X 40170 SETIA ALAM",SROIE,2.30,MYR,retail,
dataset/temp_sroie/image/X51007339162.jpg,SANYU STATIONERY SHOP,02/12/2017,8.70,retail,"NO. 31G&33G, JALAN SETIA INDAH X ,U13/X 40170 SETIA ALAM",SROIE,8.70,MYR,retail,
dataset/temp_sroie/image/X51007339163.jpg,SANYU STATIONERY SHOP,23/11/2017,10.90,retail,"NO. 31G&33G, JALAN SETIA INDAH X ,U13/X 40170 SETIA ALAM",SROIE,10.90,MYR,retail,
dataset/temp_sroie/image/X51007339164.jpg,SANYU STATIONERY SHOP,26/11/2017,9.30,retail,"NO. 31G&33G, JALAN SETIA INDAH X ,U13/X 40170 SETIA ALAM",SROIE,9.30,MYR,retail,
dataset/temp_sroie/image/X51007339165.jpg,SANYU STATIONERY SHOP,29/11/2017,33.60,retail,"NO. 31G&33G, JALAN SETIA INDAH X ,U13/X 40170 SETIA ALAM",SROIE,33.60,MYR,retail,
dataset/temp_sroie/image/X51007339166.jpg,SANYU STATIONERY SHOP,04/12/2017,3.90,retail,"NO. 31G&33G, JALAN SETIA INDAH X ,U13/X 40170 SETIA ALAM",SROIE,3.90,MYR,retail,
dataset/temp_sroie/image/X51007339167.jpg,SANYU STATIONERY SHOP,11/12/2017,7.00,retail,"NO. 31G&33G, JALAN SETIA INDAH X ,U13/X 40170 SETIA ALAM",SROIE,7.00,MYR,retail,
dataset/temp_sroie/image/X51007339638.jpg,AIK HUAT HARDWARE ENTERPRISE (SETIA ALAM) SDN BHD,22/09/2017,28.00,retail,"NO. 17-G, JALAN SETIA INDAH (X) U13/X, SETIA ALAM, SEKSYEN U13, 40170 SHAH ALAM,",SROIE,28.00,MYR,retail,
dataset/temp_sroie/image/X51007339639.jpg,AIK HUAT HARDWARE ENTERPRISE (SETIA ALAM) SDN BHD,13/07/2017,4.00,retail,"NO. 17-G, JALAN SETIA INDAH (X) U13/X, SETIA ALAM, SEKSYEN U13, 40170 SHAH ALAM,",SROIE,4.00,MYR,retail,
dataset/temp_sroie/image/X51007339642.jpg,AIK HUAT HARDWARE ENTERPRISE (SETIA ALAM) SDN BHD,28/09/2017,14.00,retail,"NO. 17-G, JALAN SETIA INDAH (X) U13/X, SETIA ALAM, SEKSYEN U13, 40170 SHAH ALAM,",SROIE,14.00,MYR,retail,
dataset/temp_sroie/image/X51007339643.jpg,AIK HUAT HARDWARE ENTERPRISE (SETIA ALAM) SDN BHD,30/03/2017,6.00,retail,"NO. 17-G, JALAN SETIA INDAH (X) U13/X, SETIA ALAM, SEKSYEN U13, 40170 SHAH ALAM,",SROIE,6.00,MYR,retail,
dataset/temp_sroie/image/X51007339647.jpg,AIK HUAT HARDWARE ENTERPRISE (SETIA ALAM) SDN BHD,15/11/2017,16.00,retail,"NO. 17-G, JALAN SETIA INDAH (X) U13/X, SETIA ALAM, SEKSYEN U13, 40170 SHAH ALAM,",SROIE,16.00,MYR,retail,
dataset/temp_sroie/image/X51007339648.jpg,AIK HUAT HARDWARE ENTERPRISE (SETIA ALAM) SDN BHD,12/09/2017,30.00,retail,"NO. 17-G, JALAN SETIA INDAH (X) U13/X, SETIA ALAM, SEKSYEN U13, 40170 SHAH ALAM,",SROIE,30.00,MYR,retail,
dataset/temp_sroie/image/X51007339650.jpg,AIK HUAT HARDWARE ENTERPRISE (SETIA ALAM) SDN BHD,13/12/2017,24.00,retail,"NO. 17-G, JALAN SETIA INDAH (X) U13/X, SETIA ALAM, SEKSYEN U13, 40170 SHAH ALAM,",SROIE,24.00,MYR,retail,
dataset/temp_sroie/image/X51007339651.jpg,AIK HUAT HARDWARE ENTERPRISE (SETIA ALAM) SDN BHD,29/12/2017,7.00,retail,"NO. 17-G, JALAN SETIA INDAH (X) U13/X, SETIA ALAM, SEKSYEN U13, 40170 SHAH ALAM,",SROIE,7.00,MYR,retail,
dataset/temp_sroie/image/X51007339653.jpg,AIK HUAT HARDWARE ENTERPRISE (SETIA ALAM) SDN BHD,15/09/2017,24.00,retail,"NO. 17-G, JALAN SETIA INDAH (X) U13/X, SETIA ALAM, SEKSYEN U13, 40170 SHAH ALAM,",SROIE,24.00,MYR,retail,
dataset/temp_sroie/image/X51007339656.jpg,AIK HUAT HARDWARE ENTERPRISE (SETIA ALAM) SDN BHD,10/05/2017,16.00,retail,"NO. 17-G, JALAN SETIA INDAH (X) U13/X, SETIA ALAM, SEKSYEN U13, 40170 SHAH ALAM,",SROIE,16.00,MYR,retail,
dataset/temp_sroie/image/X51007339657.jpg,AIK HUAT HARDWARE ENTERPRISE (SETIA ALAM) SDN BHD,25/12/2017,2.50,retail,"NO. 17-G, JALAN SETIA INDAH (X) U13/X, SETIA ALAM, SEKSYEN U13, 40170 SHAH ALAM,",SROIE,2.50,MYR,retail,
dataset/temp_sroie/image/X51007339658.jpg,AIK HUAT HARDWARE ENTERPRISE (SETIA ALAM) SDN BHD,04/09/2017,28.00,retail,"NO. 17-G, JALAN SETIA INDAH (X) U13/X, SETIA ALAM, SEKSYEN U13, 40170 SHAH ALAM,",SROIE,28.00,MYR,retail,
dataset/temp_sroie/image/X51007391372.jpg,FY EAGLE ENTERPRISE,24/05/2018,52.00,retail,"NO. 42, JALAN PBS 14/11, TAMAN PERINDUSTRIAN BUKIT SERDANG, 43300 SERI KEMBANGAN, SELANGOR",SROIE,52.00,MYR,retail,
dataset/temp_sroie/image/X51007391390.jpg,SUPER NINETY NINE SDN.BHD.,31/05/2018,3.00,retail,"NO.3343, GROUND FLOOR, JALAN 18/32, TAMAN SRI SERDANG, 43300 SERI KEMBANGAN,",SROIE,3.00,MYR,retail,
dataset/temp_sroie/image/X51007419197.jpg,MYNEWS RETAIL SB,28/06/2018,6.00,retail,"UNIT 105, BLOCK A,PUSAT DAGANGAN PHILEO DAMANSARA, NO.9, JALAN 16/11,,46350,PETALING JAYA,SELANGOR",SROIE,6.00,MYR,retail,
dataset/temp_sroie/image/X51007433809.jpg,SYARIKAT KAM LAI SEONG SDN BHD,08-03-2018,190.00,retail,"NO. 1442, JALAN SK 11/5, SERI KEMBANGAN 43300 SELANGOR",SROIE,190.00,MYR,retail,
dataset/temp_sroie/image/X51007579714.jpg,PELITA SAMUDRA PERTAMA (M) SDN BHD.,03/06/2018,61.70,retail,"NO.2-1,JALAN KAMARUDDIN ISA 31400 IPOH,PERAK DARUL RIDZUAN",SROIE,61.70,MYR,retail,
dataset/temp_sroie/image/X51007579719.jpg,SOUP & PORRIDGE,05-06-2018,20.70,retail,"LOT S10NB & S12NB, RESTORAN JEJANTAS SG. BULOH, ARAH UTARA, PLUS BERHAD.",SROIE,20.70,MYR,retail,
dataset/temp_sroie/image/X51007579725.jpg,THONG RECIPE,27/06/18,58.70,retail,"16G BLOCK B ,ZENITH CORPORATE PARK JALAN SS7/26, 47301 PETALING JAYA SELANGOR",SROIE,58.70,MYR,retail,
dataset/temp_sroie/image/X51007579726.jpg,RAPID RAIL SDN BHD,18/06/2018,RM 30.00,retail,"NO.1 JALAN PJU 1A/46, OFF JALAN LAPANGAN TERBANG SUBANG PETALING JAYA SELANGOR 47301",SROIE,30.00,MYR,retail,
dataset/temp_sroie/image/X51007843145.jpg,ESJAY FUEL ENTERPRISE,30-06-2018,50.00,retail,"LOT PTD 101051 JALAN PERMAS 10/10 81750 MASAI, JOHOR",SROIE,50.00,MYR,retail,
dataset/temp_sroie/image/X51007846266.jpg,UNIHAKKA INTERNATIONAL SDN BHD,01 JUN 2018,RM8.75,retail,"12, JALAN TAMPOI 7/4,KAWASAN PERINDUSTRIAN TAMPOI,81200 JOHOR BAHRU,JOHOR",SROIE,8.75,MYR,retail,
dataset/temp_sroie/image/X51007846268.jpg,UNIHAKKA INTERNATIONAL SDN BHD,02 JUN 2018,RM10.35,retail,"12, JALAN TAMPOI 7/4,KAWASAN PERINDUSTRIAN TAMPOI,81200 JOHOR BAHRU,JOHOR",SROIE,10.35,MYR,retail,
dataset/temp_sroie/image/X51007846269.jpg,UNIHAKKA INTERNATIONAL SDN BHD,04 JUN 2018,RM7.70,retail,"12, JALAN TAMPOI 7/4,KAWASAN PERINDUSTRIAN TAMPOI,81200 JOHOR BAHRU,JOHOR",SROIE,7.70,MYR,retail,
dataset/temp_sroie/image/X51007846270.jpg,MOONLIGHT CAKE HOUSE SDN BHD,04/06/2018,RM21.85,retail,"NO.1, JALAN PERMAS 10/5, BANDAR BARU PERMAS JAYA 81750 JOHOR BAHRU, JOHOR.",SROIE,21.85,MYR,retail,
dataset/temp_sroie/image/X51007846282.jpg,MOONLIGHT CAKE HOUSE SDN BHD,02/06/2018,RM16.20,retail,"NO.1, JALAN PERMAS 10/5, BANDAR BARU PERMAS JAYA 81750 JOHOR BAHRU, JOHOR.",SROIE,16.20,MYR,retail,
dataset/temp_sroie/image/X51007846283.jpg,AEON CO. (M) BHD,03/06/2018,147.45,retail,"3RD FLR, AEON TAMAN MALURI SC JLN JEJAKA, TAMAN MALURI CHERAS, 55100 KUALA LUMPUR",SROIE,147.45,MYR,retail,
dataset/temp_sroie/image/X51007846286.jpg,UNIHAKKA INTERNATIONAL SDN BHD,09 JUN 2018,RM7.70,retail,"12, JALAN TAMPOI 7/4,KAWASAN PERINDUSTRIAN TAMPOI,81200 JOHOR BAHRU,JOHOR",SROIE,7.70,MYR,retail,
dataset/temp_sroie/image/X51007846288.jpg,UNIHAKKA INTERNATIONAL SDN BHD,06 JUN 2018,RM7.25,retail,"12, JALAN TAMPOI 7/4,KAWASAN PERINDUSTRIAN TAMPOI,81200 JOHOR BAHRU,JOHOR",SROIE,7.25,MYR,retail,
dataset/temp_sroie/image/X51007846289.jpg,MOONLIGHT CAKE HOUSE SDN BHD,07/06/2018,RM15.00,retail,"NO.1, JALAN PERMAS 10/5, BANDAR BARU PERMAS JAYA 81750 JOHOR BAHRU, JOHOR.",SROIE,15.00,MYR,retail,
dataset/temp_sroie/image/X51007846290.jpg,UNIHAKKA INTERNATIONAL SDN BHD,07 JUN 2018,RM8.20,retail,"12, JALAN TAMPOI 7/4,KAWASAN PERINDUSTRIAN TAMPOI,81200 JOHOR BAHRU,JOHOR",SROIE,8.20,MYR,retail,
dataset/temp_sroie/image/X51007846301.jpg,UNIHAKKA INTERNATIONAL SDN BHD,10 JUN 2018,RM8.50,retail,"12, JALAN TAMPOI 7/4,KAWASAN PERINDUSTRIAN TAMPOI,81200 JOHOR BAHRU,JOHOR",SROIE,8.50,MYR,retail,
dataset/temp_sroie/image/X51007846302.jpg,MOONLIGHT CAKE HOUSE SDN BHD,09/06/2018,RM15.40,retail,"NO.1, JALAN PERMAS 10/5, BANDAR BARU PERMAS JAYA 81750 JOHOR BAHRU, JOHOR.",SROIE,15.40,MYR,retail,
dataset/temp_sroie/image/X51007846303.jpg,UNIHAKKA INTERNATIONAL SDN BHD,08 JUN 2018,RM6.70,retail,"12, JALAN TAMPOI 7/4,KAWASAN PERINDUSTRIAN TAMPOI,81200 JOHOR BAHRU,JOHOR",SROIE,6.70,MYR,retail,
dataset/temp_sroie/image/X51007846304.jpg,UNIHAKKA INTERNATIONAL SDN BHD,05 JUN 2018,RM7.50,retail,"12, JALAN TAMPOI 7/4,KAWASAN PERINDUSTRIAN TAMPOI,81200 JOHOR BAHRU,JOHOR",SROIE,7.50,MYR,retail,
dataset/temp_sroie/image/X51007846305.jpg,AEON CO. (M) BHD,10/06/2018,127.35,retail,"3RD FLR, AEON TAMAN MALURI SC JLN JEJAKA, TAMAN MALURI CHERAS, 55100 KUALA LUMPUR",SROIE,127.35,MYR,retail,
dataset/temp_sroie/image/X51007846307.jpg,UNIHAKKA INTERNATIONAL SDN BHD,12 JUN 2018,RM7.70,retail,"12, JALAN TAMPOI 7/4,KAWASAN PERINDUSTRIAN TAMPOI,81200 JOHOR BAHRU,JOHOR",SROIE,7.70,MYR,retail,
dataset/temp_sroie/image/X51007846309.jpg,UNIHAKKA INTERNATIONAL SDN BHD,11 JUN 2018,RM6.00,retail,"12, JALAN TAMPOI 7/4,KAWASAN PERINDUSTRIAN TAMPOI,81200 JOHOR BAHRU,JOHOR",SROIE,6.00,MYR,retail,
dataset/temp_sroie/image/X51007846310.jpg,MOONLIGHT CAKE HOUSE SDN BHD,11/06/2018,RM28.20,retail,"NO.1, JALAN PERMAS 10/5, BANDAR BARU PERMAS JAYA 81750 JOHOR BAHRU, JOHOR.",SROIE,28.20,MYR,retail,
dataset/temp_sroie/image/X51007846321.jpg,CHEF HENRY RIBS HOUSE,05/06/2018,103.85,retail,"4, JALAN KEBUDAYAAN 1 TAMAN UNIVERSITI 81300, SKUDAI",SROIE,103.85,MYR,retail,
dataset/temp_sroie/image/X51007846325.jpg,DE LUXE CIRCLE FRESH MART SDN BHD,02/06/18,25.85,retail,"NO.89&91, JALAN UTAMA, TAMAN MUTIA RINI, 81300 SKUDAI, JOHOR.",SROIE,25.85,MYR,retail,
dataset/temp_sroie/image/X51007846326.jpg,LEMON TREE RESTAURANT JTJ FOODS SDN BHD,6/1/2018,10.30,retail,"NO 3, JALAN PERMAS 10/8, BANDAR BARU PERMAS JAYA, 81750 MASAI, JOHOR",SROIE,10.30,MYR,retail,
dataset/temp_sroie/image/X51007846350.jpg,PASARAYA CINWA SDN BHD,15/06/2018,14.20,retail,"NO.6,8, 10& 12 JALAN PERMAS 4/3 BANDAR BARU PERMAS JAYA, 81750 JOHOR BAHRU,JOHOR.",SROIE,14.20,MYR,retail,
dataset/temp_sroie/image/X51007846353.jpg,THE TOAST F&B SDN BHD,16/06/2018,28.15,retail,LOT 2110&2111 JALAN PERMAS UTARA BANDAR BARU PERMAS 81750 JOHOR BAHRU JOHOR,SROIE,28.15,MYR,retail,
dataset/temp_sroie/image/X51007846355.jpg,AEON CO. (M) BHD,17/06/2018,8.95,retail,"3RD FLR, AEON TAMAN MALURI SC JLN JEJAKA, TAMAN MALURI CHERAS, 55100 KUALA LUMPUR",SROIE,8.95,MYR,retail,
dataset/temp_sroie/image/X51007846357.jpg,KEDAI RUNCIT ZBH,01/06/2018,RM43.40,retail,"NO.17,JALAN PERMAS 1/7, BANDAR BARU PERMAS JAYA,81750,MASAI",SROIE,43.40,MYR,retail,
dataset/temp_sroie/image/X51007846358.jpg,EXQUISITE GARDEN SDN BHD,03 JUN 18,28.00,retail,"LOT NO R134,GIANT HYPERMARKET PLENTONG NO3, JALAN MASAI LAMA 81750 MASAI. JAHOR BAHRU",SROIE,28.00,MYR,retail,
dataset/temp_sroie/image/X51007846360.jpg,IKANO HANDEL SDN BHD,09/06/18,46.20,retail,"NO. 33, JALAN HARMONIUM TAMAN DESA TEBRAU 81100 JOHOR BAHRU",SROIE,46.20,MYR,retail,
dataset/temp_sroie/image/X51007846361.jpg,118 MJ MOOKATA HOUSE,11-06-2018,102.40,retail,"NO.7G,JALAN PERMAS 11, BANDAR BARU PERMAS JAYA, 81750 MASAI, JOHOR.",SROIE,102.40,MYR,retail,
dataset/temp_sroie/image/X51007846366.jpg,AEON CO. (M) BHD,12/06/2018,38.60,retail,"3RD FLR, AEON TAMAN MALURI SC JLN JEJAKA, TAMAN MALURI CHERAS, 55100 KUALA LUMPUR",SROIE,38.60,MYR,retail,
dataset/temp_sroie/image/X51007846368.jpg,GRANDMA HOMES RESTAURANT,13/06/2018,473.30,retail,"NO.3 & 5, JALAN PERMAS 11, BANDAR BARU PERMAS JAYA, 81750 MASAI, JOHOR",SROIE,473.30,MYR,retail,
dataset/temp_sroie/image/X51007846370.jpg,UNIHAKKA INTERNATIONAL SDN BHD,16 JUN 2018,RM7.70,retail,"12, JALAN TAMPOI 7/4,KAWASAN PERINDUSTRIAN TAMPOI,81200 JOHOR BAHRU, JOHOR",SROIE,7.70,MYR,retail,
dataset/temp_sroie/image/X51007846371.jpg,UNIHAKKA INTERNATIONAL SDN BHD,13 JUN 2018,RM8.85,retail,"12, JALAN TAMPOI 7/4,KAWASAN PERINDUSTRIAN TAMPOI,81200 JOHOR BAHRU, JOHOR",SROIE,8.85,MYR,retail,
dataset/temp_sroie/image/X51007846372.jpg,UNIHAKKA INTERNATIONAL SDN BHD,14 JUN 2018,RM10.15,retail,"12, JALAN TAMPOI 7/4,KAWASAN PERINDUSTRIAN TAMPOI,81200 JOHOR BAHRU, JOHOR",SROIE,10.15,MYR,retail,
dataset/temp_sroie/image/X51007846379.jpg,AEON CO. (M) BHD,03/06/2018,79.45,retail,"3RD FLR, AEON TAMAN MALURI SC JLN JEJAKA, TAMAN MALURI CHERAS, 55100 KUALA LUMPUR",SROIE,79.45,MYR,retail,
dataset/temp_sroie/image/X51007846387.jpg,BOOK TALK (MUTIARA RINI) SDN BHD,21/6/2018,9.30,retail,"NO. 53 & 55, JALAN UTAMA 34, MUTIARA RINI, SKUDAI, JOHOR.",SROIE,9.30,MYR,retail,
dataset/temp_sroie/image/X51007846388.jpg,UNIHAKKA INTERNATIONAL SDN BHD,18 JUN 2018,RM8.20,retail,"12, JALAN TAMPOI 7/4,KAWASAN PERINDUSTRIAN TAMPOI,81200 JOHOR BAHRU, JOHOR",SROIE,8.20,MYR,retail,
dataset/temp_sroie/image/X51007846391.jpg,UNIHAKKA INTERNATIONAL SDN BHD,20 JUN 2018,RM8.20,retail,"12, JALAN TAMPOI 7/4,KAWASAN PERINDUSTRIAN TAMPOI,81200 JOHOR BAHRU, JOHOR",SROIE,8.20,MYR,retail,
dataset/temp_sroie/image/X51007846392.jpg,UNIHAKKA INTERNATIONAL SDN BHD,19 JUN 2018,RM8.45,retail,"12, JALAN TAMPOI 7/4,KAWASAN PERINDUSTRIAN TAMPOI,81200 JOHOR BAHRU,JOHOR",SROIE,8.45,MYR,retail,
dataset/temp_sroie/image/X51007846393.jpg,MOONLIGHT CAKE HOUSE SDN BHD,20/06/2018,RM14.20,retail,"NO.1, JALAN PERMAS 10/5, BANDAR BARU PERMAS JAYA 81750 JOHOR BAHRU, JOHOR.",SROIE,14.20,MYR,retail,
dataset/temp_sroie/image/X51007846395.jpg,GERBANG ALAF RESTAURANTS SDN BHD,24/06/2018,12.80,retail,"LEVEL 6, BANGUNAN TH, DAMANSARA UPTOWN3 NO.3, JALAN SS21/39, 47400 PETALING JAYA SELANGOR",SROIE,12.80,MYR,retail,
dataset/temp_sroie/image/X51007846396.jpg,GERBANG ALAF RESTAURANTS SDN BHD,24/06/2018,7.35,retail,"LEVEL 6, BANGUNAN TH, DAMANSARA UPTOWN3 NO.3, JALAN SS21/39, 47400 PETALING JAYA SELANGOR",SROIE,7.35,MYR,retail,
dataset/temp_sroie/image/X51007846397.jpg,UNIHAKKA INTERANTIONAL SDN BHD,21 JUN 2018,RM7.70,retail,"12,JALAN TAMPOI 7/4,KAWASAN PERINDUSTRIAN TAMPOI,81200 JOHOR BAHRU, JOHOR",SROIE,7.70,MYR,retail,
dataset/temp_sroie/image/X51007846398.jpg,UNIHAKKA INTERNATIONAL SDN BHD,22 JUN 2018,RM8.50,retail,"12, JALAN TAMPOL 7/4,KAWASAN PERINDUSTRIAN TAMPOI,81200 JOHOR BAHRU,JOHOR",SROIE,8.50,MYR,retail,
dataset/temp_sroie/image/X51007846400.jpg,KOREAN DINE SDN BHD,19/06/2018,152.90,retail,"NO 4, JALAN PERMAS 10/5. BANDAR BARU PERMAS JAYA, 81750 JOHOR BAHRU, JOHOR.",SROIE,152.90,MYR,retail,
dataset/temp_sroie/image/X51007846403.jpg,ROYALTEA,02/06/2018,13.10,retail,"NO.33,JALAN SELADANG TAMAN ABAD, 80250 JOHOR BAHRU, JOHOR ,MALAYSIA.",SROIE,13.10,MYR,retail,
dataset/temp_sroie/image/X51007846410.jpg,IDEAL MENU GROUP SDN BHD,10/06/2018,12.00,retail,"31,31A, JALAN HANG TUAH 9, TAMAN SKUDAI BARU, 81300 SKUDAI, JOHOR",SROIE,12.00,MYR,retail,
dataset/temp_sroie/image/X51007846412.jpg,LAVENDER CONFECTIONERY & BAKERY S/B,17/06/2018,26.50,retail,"LOT G29 & G30, AEON MALL TEBRAU CITY, NO. 1, JALAN DESA TEBRAU, TAMAN DESA TEBRAU, 81100 JOHOR BAHRU.",SROIE,26.50,MYR,retail,
dataset/temp_sroie/image/X51007846451.jpg,PASIR EMAS HARDWARE SDN BHD,23/06/18,36.00,retail,"NO 69, JALAN PENGKALAN 5, TAMAN PASIR EMAS, KG PASIR PUTIH, 81700 PASIR GUDANG, JOHOR.",SROIE,36.00,MYR,retail,
dataset/temp_sroie/image/X51008030560.jpg,RESTORAN DE COFFEE O,03/04/2018,11.60,retail,"NO 33, 35, G F ,JALAN TEMENGGUNG 3/9, BANDAR MAHKOTA CHERAS, 43200 CHERAS, SELANGOR",SROIE,11.60,MYR,retail,
dataset/temp_sroie/image/X51008030561.jpg,RESTORAN WAN SHENG,09-04-2018,17.60,retail,"NO.2, JALAN TEMENGGUNG 19/9, SEKSYEN 9, BANDAR MAHKOTA CHERAS, 43200 CHERAS, SELANGOR",SROIE,17.60,MYR,retail,
dataset/temp_sroie/image/X51008030563.jpg,RESTORAN WAN SHENG,02-04-2018,6.00,retail,"NO.2, JALAN TEMENGGUNG 19/9, SEKSYEN 9, BANDAR MAHKOTA CHERAS, 43200 CHERAS, SELANGOR",SROIE,6.00,MYR,retail,
dataset/temp_sroie/image/X51008030565.jpg,RESTORAN WAN SHENG,04-04-2018,7.80,retail,"NO.2, JALAN TEMENGGUNG 19/9, SEKSYEN 9, BANDAR MAHKOTA CHERAS, 43200 CHERAS, SELANGOR",SROIE,7.80,MYR,retail,
dataset/temp_sroie/image/X51008030566.jpg,RESTORAN WAN SHENG,09-04-2018,8.60,retail,"NO.2, JALAN TEMENGGUNG 19/9, SEKSYEN 9, BANDAR MAHKOTA CHERAS, 43200 CHERAS, SELANGOR",SROIE,8.60,MYR,retail,
dataset/temp_sroie/image/X51008042777.jpg,RESTORAN WAN SHENG,26-05-2018,4.80,retail,"NO.2, JALAN TEMENGGUNG 19/9, SEKSYEN 9, BANDAR MAHKOTA CHERAS, 43200 CHERAS, SELANGOR",SROIE,4.80,MYR,retail,
dataset/temp_sroie/image/X51008042778.jpg,RESTORAN WAN SHENG,05-05-2018,19.40,retail,"NO.2, JALAN TEMENGGUNG 19/9, SEKSYEN 9, BANDAR MAHKOTA CHERAS, 43200 CHERAS, SELANGOR",SROIE,19.40,MYR,retail,
dataset/temp_sroie/image/X51008042779.jpg,RESTORAN WAN SHENG,05-05-2018,7.60,retail,"NO.2, JALAN TEMENGGUNG 19/9, SEKSYEN 9, BANDAR MAHKOTA CHERAS, 43200 CHERAS, SELANGOR",SROIE,7.60,MYR,retail,
dataset/temp_sroie/image/X51008042780.jpg,RESTORAN WAN SHENG,10-05-2018,7.20,retail,"NO.2, JALAN TEMENGGUNG 19/9, SEKSYEN 9, BANDAR MAHKOTA CHERAS, 43200 CHERAS, SELANGOR",SROIE,7.20,MYR,retail,
dataset/temp_sroie/image/X51008042781.jpg,RESTORAN WAN SHENG,11-05-2018,1.90,retail,"NO.2, JALAN TEMENGGUNG 19/9, SEKSYEN 9, BANDAR MAHKOTA CHERAS, 43200 CHERAS, SELANGOR",SROIE,1.90,MYR,retail,
dataset/temp_sroie/image/X51008042782.jpg,RESTORAN WAN SHENG,02-04-2018,6.70,retail,"NO.2, JALAN TEMENGGUNG 19/9, SEKSYEN 9, BANDAR MAHKOTA CHERAS, 43200 CHERAS, SELANGOR",SROIE,6.70,MYR,retail,
dataset/temp_sroie/image/X51008042783.jpg,GERBANG ALAF RESTAURANTS SDN BHD,11/05/2018,18.90,retail,"LEVEL 6, BANGUNAN TH, DAMANSARA UPTOWN3 NO.3, JALAN SS21/39,47400 PETALING JAYA SELANGOR",SROIE,18.90,MYR,retail,
dataset/temp_sroie/image/X51008042786.jpg,GERBANG ALAF RESTAURANTS SDN BHD,30/05/2018,19.00,retail,"LEVEL 6, BANGUNAN TH, DAMANSARA UPTOWN3 NO.3 , JALAN SS21/39,47400 PETALING JAYA SELANGOR",SROIE,19.00,MYR,retail,
dataset/temp_sroie/image/X51008042787.jpg,VEG FISH FARM THAI RESTAURANT S/B,01/05/2018,412.90,retail,"KM 4, JLN AMPANG, HULU LANGAT, 68000 AMAPNG, SELANGOR.",SROIE,412.90,MYR,retail,
dataset/temp_sroie/image/X51008042791.jpg,RESTORAN WAN SHENG,06-05-2018,2.40,retail,"NO.2, JALAN TEMENGGUNG 19/9, SEKSYEN 9, BANDAR MAHKOTA CHERAS, 43200 CHERAS, SELANGOR",SROIE,2.40,MYR,retail,
dataset/temp_sroie/image/X51008042792.jpg,RESTORAN WAN SHENG,06-05-2018,5.00,retail,"NO.2, JALAN TEMENGGUNG 19/9, SEKSYEN 9, BANDAR MAHKOTA CHERAS, 43200 CHERAS, SELANGOR",SROIE,5.00,MYR,retail,
dataset/temp_sroie/image/X51008042793.jpg,SANG KEE CHERAS RESTAURANT,03/05/2018,2.50,retail,"69, JALAN TEMENGGUNG 3/9 BANDAR MAHKOTA CHERAS 43200 CHERAS SELANGOR",SROIE,2.50,MYR,retail,
dataset/temp_sroie/image/X51008063849.jpg,MR. D.I.Y. (M) SDN BHD,28-05-18,2.70,retail,"LOT 1851-A & 1851-B, JALAN KPB 6, KAWASAN PERINDUSTRIAN BALAKONG, 43300 SERI KEMBANGAN, SELANGOR",SROIE,2.70,MYR,retail,
dataset/temp_sroie/image/X51008064061.jpg,MR. D.I.Y. (M) SDN BHD,03-05-18,69.20,retail,"LOT 1851-A & 1851-B, JALAN KPB 6, KAWASAN PERINDUSTRIAN BALAKONG, 43300 SERI KEMBANGAN, SELANGOR",SROIE,69.20,MYR,retail,
dataset/temp_sroie/image/X51008099041.jpg,RESTORAN WAN SHENG,30-06-2018,4.20,retail,"NO.2, JALAN TEMENGGUNG 19/9, SEKSYEN 9, BANDAR MAHKOTA CHERAS, 43200 CHERAS, SELANGOR",SROIE,4.20,MYR,retail,
dataset/temp_sroie/image/X51008099043.jpg,RESTORAN WAN SHENG,23-06-2018,4.60,retail,"NO.2, JALAN TEMENGGUNG 19/9, SEKSYEN 9, BANDAR MAHKOTA CHERAS, 43200 CHERAS, SELANGOR",SROIE,4.60,MYR,retail,
dataset/temp_sroie/image/X51008099044.jpg,RESTORAN WAN SHENG,18-06-2018,6.50,retail,"NO.2, JALAN TEMENGGUNG 19/9, SEKSYEN 9, BANDAR MAHKOTA CHERAS, 43200 CHERAS, SELANGOR",SROIE,6.50,MYR,retail,
dataset/temp_sroie/image/X51008099046.jpg,RESTORAN WAN SHENG,12-06-2018,4.60,retail,"NO.2, JALAN TEMENGGUNG 19/9, SEKSYEN 9, BANDAR MAHKOTA CHERAS, 43200 CHERAS, SELANGOR",SROIE,4.60,MYR,retail,
dataset/temp_sroie/image/X51008099047.jpg,RESTORAN WAN SHENG,21-06-2018,4.60,retail,"NO.2, JALAN TEMENGGUNG 19/9, SEKSYEN 9, BANDAR MAHKOTA CHERAS, 43200 CHERAS, SELANGOR",SROIE,4.60,MYR,retail,
dataset/temp_sroie/image/X51008099048.jpg,RESTORAN WAN SHENG,09-06-2018,4.80,retail,"NO.2, JALAN TEMENGGUNG 19/9, SEKSYEN 9, BANDAR MAHKOTA CHERAS, 43200 CHERAS, SELANGOR",SROIE,4.80,MYR,retail,
dataset/temp_sroie/image/X51008099049.jpg,PAPPARICH BMC,15 JUN 18,17.22,retail,"NO.19 & 21 JALAN TEMENGGUNG 23/9 BANDAR MAHKOTA CHERAS 43200 SELANGOR DARUL EHSAN, MALAYSIA",SROIE,17.22,MYR,retail,
dataset/temp_sroie/image/X51008099054.jpg,10 GRAM GOURMET SBN BHD,11-06-2018,15.00,retail,"NO 3, JALAN TEMENGGUNG 27/9 BANDAR MAHKOTA CHERAS, 43200 SELANGOR.",SROIE,15.00,MYR,retail,
dataset/temp_sroie/image/X51008099071.jpg,LEONG HENG SHELL SERVICE STATION,20/06/18,50.00,retail,"LOT 26151 BANDAR SG LONG, 11 1/4 MILES CHERAS, 43000 KAJANG, SELANGOR",SROIE,50.00,MYR,retail,
dataset/temp_sroie/image/X51008099073.jpg,PROSPER NIAGA,26/06/18,100.00,retail,"LOT PT 1138 ,PT 33122, BANDAR MAHKOTA CHERAS 43200 CHERAS, SELANGOR",SROIE,100.00,MYR,retail,
dataset/temp_sroie/image/X51008099081.jpg,RESTORAN WAN SHENG,01-06-2018,4.80,retail,"NO.2, JALAN TEMENGGUNG 19/9, SEKSYEN 9, BANDAR MAHKOTA CHERAS, 43200 CHERAS, SELANGOR",SROIE,4.80,MYR,retail,
dataset/temp_sroie/image/X51008099083.jpg,RESTORAN WAN SHENG,04-06-2018,6.70,retail,"NO.2, JALAN TEMENGGUNG 19/9, SEKSYEN 9, BANDAR MAHKOTA CHERAS, 43200 CHERAS, SELANGOR",SROIE,6.70,MYR,retail,
dataset/temp_sroie/image/X51008099084.jpg,RESTORAN WAN SHENG,26-06-2018,4.60,retail,"NO.2, JALAN TEMENGGUNG 19/9, SEKSYEN 9, BANDAR MAHKOTA CHERAS, 43200 CHERAS, SELANGOR",SROIE,4.60,MYR,retail,
dataset/temp_sroie/image/X51008099085.jpg,RESTORAN WAN SHENG,26-06-2018,4.10,retail,"NO.2, JALAN TEMENGGUNG 19/9, SEKSYEN 9, BANDAR MAHKOTA CHERAS, 43200 CHERAS, SELANGOR",SROIE,4.10,MYR,retail,
dataset/temp_sroie/image/X51008099086.jpg,RESTORAN WAN SHENG,29-06-2018,7.20,retail,"NO.2, JALAN TEMENGGUNG 19/9, SEKSYEN 9, BANDAR MAHKOTA CHERAS, 43200 CHERAS, SELANGOR",SROIE,7.20,MYR,retail,
dataset/temp_sroie/image/X51008099087.jpg,RESTORAN WAN SHENG,11-06-2018,7.80,retail,"NO.2, JALAN TEMENGGUNG 19/9, SEKSYEN 9, BANDAR MAHKOTA CHERAS, 43200 CHERAS, SELANGOR",SROIE,7.80,MYR,retail,
dataset/temp_sroie/image/X51008099088.jpg,RESTORAN WAN SHENG,27-06-2018,2.30,retail,"NO.2, JALAN TEMENGGUNG 19/9, SEKSYEN 9, BANDAR MAHKOTA CHERAS, 43200 CHERAS, SELANGOR",SROIE,2.30,MYR,retail,
dataset/temp_sroie/image/X51008099089.jpg,RESTORAN WAN SHENG,20-06-2018,9.60,retail,"NO.2, JALAN TEMENGGUNG 19/9, SEKSYEN 9, BANDAR MAHKOTA CHERAS, 43200 CHERAS, SELANGOR",SROIE,9.60,MYR,retail,
dataset/temp_sroie/image/X51008099090.jpg,RESTORAN WAN SHENG,01-06-2018,4.80,retail,"NO.2, JALAN TEMENGGUNG 19/9, SEKSYEN 9, BANDAR MAHKOTA CHERAS, 43200 CHERAS, SELANGOR",SROIE,4.80,MYR,retail,
dataset/temp_sroie/image/X51008099100.jpg,PAPPARICH BMC,29 JUN 18,46.90,retail,"NO.19 & 21 JALAN TEMENGGUNG 23/9 BANDAR MAHKOTA CHERAS 43200 SELANGOR DARUL EHSAN, MALAYSIA",SROIE,46.90,MYR,retail,
dataset/temp_sroie/image/X51008099102.jpg,MIZU MENTAI SDN. BHD.,04-06-2018,68.00,retail,"NO: 1-1&2 GROUND FLOOR, JLN TEMENGGUNG 13/9, 43200 CHERAS SELANGOR.",SROIE,68.00,MYR,retail,
dataset/temp_sroie/image/X51008114216.jpg,MR. D.I.Y. (KUCHAI) SDN BHD,15-06-18,8.95,retail,"LOT 1851-A & 1851-B, JALAN KPB 6, KAWASAN PERINDUSTRIAN BALAKONG, 43300 SERI KEMBANGAN, SELANGOR",SROIE,8.95,MYR,retail,
dataset/temp_sroie/image/X51008114217.jpg,MR. D.I.Y. (KUCHAI) SDN BHD,30-06-18,27.25,retail,"LOT 1851-A & 1851-B, JALAN KPB 6, KAWASAN PERINDUSTRIAN BALAKONG, 43300 SERI KEMBANGAN, SELANGOR",SROIE,27.25,MYR,retail,
dataset/temp_sroie/image/X51008114260.jpg,99 SPEED MART S/B,02-05-18,23.60,retail,"LOT P.T. 2811, JALAN ANGSA, TAMAN BERKELEY 41150 KLANG, SELANGOR 1237-TMN INDAH PERDANA",SROIE,23.60,MYR,retail,
dataset/temp_sroie/image/X51008114262.jpg,99 SPEED MART S/B,05-05-18,137.15,retail,"LOT P.T. 2811, JALAN ANGSA, TAMAN BERKELEY 41150 KLANG, SELANGOR 1237-TMN INDAH PERDANA",SROIE,137.15,MYR,retail,
dataset/temp_sroie/image/X51008114266.jpg,99 SPEED MART S/B,13-05-18,22.90,retail,"LOT P.T. 2811, JALAN ANGSA, TAMAN BERKELEY 41150 KLANG, SELANGOR 1237-TMN INDAH PERDANA",SROIE,22.90,MYR,retail,
dataset/temp_sroie/image/X51008114281.jpg,99 SPEED MART S/B,04-06-18,23.40,retail,"LOT P.T. 2811, JALAN ANGSA, TAMAN BERKELEY 41150 KLANG, SELANGOR 1237-TMN INDAH PERDANA",SROIE,23.40,MYR,retail,
dataset/temp_sroie/image/X51008114282.jpg,99 SPEED MART S/B,04-06-18,20.90,retail,"LOT P.T. 2811, JALAN ANGSA, TAMAN BERKELEY 41150 KLANG, SELANGOR 1237-TMN INDAH PERDANA",SROIE,20.90,MYR,retail,
dataset/temp_sroie/image/X51008114283.jpg,MR. D.I.Y. (KUCHAI) SDN BHD,11-06-18,11.25,retail,"LOT 1851-A & 1851-B, JALAN KPB 6, KAWASAN PERINDUSTRIAN BALAKONG, 43300 SERI KEMBANGAN, SELANGOR",SROIE,11.25,MYR,retail,
dataset/temp_sroie/image/X51008114284.jpg,MR. D.I.Y. (KUCHAI) SDN BHD,25-06-18,17.45,retail,"LOT 1851-A & 1851-B, JALAN KPB 6, KAWASAN PERINDUSTRIAN BALAKONG, KAWASAN PERINDUSTRIAN BALAKONG, 43300 SERI KEMBANGAN, SELANGOR",SROIE,17.45,MYR,retail,
dataset/temp_sroie/image/X51008114321.jpg,FILL IN ENTERPRISE,03/06/18,100.00,retail,"LOT 2407, JALAN DUA 52100 KEPONG BARU, KL",SROIE,100.00,MYR,retail,
dataset/temp_sroie/image/X51008122920.jpg,C W KHOO HARDWARE SDN BHD,04-05-18,19.00,retail,"NO.50, JALAN PBS 14/11, KAWASAN PERINDUSTRIAN BUKIT SERDANG,",SROIE,19.00,MYR,retail,
dataset/temp_sroie/image/X51008123446.jpg,DION REALTIES SDN BHD,30/05/18,5.00,retail,"MENARA DION #02-03, LEVEL 2, 27, JALAN SULTAN ISMAIL, 50250 KUALA LUMPUR.",SROIE,5.00,MYR,retail,
dataset/temp_sroie/image/X51008123447.jpg,DION REALTIES SDN BHD,28/05/18,5.00,retail,"MENARA DION #02-03, LEVEL 2, 27, JALAN SULTAN ISMAIL, 50250 KUALA LUMPUR.",SROIE,5.00,MYR,retail,
dataset/temp_sroie/image/X51008123450.jpg,SANJUNG REALITI SDN. BHD.,27/06/18,1.50,retail,"CAR PARK OFFICE, BASEMENT 1, LABUHRAYA SPRINT, PJU6A, 47400 PETALING JAYA, SELANGOR",SROIE,1.50,MYR,retail,
dataset/temp_sroie/image/X51008123451.jpg,C W KHOO HARDWARE SDN BHD,11/06/2018,48.00,retail,"NO.50 , JALAN PBS 14/11 , KAWASAN PERINDUSTRIAN BUKIT SERDANG,",SROIE,48.00,MYR,retail,
dataset/temp_sroie/image/X51008123476.jpg,DION REALTIES SDN BHD,25/06/18,5.00,retail,"MENARA DION #02-03, LEVEL 2, 27, JALAN SULTAN ISMAIL, 50250 KUALA LUMPUR.",SROIE,5.00,MYR,retail,
dataset/temp_sroie/image/X51008123580.jpg,MR. D.I.Y. (M) SDN BHD,17-06-18,8.10,retail,"LOT 1851-A & 1851-B, JALAN KP3 6, KAWASAN PERINDUSTRIAN BALAKONG, 43300 SERI KEMBANGAN, SELANGOR",SROIE,8.10,MYR,retail,
dataset/temp_sroie/image/X51008123586.jpg,MYNEWS RETAIL SB,29/06/2018,7.70,retail,"OASIS VILLAGE LOUNGE 2, GROUND FLOOR, OASIS VILLAGE,NO 2, JALAN PJU 1A/7A, OASIS SQUARE,OASIS DAMANSARA., 47301, PETALING JAYA,SELANGOR",SROIE,7.70,MYR,retail,
dataset/temp_sroie/image/X51008123599.jpg,OGN GROUP SDN BHD,17/06/2018,28.30,retail,"NO.29M, JALAN DINAR G U3/G, SEKSYEN U3, SUBANG PERDANA, 40150 SHAH ALAM",SROIE,28.30,MYR,retail,
dataset/temp_sroie/image/X51008123604.jpg,OGN GROUP SDN BHD,24/06/2018,52.40,retail,"NO.29M, JALAN DINAR G U3/G, SEKSYEN U3, SUBANG PERDANA, 40150 SHAH ALAM",SROIE,52.40,MYR,retail,
dataset/temp_sroie/image/X51008128052.jpg,PANDAH INDAH PULAU KETAM RESTAURANT,30-04-2018,93.00,retail,"M4-A-8, JALAN PANDAH INDAH 4/1A, PANDAH INDAH, 55100 KUALA LUMPUR.",SROIE,93.00,MYR,retail,
dataset/temp_sroie/image/X51008128062.jpg,RESTAURANT JIAWEI JIAWEI HOUSE,11/5/2018,27.00,retail,"13, JLN TASIK UTAMA 8 MEDAN NIAGA DAMAI SG BESI 57000 KL",SROIE,27.00,MYR,retail,
dataset/temp_sroie/image/X51008128065.jpg,99 SPEED MART S/B,03-05-18,19.90,retail,"LOT P.T. 2811, JALAN ANGSA, TAMAN BERKELEY 41150 KLANG, SELANGOR 1249-TMN PANDAN CAHAYA",SROIE,19.90,MYR,retail,
dataset/temp_sroie/image/X51008142005.jpg,ONE ONE THREE SEAFOOD RESTAURANT SDN BHD,28-04-2018,65.70,retail,"NO.1, TAMAN SRI DENGKIL, JALAN AIR HITAM 43800 DENGKIL, SELANGOR.",SROIE,65.70,MYR,retail,
dataset/temp_sroie/image/X51008142030.jpg,ONE ONE THREE SEAFOOD RESTAURANT SDN BHD,05-06-2018,52.00,retail,"NO. 1, TAMAN SRI DENGKIL, JALAN AIR HITAM 43800 DENGKIL, SELANGOR.",SROIE,52.00,MYR,retail,
dataset/temp_sroie/image/X51008142031.jpg,ONE ONE THREE SEAFOOD RESTAURANT SDN BHD,22-05-2018,71.00,retail,"NO. 1, TAMAN SRI DENGKIL, JALAN AIR HITAM 43800 DENGKIL, SELANGOR.",SROIE,71.00,MYR,retail,
dataset/temp_sroie/image/X51008142032.jpg,ONE ONE THREE SEAFOOD RESTAURANT SDN BHD,28-05-2018,112.35,retail,"NO. 1, TAMAN SRI DENGKIL, JALAN AIR HITAM 43800 DENGKIL, SELANGOR.",SROIE,112.35,MYR,retail,
dataset/temp_sroie/image/X51008142033.jpg,ONE ONE THREE SEAFOOD RESTAURANT SDN BHD,19-05-2018,42.40,retail,"NO. 1, TAMAN SRI DENGKIL, JALAN AIR HITAM 43800 DENGKIL, SELANGOR.",SROIE,42.40,MYR,retail,
dataset/temp_sroie/image/X51008142034.jpg,MEGAH RETAIL SDN BHD,09/05/2018,4.70,retail,"3-7, GROUND FLOOR, JLN PURTA DENGKIL 1 TMN PUTRA DENGKIL 43800 DENGKIL, SELANGOR DARUL EHSAN",SROIE,4.70,MYR,retail,
dataset/temp_sroie/image/X51008142038.jpg,99 SPEED MART S/B,28-01-18,27.90,retail,"LOT P.T. 2811, JALAN ANGSA, TAMAN BERKELEY 41150 KLANG, SELANGOR 1225-DENGKIL",SROIE,27.90,MYR,retail,
dataset/temp_sroie/image/X51008142058.jpg,KEDAI PAPAN YEW CHUAN,20/04/2018,87.45,retail,"LOT 276 JALAN BANTING 43800 DENGKIL, SELANGOR",SROIE,87.45,MYR,retail,
dataset/temp_sroie/image/X51008142059.jpg,KEDAI PAPAN YEW CHUAN,17/04/2018,190.80,retail,"LOT 276 JALAN BANTING 43800 DENGKIL, SELANGOR",SROIE,190.80,MYR,retail,
dataset/temp_sroie/image/X51008142060.jpg,KEDAI PAPAN YEW CHUAN,26/05/2018,121.90,retail,"LOT 276 JALAN BANTING 43800 DENGKIL, SELANGOR",SROIE,121.90,MYR,retail,
dataset/temp_sroie/image/X51008142061.jpg,KEDAI PAPAN YEW CHUAN,03/05/2018,178.08,retail,"LOT 276 JALAN BANTING 43800 DENGKIL, SELANGOR",SROIE,178.08,MYR,retail,
dataset/temp_sroie/image/X51008142062.jpg,KEDAI PAPAN YEW CHUAN,02/05/2018,361.46,retail,"LOT 276 JALAN BANTING 43800 DENGKIL, SELANGOR",SROIE,361.46,MYR,retail,
dataset/temp_sroie/image/X51008142063.jpg,KEDAI PAPAN YEW CHUAN,30/04/2018,404.39,retail,"LOT 276 JALAN BANTING 43800 DENGKIL, SELANGOR",SROIE,404.39,MYR,retail,
dataset/temp_sroie/image/X51008142065.jpg,KEDAI PAPAN YEW CHUAN,23/05/2018,162.71,retail,"LOT 276 JALAN BANTING 43800 DENGKIL, SELANGOR.",SROIE,162.71,MYR,retail,
dataset/temp_sroie/image/X51008142068.jpg,KEDAI PAPAN YEW CHUAN,11/05/2018,68.90,retail,"LOT 276 JALAN BANTING 43800 DENGKIL, SELANGOR",SROIE,68.90,MYR,retail,
dataset/temp_sroie/image/X51008145450.jpg,GH DISTRIBUTOR & MARKETING SDN BHD,20/06/2018,85.20,retail,"216, MACALISTER ROAD, 10400 PENANG, 10400 PENANG.",SROIE,85.20,MYR,retail,
dataset/temp_sroie/image/X51008145504.jpg,AMTECH ELECTRICAL SUPPLIES,27/06/18,136.00,retail,"107,JALAN BANDAR RAWANG 2, PUSAT BANDAR RAWANG, 48000 RAWANG,SELANGOR D E",SROIE,136.00,MYR,retail,
dataset/temp_sroie/image/X51008145505.jpg,KT WONG TRADING,09/06/2018,489.30,retail,"22, JALAN PERINDUSTRIAN HIJAU 5, TAMAN PERINDUSTRIAN HIJAU,",SROIE,489.30,MYR,retail,
dataset/temp_sroie/image/X51008164420.jpg,POPULAR BOOK CO. (M) SDN BHD,03/04/18,7.30,retail,"NO 8, JALAN 7/118B, DESA TUN RAZAK 56000 KUALA LUMPUR, MALAYSIA",SROIE,7.30,MYR,retail,
dataset/temp_sroie/image/X51008164510.jpg,OCEAN LC PACKAGING ENTERPRISE,27/06/2018,RM152.00,retail,"41-1, JLN RADIN ANUM 2, SRI PETALING, 57000 KUALA LUMPUR.",SROIE,152.00,MYR,retail,
dataset/temp_sroie/image/X51008164524.jpg,MR. D.I.Y. (M) SDN BHD,15-07-18,7.15,retail,"LOT 1851-A & 1851-B, JALAN KPB 6, KAWASAN PERINDUSTRIAN BALAKONG, 43300 SERI KEMBANGAN, SELANGOR",SROIE,7.15,MYR,retail,
dataset/temp_sroie/image/X51008164525.jpg,PASAR RAYA MEGA MAJU (SEMENYIH) SDN BHD,03/07/2018,30.45,retail,"NO 24, 25 & 26, JALAN PUSAT PERNIAGAAN BUNGA RAYA 4, PUSAT PERNIAGAAN BUNGA RAYA,",SROIE,30.45,MYR,retail,
dataset/temp_sroie/image/X51008164969.jpg,ONE ONE THREE SEAFOOD RESTAURANT SDN BHD,14-06-2018,59.00,retail,"NO. 1, TAMAN SRI DENGKIL, JALAN AIR HITAM 43800 DENGKIL, SELANGOR.",SROIE,59.00,MYR,retail,
dataset/temp_sroie/image/X51008164991.jpg,ONE ONE THREE SEAFOOD RESTAURANT SDN BHD,13-06-2018,35.00,retail,"NO.1, TAMAN SRI DENGKIL, JALAN AIR HITAM 43800 DENGKIL, SELANGOR.",SROIE,35.00,MYR,retail,
dataset/temp_sroie/image/X51008164992.jpg,ONE ONE THREE SEAFOOD RESTAURANT SDN BHD,30-05-2018,87.45,retail,"NO.1, TAMAN SRI DENGKIL, JALAN AIR HITAM 43800 DENGKIL, SELANGOR.",SROIE,87.45,MYR,retail,
dataset/temp_sroie/image/X51008164996.jpg,ONE ONE THREE SEAFOOD RESTAURANT SDN BHD,17-06-2018,58.00,retail,"NO.1, TAMAN SRI DENGKIL, JALAN AIR HITAM 43800 DENGKIL, SELANGOR.",SROIE,58.00,MYR,retail,
dataset/temp_sroie/image/X51008164997.jpg,ONE ONE THREE SEAFOOD RESTAURANT SDN BHD,15-06-2018,148.50,retail,"NO.1, TAMAN SRI DENGKIL, JALAN AIR HITAM 43800 DENGKIL, SELANGOR.",SROIE,148.50,MYR,retail,
dataset/temp_sroie/image/X51008164998.jpg,ONE ONE THREE SEAFOOD RESTAURANT SDN BHD,20-06-2018,38.00,retail,"NO. 1, TAMAN SRI DENGKIL, JALAN AIR HITAM 43800 DENGKIL, SELANGOR.",SROIE,38.00,MYR,retail,
dataset/temp_sroie/image/X51008164999.jpg,ONE ONE THREE SEAFOOD RESTAURANT SDN BHD,23-06-2018,179.50,retail,"NO.1, TAMAN SRI DENGKIL, JALAN AIR HITAM 43800 DENGKIL, SELANGOR.",SROIE,179.50,MYR,retail,
dataset/temp_sroie/image/X51009008095.jpg,BOON SENG PAPER SDN BHD,19/03/2018,31.80,retail,"12, JALAN BUNGA TANJUNG, 2/16 SEKSYEN 2, 40000 SHAH ALAM, SELANGOR",SROIE,31.80,MYR,retail,
dataset/temp_sroie/image/X51009447842.jpg,PASARAYA BORONG PINTAR SDN BHD,14/03/2018,0.90,retail,"NO 19-G& 19-1& 19-2 JALAN TASIK UTAMA 4, MEDAN NIAGA TASIK DAMAI",SROIE,0.90,MYR,retail,
dataset/temp_sroie/image/X51009453729.jpg,LIAN HING STATIONERY SDN BHD,27/03/2018,79.50,retail,"NO.32 & 33, JALAN SR 1/9, SEKSYEN 9, TAMAN SERDANG RAYA, 43300 SERI KEMBANGAN, SELANGOR DARUL EHSAN",SROIE,79.50,MYR,retail,
dataset/temp_sroie/image/X51009453801.jpg,GL HANDICRAFT & TAIL ORING,20/03/2018,102.00,retail,"19, JALAN KANCIL, OFF JALAN PUDU, 55100 KUALA LUMPUR MALAYSIA",SROIE,102.00,MYR,retail,
dataset/temp_sroie/image/X51009453804.jpg,LIAN HING STATIONERY SDN BHD,27/03/2018,12.00,retail,"NO.32 & 33, JALAN SR 1/9, SEKSYEN 9, TAMAN SERDANG RAYA, 43300 SERI KEMBANGAN, SELANGOR DARUL EHSAN",SROIE,12.00,MYR,retail,
dataset/temp_sroie/image/X51009568881.jpg,HON HWA HARDWARE TRADING,21/09/2017,10.40,retail,"NO 37, JALAN MANIS 7, TAMAN SEGAR, 56100 CHERAS, KUALA LUMPUR.",SROIE,10.40,MYR,retail,
dataset/tampered/Receipt 1_tampered.jpg,UNKNOWN,,,tampered,light:issue,processed_labels_arpan,,,,tampered
dataset/tampered/Receipt 10_tampered.jpg,UNKNOWN,,,tampered,"light:issue, noise:AI artifact",processed_labels_arpan,,,,tampered
dataset/tampered/Receipt 11_tampered.jpg,UNKNOWN,,,tampered,"edges:issue, light:issue",processed_labels_arpan,,,,tampered
dataset/tampered/Receipt 12_tampered.jpg,UNKNOWN,,,tampered,"edges:issue, light:issue",processed_labels_arpan,,,,tampered
dataset/tampered/Receipt 13_tampered.jpg,UNKNOWN,,,tampered,"light:issue, noise:AI artifact",processed_labels_arpan,,,,tampered
dataset/tampered/Receipt 14_tampered.jpg,UNKNOWN,,,tampered,light:issue,processed_labels_arpan,,,,tampered
dataset/tampered/Receipt 15_tampered.jpg,UNKNOWN,,,tampered,"light:issue, noise:AI artifact",processed_labels_arpan,,,,tampered
dataset/tampered/Receipt 16_tampered.jpg,UNKNOWN,,,tampered,"light:issue, noise:AI artifact",processed_labels_arpan,,,,tampered
dataset/tampered/Receipt 17_tampered.jpg,UNKNOWN,,,tampered,light:issue,processed_labels_arpan,,,,tampered
dataset/tampered/Receipt 18_tampered.jpg,UNKNOWN,,,tampered,"light:issue, noise:AI artifact",processed_labels_arpan,,,,tampered
dataset/tampered/Receipt 19_tampered.jpg,UNKNOWN,,,tampered,light:issue,processed_labels_arpan,,,,tampered
dataset/tampered/Receipt 2_tampered.jpg,UNKNOWN,,,tampered,"light:issue, noise:AI artifact",processed_labels_arpan,,,,tampered
dataset/tampered/Receipt 20_tampered.jpg,UNKNOWN,,,tampered,"light:issue, noise:AI artifact",processed_labels_arpan,,,,tampered
dataset/tampered/Receipt 22_tampered.jpg,UNKNOWN,,,tampered,"light:issue, noise:AI artifact",processed_labels_arpan,,,,tampered
dataset/tampered/Receipt 23_tampered.jpg,UNKNOWN,,,tampered,light:issue,processed_labels_arpan,,,,tampered
dataset/tampered/Receipt 24_tampered.jpg,UNKNOWN,,,tampered,"light:issue, noise:AI artifact",processed_labels_arpan,,,,tampered
dataset/tampered/Receipt 25_tampered.jpg,UNKNOWN,,,tampered,light:issue,processed_labels_arpan,,,,tampered
dataset/tampered/Receipt 26_tampered.jpg,UNKNOWN,,,tampered,"edges:issue, light:issue, noise:AI artifact",processed_labels_arpan,,,,tampered
dataset/tampered/Receipt 27_tampered.jpg,UNKNOWN,,,tampered,light:issue,processed_labels_arpan,,,,tampered
dataset/tampered/Receipt 28_tampered.jpg,UNKNOWN,,,tampered,"light:issue, noise:AI artifact",processed_labels_arpan,,,,tampered
dataset/tampered/Receipt 29_tampered.jpg,UNKNOWN,,,tampered,light:issue,processed_labels_arpan,,,,tampered
dataset/tampered/Receipt 3_tampered.jpg,UNKNOWN,,,tampered,light:issue,processed_labels_arpan,,,,tampered
dataset/tampered/Receipt 30_tampered.jpg,UNKNOWN,,,tampered,light:issue,processed_labels_arpan,,,,tampered
dataset/tampered/Receipt 31_tampered.jpg,UNKNOWN,,,tampered,"light:issue, noise:AI artifact",processed_labels_arpan,,,,tampered
dataset/tampered/Receipt 32_tampered.jpg,UNKNOWN,,,tampered,light:issue,processed_labels_arpan,,,,tampered
dataset/tampered/Receipt 33_tampered.jpg,UNKNOWN,,,tampered,light:issue,processed_labels_arpan,,,,tampered
dataset/tampered/Receipt 35_tampered.jpg,UNKNOWN,,,tampered,"light:issue, noise:AI artifact",processed_labels_arpan,,,,tampered
dataset/tampered/Receipt 36_tampered.jpg,UNKNOWN,,,tampered,light:issue,processed_labels_arpan,,,,tampered
dataset/tampered/Receipt 37_tampered.jpg,UNKNOWN,,,tampered,light:issue,processed_labels_arpan,,,,tampered
dataset/tampered/Receipt 38_tampered.jpg,UNKNOWN,,,tampered,light:issue,processed_labels_arpan,,,,tampered
dataset/tampered/Receipt 39_tampered.jpg,UNKNOWN,,,tampered,light:issue,processed_labels_arpan,,,,tampered
dataset/tampered/Receipt 4_tampered.jpg,UNKNOWN,,,tampered,light:issue,processed_labels_arpan,,,,tampered
dataset/tampered/Receipt 40_tampered.jpg,UNKNOWN,,,tampered,light:issue,processed_labels_arpan,,,,tampered
dataset/tampered/Receipt 42_tampered.jpg,UNKNOWN,,,tampered,light:issue,processed_labels_arpan,,,,tampered
dataset/tampered/Receipt 44_tampered.jpg,UNKNOWN,,,tampered,light:issue,processed_labels_arpan,,,,tampered
dataset/tampered/Receipt 45_tampered.jpg,UNKNOWN,,,tampered,light:issue,processed_labels_arpan,,,,tampered
dataset/tampered/Receipt 46_tampered.jpg,UNKNOWN,,,tampered,"light:issue, noise:AI artifact",processed_labels_arpan,,,,tampered
dataset/tampered/Receipt 47_tampered.jpg,UNKNOWN,,,tampered,light:issue,processed_labels_arpan,,,,tampered
dataset/tampered/Receipt 48_tampered.jpg,UNKNOWN,,,tampered,"light:issue, noise:AI artifact",processed_labels_arpan,,,,tampered
dataset/tampered/Receipt 49_tampered.jpg,UNKNOWN,,,tampered,light:issue,processed_labels_arpan,,,,tampered
dataset/tampered/Receipt 5_tampered.jpg,UNKNOWN,,,tampered,"light:issue, noise:AI artifact",processed_labels_arpan,,,,tampered
dataset/tampered/Receipt 50_tampered.jpg,UNKNOWN,,,tampered,light:issue,processed_labels_arpan,,,,tampered
dataset/tampered/Receipt 6_tampered.jpg,UNKNOWN,,,tampered,"edges:issue, light:issue, noise:AI artifact",processed_labels_arpan,,,,tampered
dataset/tampered/Receipt 7_tampered.jpg,UNKNOWN,,,tampered,light:issue,processed_labels_arpan,,,,tampered
dataset/tampered/Receipt 8_tampered.jpg,UNKNOWN,,,tampered,light:issue,processed_labels_arpan,,,,tampered
dataset/tampered/Receipt 9jpg_tampered.jpg,UNKNOWN,,,tampered,light:issue,processed_labels_arpan,,,,tampered
dataset/tampered/Receipt(1) 2_tampered.jpg,UNKNOWN,,,tampered,"light:issue, noise:AI artifact",processed_labels_arpan,,,,tampered
dataset/tampered/Receipt(1) 3_tampered.jpg,UNKNOWN,,,tampered,light:issue,processed_labels_arpan,,,,tampered
dataset/tampered/Receipt(1) 4_tampered.jpg,UNKNOWN,,,tampered,light:issue,processed_labels_arpan,,,,tampered
dataset/tampered/Receipt(1)_tampered.jpg,UNKNOWN,,,tampered,light:issue,processed_labels_arpan,,,,tampered
dataset/tampered/Receipt 1_tampered_v2.jpg,UNKNOWN,,,tampered,light:issue,processed_labels_arpan,,,,tampered
dataset/tampered/Receipt 10_tampered_v2.jpg,UNKNOWN,,,tampered,light:issue,processed_labels_arpan,,,,tampered
dataset/tampered/Receipt 11_tampered_v2.jpg,UNKNOWN,,,tampered,"light:issue, noise:AI artifact",processed_labels_arpan,,,,tampered
dataset/tampered/Receipt 12_tampered_v2.jpg,UNKNOWN,,,tampered,"light:issue, noise:AI artifact",processed_labels_arpan,,,,tampered
dataset/tampered/Receipt 13_tampered_v2.jpg,UNKNOWN,,,tampered,light:issue,processed_labels_arpan,,,,tampered
dataset/tampered/Receipt 14_tampered_v2.jpg,UNKNOWN,,,tampered,"light:issue, noise:AI artifact",processed_labels_arpan,,,,tampered
dataset/tampered/Receipt 15_tampered_v2.jpg,UNKNOWN,,,tampered,"light:issue, noise:AI artifact",processed_labels_arpan,,,,tampered
dataset/tampered/Receipt 16_tampered_v2.jpg,UNKNOWN,,,tampered,light:issue,processed_labels_arpan,,,,tampered
dataset/tampered/Receipt 17_tampered_v2.jpg,UNKNOWN,,,tampered,"edges:issue, light:issue, noise:AI artifact",processed_labels_arpan,,,,tampered
dataset/tampered/Receipt 18_tampered_v2.jpg,UNKNOWN,,,tampered,"light:issue, noise:AI artifact",processed_labels_arpan,,,,tampered
dataset/tampered/Receipt 19_tampered_v2.jpg,UNKNOWN,,,tampered,light:issue,processed_labels_arpan,,,,tampered
dataset/tampered/Receipt 2_tampered_v2.jpg,UNKNOWN,,,tampered,light:issue,processed_labels_arpan,,,,tampered
dataset/tampered/Receipt 20_tampered_v2.jpg,UNKNOWN,,,tampered,"edges:issue, light:issue, noise:AI artifact",processed_labels_arpan,,,,tampered
dataset/tampered/Receipt 22_tampered_v2.jpg,UNKNOWN,,,tampered,light:issue,processed_labels_arpan,,,,tampered
dataset/tampered/Receipt 23_tampered_v2.jpg,UNKNOWN,,,tampered,light:issue,processed_labels_arpan,,,,tampered
dataset/tampered/Receipt 24_tampered_v2.jpg,UNKNOWN,,,tampered,light:issue,processed_labels_arpan,,,,tampered
dataset/tampered/Receipt 25_tampered_v2.jpg,UNKNOWN,,,tampered,"light:issue, noise:AI artifact",processed_labels_arpan,,,,tampered
dataset/tampered/Receipt 26_tampered_v2.jpg,UNKNOWN,,,tampered,light:issue,processed_labels_arpan,,,,tampered
dataset/tampered/Receipt 27_tampered_v2.jpg,UNKNOWN,,,tampered,light:issue,processed_labels_arpan,,,,tampered
dataset/tampered/Receipt 28_tampered_v2.jpg,UNKNOWN,,,tampered,light:issue,processed_labels_arpan,,,,tampered
dataset/tampered/Receipt 29_tampered_v2.jpg,UNKNOWN,,,tampered,"edges:issue, light:issue",processed_labels_arpan,,,,tampered
dataset/tampered/Receipt 3_tampered_v2.jpg,UNKNOWN,,,tampered,light:issue,processed_labels_arpan,,,,tampered
dataset/tampered/Receipt 30_tampered_v2.jpg,UNKNOWN,,,tampered,light:issue,processed_labels_arpan,,,,tampered
dataset/tampered/Receipt 31_tampered_v2.jpg,UNKNOWN,,,tampered,light:issue,processed_labels_arpan,,,,tampered
dataset/tampered/Receipt 32_tampered_v2.jpg,UNKNOWN,,,tampered,light:issue,processed_labels_arpan,,,,tampered
dataset/tampered/Receipt 33_tampered_v2.jpg,UNKNOWN,,,tampered,"light:issue, noise:AI artifact",processed_labels_arpan,,,,tampered
dataset/tampered/Receipt 35_tampered_v2.jpg,UNKNOWN,,,tampered,"light:issue, noise:AI artifact",processed_labels_arpan,,,,tampered
dataset/tampered/Receipt 36_tampered_v2.jpg,UNKNOWN,,,tampered,"edges:issue, light:issue",processed_labels_arpan,,,,tampered
dataset/tampered/Receipt 37_tampered_v2.jpg,UNKNOWN,,,tampered,"light:issue, noise:AI artifact",processed_labels_arpan,,,,tampered
dataset/tampered/Receipt 38_tampered_v2.jpg,UNKNOWN,,,tampered,"light:issue, noise:AI artifact",processed_labels_arpan,,,,tampered
dataset/tampered/Receipt 39_tampered_v2.jpg,UNKNOWN,,,tampered,light:issue,processed_labels_arpan,,,,tampered
dataset/tampered/Receipt 4_tampered_v2.jpg,UNKNOWN,,,tampered,"light:issue, noise:AI artifact",processed_labels_arpan,,,,tampered
dataset/tampered/Receipt 40_tampered_v2.jpg,UNKNOWN,,,tampered,light:issue,processed_labels_arpan,,,,tampered
dataset/tampered/Receipt 42_tampered_v2.jpg,UNKNOWN,,,tampered,"light:issue, noise:AI artifact",processed_labels_arpan,,,,tampered
dataset/tampered/Receipt 44_tampered_v2.jpg,UNKNOWN,,,tampered,light:issue,processed_labels_arpan,,,,tampered
dataset/tampered/Receipt 45_tampered_v2.jpg,UNKNOWN,,,tampered,"light:issue, noise:AI artifact",processed_labels_arpan,,,,tampered
dataset/tampered/Receipt 46_tampered_v2.jpg,UNKNOWN,,,tampered,"light:issue, noise:AI artifact",processed_labels_arpan,,,,tampered
dataset/tampered/Receipt 47_tampered_v2.jpg,UNKNOWN,,,tampered,light:issue,processed_labels_arpan,,,,tampered
dataset/tampered/Receipt 48_tampered_v2.jpg,UNKNOWN,,,tampered,light:issue,processed_labels_arpan,,,,tampered
dataset/tampered/Receipt 49_tampered_v2.jpg,UNKNOWN,,,tampered,light:issue,processed_labels_arpan,,,,tampered
dataset/tampered/Receipt 5_tampered_v2.jpg,UNKNOWN,,,tampered,"light:issue, noise:AI artifact",processed_labels_arpan,,,,tampered
dataset/tampered/Receipt 50_tampered_v2.jpg,UNKNOWN,,,tampered,light:issue,processed_labels_arpan,,,,tampered
dataset/tampered/Receipt 6_tampered_v2.jpg,UNKNOWN,,,tampered,light:issue,processed_labels_arpan,,,,tampered
dataset/tampered/Receipt 7_tampered_v2.jpg,UNKNOWN,,,tampered,light:issue,processed_labels_arpan,,,,tampered
dataset/tampered/Receipt 8_tampered_v2.jpg,UNKNOWN,,,tampered,light:issue,processed_labels_arpan,,,,tampered
dataset/tampered/Receipt 9jpg_tampered_v2.jpg,UNKNOWN,,,tampered,light:issue,processed_labels_arpan,,,,tampered
dataset/tampered/Receipt(1) 2_tampered_v2.jpg,UNKNOWN,,,tampered,"light:issue, noise:AI artifact",processed_labels_arpan,,,,tampered
dataset/tampered/Receipt(1) 3_tampered_v2.jpg,UNKNOWN,,,tampered,light:issue,processed_labels_arpan,,,,tampered
dataset/tampered/Receipt(1) 4_tampered_v2.jpg,UNKNOWN,,,tampered,light:issue,processed_labels_arpan,,,,tampered
dataset/tampered/Receipt(1)_tampered_v2.jpg,UNKNOWN,,,tampered,light:issue,processed_labels_arpan,,,,tampered
dataset/indian/Receipt 1.jpg,UNKNOWN,,,genuine,"edges:issue, light:issue, noise:AI artifact",processed_labels_arpan,,,,genuine
dataset/indian/Receipt 2.jpg,UNKNOWN,,,tampered,"light:issue, noise:AI artifact",processed_labels_arpan,,,,tampered
dataset/indian/Receipt 3.jpg,UNKNOWN,,,multi_bill,light:issue,processed_labels_arpan,,,,multi_bill
dataset/indian/Receipt 4.jpg,UNKNOWN,,,multi_bill,light:issue,processed_labels_arpan,,,,multi_bill
dataset/indian/Receipt 5.jpg,UNKNOWN,,,multi_bill,light:issue,processed_labels_arpan,,,,multi_bill
dataset/indian/Receipt 6.jpg,UNKNOWN,,,multi_bill,light:issue,processed_labels_arpan,,,,multi_bill
dataset/indian/Receipt 7.jpg,UNKNOWN,,,tampered,light:issue,processed_labels_arpan,,,,tampered
dataset/indian/Receipt 8.jpg,UNKNOWN,,,multi_bill,light:issue,processed_labels_arpan,,,,multi_bill
dataset/indian/Receipt 9jpg.jpg,UNKNOWN,,,tampered,light:issue,processed_labels_arpan,,,,tampered
dataset/indian/Receipt 10.jpg,UNKNOWN,,,genuine,"edges:issue, light:issue, noise:AI artifact",processed_labels_arpan,,,,genuine
dataset/indian/Receipt 11.jpg,UNKNOWN,,,tampered,light:issue,processed_labels_arpan,,,,tampered
dataset/indian/Receipt 12.jpg,UNKNOWN,,,tampered,light:issue,processed_labels_arpan,,,,tampered
dataset/indian/Receipt 13.jpg,UNKNOWN,,,genuine,"edges:issue, light:issue, noise:AI artifact",processed_labels_arpan,,,,genuine
dataset/indian/Receipt 14.jpg,UNKNOWN,,,genuine,"edges:issue, light:issue, noise:AI artifact",processed_labels_arpan,,,,genuine
dataset/indian/Receipt 15.jpg,UNKNOWN,,,tampered,light:issue,processed_labels_arpan,,,,tampered
dataset/indian/Receipt 16.jpg,UNKNOWN,,,genuine,"edges:issue, light:issue, noise:AI artifact",processed_labels_arpan,,,,genuine
dataset/indian/Receipt 17.jpg,UNKNOWN,,,tampered,"light:issue, noise:AI artifact",processed_labels_arpan,,,,tampered
dataset/indian/Receipt 18.jpg,UNKNOWN,,,genuine,"light:issue, noise:AI artifact",processed_labels_arpan,,,,genuine
dataset/indian/Receipt 19.jpg,UNKNOWN,,,tampered,"edges:issue, light:issue",processed_labels_arpan,,,,tampered
dataset/indian/Receipt 20.jpg,UNKNOWN,,,genuine,"edges:issue, light:issue, noise:AI artifact",processed_labels_arpan,,,,genuine
dataset/indian/Receipt 21.jpg,UNKNOWN,,,tampered,light:issue,processed_labels_arpan,,,,tampered
dataset/indian/Receipt 22.jpg,UNKNOWN,,,genuine,"edges:issue, light:issue, noise:AI artifact",processed_labels_arpan,,,,genuine
dataset/indian/Receipt 23.jpg,UNKNOWN,,,genuine,"light:issue, noise:AI artifact",processed_labels_arpan,,,,genuine
dataset/indian/Receipt 24.jpg,UNKNOWN,,,tampered,light:issue,processed_labels_arpan,,,,tampered
dataset/indian/Receipt 25.jpg,UNKNOWN,,,genuine,"edges:issue, light:issue, noise:AI artifact",processed_labels_arpan,,,,genuine
dataset/indian/Receipt 26.jpg,UNKNOWN,,,tampered,light:issue,processed_labels_arpan,,,,tampered
dataset/indian/Receipt 27.jpg,UNKNOWN,,,genuine,"edges:issue, light:issue, noise:AI artifact",processed_labels_arpan,,,,genuine
dataset/indian/Receipt 28.jpg,UNKNOWN,,,genuine,"light:issue, noise:AI artifact",processed_labels_arpan,,,,genuine
dataset/indian/Receipt 29.jpg,UNKNOWN,,,genuine,"edges:issue, light:issue, noise:AI artifact",processed_labels_arpan,,,,genuine
dataset/indian/Receipt 30.jpg,UNKNOWN,,,genuine,"edges:issue, light:issue, noise:AI artifact",processed_labels_arpan,,,,genuine
dataset/indian/Receipt 31.jpg,UNKNOWN,,,genuine,"edges:issue, light:issue, noise:AI artifact",processed_labels_arpan,,,,genuine
dataset/indian/Receipt 32.jpg,UNKNOWN,,,genuine,"edges:issue, light:issue, noise:AI artifact",processed_labels_arpan,,,,genuine
dataset/indian/Receipt 33.jpg,UNKNOWN,,,tampered,"light:issue, noise:AI artifact",processed_labels_arpan,,,,tampered
dataset/indian/Receipt 34.jpg,UNKNOWN,,,tampered,"light:issue, noise:AI artifact",processed_labels_arpan,,,,tampered
dataset/indian/Receipt 35.jpg,UNKNOWN,,,genuine,"edges:issue, light:issue, noise:AI artifact",processed_labels_arpan,,,,genuine
dataset/indian/Receipt 36.jpg,UNKNOWN,,,genuine,"edges:issue, light:issue, noise:AI artifact",processed_labels_arpan,,,,genuine
dataset/indian/Receipt 37.jpg,UNKNOWN,,,tampered,"edges:issue, light:issue, noise:AI artifact",processed_labels_arpan,,,,tampered
dataset/indian/Receipt 38.jpg,UNKNOWN,,,genuine,"light:issue, noise:AI artifact",processed_labels_arpan,,,,genuine
dataset/indian/Receipt 39.jpg,UNKNOWN,,,genuine,"light:issue, noise:AI artifact",processed_labels_arpan,,,,genuine
dataset/indian/Receipt 40.jpg,UNKNOWN,,,tampered,light:issue,processed_labels_arpan,,,,tampered
dataset/indian/Receipt 41.jpg,UNKNOWN,,,handwritten,"edges:issue, light:issue, noise:AI artifact",processed_labels_arpan,,,,handwritten
dataset/indian/Receipt 42.jpg,UNKNOWN,,,tampered,"light:issue, noise:AI artifact",processed_labels_arpan,,,,tampered
dataset/indian/Receipt 43.jpg,UNKNOWN,,,tampered,light:issue,processed_labels_arpan,,,,tampered
dataset/indian/Receipt 44.jpg,UNKNOWN,,,tampered,light:issue,processed_labels_arpan,,,,tampered
dataset/indian/Receipt 45.jpg,UNKNOWN,,,tampered,"light:issue, noise:AI artifact",processed_labels_arpan,,,,tampered
dataset/indian/Receipt 46.jpg,UNKNOWN,,,genuine,"edges:issue, light:issue, noise:AI artifact",processed_labels_arpan,,,,genuine
dataset/indian/Receipt 47.jpg,UNKNOWN,,,genuine,"edges:issue, light:issue, noise:AI artifact",processed_labels_arpan,,,,genuine
dataset/indian/Receipt 48.jpg,UNKNOWN,,,tampered,"light:issue, noise:AI artifact",processed_labels_arpan,,,,tampered
dataset/indian/Receipt 49.jpg,UNKNOWN,,,tampered,light:issue,processed_labels_arpan,,,,tampered
dataset/indian/Receipt 50.jpg,UNKNOWN,,,tampered,light:issue,processed_labels_arpan,,,,tampered
dataset/indian/Receipt 51.pdf,UNKNOWN,,,genuine,"edges:issue, light:issue, noise:AI artifact",processed_labels_arpan,,,,genuine
dataset/indian/Receipt 52.pdf,UNKNOWN,,,genuine,"edges:issue, light:issue, noise:AI artifact",processed_labels_arpan,,,,genuine
dataset/indian/Receipt 53 pdf.pdf,UNKNOWN,,,genuine,"light:issue, noise:AI artifact",processed_labels_arpan,,,,genuine
dataset/indian/Receipt 54.pdf,UNKNOWN,,,genuine,"light:issue, noise:AI artifact",processed_labels_arpan,,,,genuine
dataset/indian/Receipt 55 pdf.pdf,UNKNOWN,,,genuine,"edges:issue, light:issue, noise:AI artifact",processed_labels_arpan,,,,genuine
dataset/indian/Receipt 56.pdf,UNKNOWN,,,genuine,"light:issue, noise:AI artifact",processed_labels_arpan,,,,genuine
dataset/indian/Receipt 57.pdf,UNKNOWN,,,genuine,"light:issue, noise:AI artifact",processed_labels_arpan,,,,genuine
dataset/indian/Receipt 58.jpg,UNKNOWN,,,genuine,"light:issue, noise:AI artifact",processed_labels_arpan,,,,genuine
dataset/indian/Receipt 59.jpg,UNKNOWN,,,genuine,"edges:issue, light:issue, noise:AI artifact",processed_labels_arpan,,,,genuine
dataset/indian/Receipt 60.jpg,UNKNOWN,,,genuine,"edges:issue, light:issue, noise:AI artifact",processed_labels_arpan,,,,genuine
dataset/indian/Receipt 61.jpg,UNKNOWN,,,genuine,"light:issue, noise:AI artifact",processed_labels_arpan,,,,genuine
dataset/indian/Receipt 62.jpg,UNKNOWN,,,genuine,"edges:issue, light:issue, noise:AI artifact",processed_labels_arpan,,,,genuine
dataset/indian/Receipt 63.jpg,UNKNOWN,,,genuine,"edges:issue, light:issue, noise:AI artifact",processed_labels_arpan,,,,genuine
dataset/indian/Receipt 64.jpg,UNKNOWN,,,genuine,"light:issue, noise:AI artifact",processed_labels_arpan,,,,genuine
dataset/indian/Receipt 65.jpg,UNKNOWN,,,tampered,light:issue,processed_labels_arpan,,,,tampered
dataset/indian/Receipt 66.pdf,UNKNOWN,,,genuine,"edges:issue, light:issue, noise:AI artifact",processed_labels_arpan,,,,genuine
dataset/indian/Receipt 67.pdf,UNKNOWN,,,tampered,light:issue,processed_labels_arpan,,,,tampered
dataset/indian/Receipt 68.pdf,UNKNOWN,,,genuine,"edges:issue, light:issue, noise:AI artifact",processed_labels_arpan,,,,genuine
dataset/indian/Receipt 69.pdf,UNKNOWN,,,genuine,"edges:issue, light:issue, noise:AI artifact",processed_labels_arpan,,,,genuine
dataset/indian/Receipt 70.pdf,UNKNOWN,,,genuine,"edges:issue, light:issue, noise:AI artifact",processed_labels_arpan,,,,genuine
dataset/indian/Receipt 71.pdf,UNKNOWN,,,genuine,"edges:issue, light:issue, noise:AI artifact",processed_labels_arpan,,,,genuine
dataset/indian/Receipt 72.pdf,UNKNOWN,,,genuine,"edges:issue, light:issue, noise:AI artifact",processed_labels_arpan,,,,genuine
dataset/indian/Receipt 73.pdf,UNKNOWN,,,genuine,"edges:issue, light:issue, noise:AI artifact",processed_labels_arpan,,,,genuine
dataset/indian/Receipt 74.pdf,UNKNOWN,,,tampered,light:issue,processed_labels_arpan,,,,tampered
dataset/indian/Receipt 75.pdf,UNKNOWN,,,genuine,"edges:issue, light:issue, noise:AI artifact",processed_labels_arpan,,,,genuine
dataset/indian/Receipt 76.pdf,UNKNOWN,,,genuine,"edges:issue, light:issue, noise:AI artifact",processed_labels_arpan,,,,genuine
dataset/indian/Receipt 77.pdf,UNKNOWN,,,genuine,"edges:issue, light:issue, noise:AI artifact",processed_labels_arpan,,,,genuine
dataset/indian/Receipt 78.pdf,UNKNOWN,,,genuine,"light:issue, noise:AI artifact",processed_labels_arpan,,,,genuine
dataset/indian/Receipt 79.pdf,UNKNOWN,,,genuine,"light:issue, noise:AI artifact",processed_labels_arpan,,,,genuine
dataset/indian/Receipt 80.pdf,UNKNOWN,,,tampered,"light:issue, noise:AI artifact",processed_labels_arpan,,,,tampered
dataset/indian/Receipt 81.pdf,UNKNOWN,,,tampered,"light:issue, noise:AI artifact",processed_labels_arpan,,,,tampered
dataset/indian/Receipt 82.jpg,UNKNOWN,,,genuine,"edges:issue, light:issue, noise:AI artifact",processed_labels_arpan,,,,genuine
dataset/indian/Receipt 83.jpg,UNKNOWN,,,tampered,"light:issue, noise:AI artifact",processed_labels_arpan,,,,tampered
dataset/indian/Receipt 84.jpg,UNKNOWN,,,genuine,"edges:issue, light:issue, noise:AI artifact",processed_labels_arpan,,,,genuine
dataset/indian/Receipt 85.jpg,UNKNOWN,,,genuine,"light:issue, noise:AI artifact",processed_labels_arpan,,,,genuine
dataset/indian/Receipt 86.jpg,UNKNOWN,,,genuine,"edges:issue, light:issue, noise:AI artifact",processed_labels_arpan,,,,genuine
dataset/indian/Receipt 87.jpg,UNKNOWN,,,genuine,"light:issue, noise:AI artifact",processed_labels_arpan,,,,genuine
dataset/indian/Receipt 88.jpg,UNKNOWN,,,tampered,"light:issue, noise:AI artifact",processed_labels_arpan,,,,tampered
dataset/indian/Receipt 89.jpg,UNKNOWN,,,genuine,"light:issue, noise:AI artifact",processed_labels_arpan,,,,genuine
dataset/indian/Receipt 90.jpg,UNKNOWN,,,genuine,"edges:issue, light:issue, noise:AI artifact",processed_labels_arpan,,,,genuine
dataset/indian/Receipt 91.jpg,UNKNOWN,,,genuine,"edges:issue, light:issue, noise:AI artifact",processed_labels_arpan,,,,genuine
dataset/indian/Receipt 92.jpg,UNKNOWN,,,genuine,"edges:issue, light:issue, noise:AI artifact",processed_labels_arpan,,,,genuine
dataset/indian/Receipt 93.jpg,UNKNOWN,,,genuine,"edges:issue, light:issue, noise:AI artifact",processed_labels_arpan,,,,genuine
dataset/indian/Receipt 94.jpg,UNKNOWN,,,genuine,"edges:issue, light:issue, noise:AI artifact",processed_labels_arpan,,,,genuine
dataset/indian/Receipt 95.jpg,UNKNOWN,,,genuine,"edges:issue, light:issue, noise:AI artifact",processed_labels_arpan,,,,genuine
dataset/indian/Receipt 96.jpg,UNKNOWN,,,genuine,"light:issue, noise:AI artifact",processed_labels_arpan,,,,genuine
dataset/indian/Receipt 97.jpg,UNKNOWN,,,genuine,"edges:issue, light:issue, noise:AI artifact",processed_labels_arpan,,,,genuine
dataset/indian/Receipt 98.jpg,UNKNOWN,,,genuine,"edges:issue, light:issue, noise:AI artifact",processed_labels_arpan,,,,genuine
dataset/indian/Receipt 99.jpg,UNKNOWN,,,genuine,"edges:issue, light:issue, noise:AI artifact",processed_labels_arpan,,,,genuine
dataset/indian/Receipt 100.jpg,UNKNOWN,,,genuine,"edges:issue, light:issue, noise:AI artifact",processed_labels_arpan,,,,genuine
